Name,Closet Image,Storage Image,Variation,DIY,Buy,Sell,HHA Base Points,Color 1,Color 2,Size,Miles Price,Source,Source Notes,Seasonal Availability,Mannequin Piece,Style,Sort Order,Label Themes,Type,Villager Equippable,Catalog,Version Added,Version Unlocked,Filename,ClothGroup ID,Internal ID,Unique Entry ID
3D glasses,https://acnhcdn.com/latest/ClosetIcon/AccessoryGlassThreed0.png,https://acnhcdn.com/latest/FtrIcon/AccessoryGlassThreed0.png,White,No,490.0,122.0,51.0,White,Colorful,1x1,NA,Able Sisters,Available from Able Sisters shop only,All Year,No,Active,1.0,party,AccessoryEye,Yes,For sale,1.0.0,1.0.0,AccessoryGlassThreed0,386.0,4463.0,FNxEraBTeWRiCvtFu
3D glasses,https://acnhcdn.com/latest/ClosetIcon/AccessoryGlassThreed1.png,https://acnhcdn.com/latest/FtrIcon/AccessoryGlassThreed1.png,Black,No,490.0,122.0,51.0,Black,Colorful,1x1,NA,Able Sisters,Available from Able Sisters shop only,All Year,No,Active,2.0,party,AccessoryEye,Yes,For sale,1.0.0,1.0.0,AccessoryGlassThreed1,386.0,11020.0,mM9SXPCcGPfPJAmtm
bandage,https://acnhcdn.com/latest/ClosetIcon/AccessoryMouthBandageSkin.png,https://acnhcdn.com/latest/FtrIcon/AccessoryMouthBandageSkin.png,NA,No,140.0,35.0,51.0,Beige,White,1x1,NA,Able Sisters,Available from either Mabel's temporary shop or Able Sisters shop,All Year,Yes,Active,1.0,outdoorsy; comfy; sporty,AccessoryMouth,No,For sale,1.0.0,1.0.0,AccessoryMouthBandageSkin,503.0,4677.0,2qFT5iPkk8bREvpkj
beak,https://acnhcdn.com/latest/ClosetIcon/AccessoryMouthBeakYellow.png,https://acnhcdn.com/latest/FtrIcon/AccessoryMouthBeakYellow.png,NA,No,490.0,122.0,51.0,Yellow,Yellow,1x1,NA,Able Sisters,Available from either Mabel's temporary shop or Able Sisters shop,All Year,Yes,Cute,1.0,fairy tale; party; theatrical,AccessoryMouthInvisibleNose,No,For sale,1.0.0,1.0.0,AccessoryMouthBeakYellow,184.0,3549.0,T5CpsJi4xBSachNL5
birthday shades,https://acnhcdn.com/latest/ClosetIcon/AccessoryGlassBirthday2.png,https://acnhcdn.com/latest/FtrIcon/AccessoryGlassBirthday2.png,Red,No,NFS,620.0,573.0,Red,Pink,1x1,NA,Birthday,,All Year,No,Gorgeous,1.0,party,AccessoryEye,Yes,Not for sale,1.0.0,1.0.0,AccessoryGlassBirthday2,415.0,11218.0,ojXoAAj8Bs2XgRiWB
birthday shades,https://acnhcdn.com/latest/ClosetIcon/AccessoryGlassBirthday1.png,https://acnhcdn.com/latest/FtrIcon/AccessoryGlassBirthday1.png,Pink,No,NFS,620.0,573.0,Pink,Pink,1x1,NA,Birthday,,All Year,No,Gorgeous,2.0,party,AccessoryEye,Yes,Not for sale,1.0.0,1.0.0,AccessoryGlassBirthday1,415.0,11217.0,g3MPcmAKM4z5h8KYX
birthday shades,https://acnhcdn.com/latest/ClosetIcon/AccessoryGlassBirthday0.png,https://acnhcdn.com/latest/FtrIcon/AccessoryGlassBirthday0.png,Yellow,No,NFS,620.0,573.0,Yellow,Red,1x1,NA,Birthday,,All Year,No,Gorgeous,3.0,party,AccessoryEye,Yes,Not for sale,1.0.0,1.0.0,AccessoryGlassBirthday0,415.0,4510.0,S6CiB9ZvzBTMhEnDz
birthday shades,https://acnhcdn.com/latest/ClosetIcon/AccessoryGlassBirthday3.png,https://acnhcdn.com/latest/FtrIcon/AccessoryGlassBirthday3.png,Blue,No,NFS,620.0,573.0,Light blue,Green,1x1,NA,Birthday,,All Year,No,Gorgeous,4.0,party,AccessoryEye,Yes,Not for sale,1.0.0,1.0.0,AccessoryGlassBirthday3,415.0,11219.0,Yr9mRJaZM44554oTS
bottom-rimmed glasses,https://acnhcdn.com/latest/ClosetIcon/AccessoryGlassLoose6.png,https://acnhcdn.com/latest/FtrIcon/AccessoryGlassLoose6.png,Black,No,1100.0,275.0,51.0,Black,Black,1x1,NA,Able Sisters,Available from Able Sisters shop only,All Year,No,Simple,1.0,everyday; comfy; work,AccessoryEye,Yes,For sale,1.0.0,1.0.0,AccessoryGlassLoose6,463.0,11086.0,eT6KLntq43nCGFvB9
bottom-rimmed glasses,https://acnhcdn.com/latest/ClosetIcon/AccessoryGlassLoose0.png,https://acnhcdn.com/latest/FtrIcon/AccessoryGlassLoose0.png,Red,No,1100.0,275.0,51.0,Red,Red,1x1,NA,Able Sisters,Available from Able Sisters shop only,All Year,No,Simple,2.0,everyday; comfy; work,AccessoryEye,Yes,For sale,1.0.0,1.0.0,AccessoryGlassLoose0,463.0,4597.0,ZHqtvcoqqDpJLf9Pc
bottom-rimmed glasses,https://acnhcdn.com/latest/ClosetIcon/AccessoryGlassLoose5.png,https://acnhcdn.com/latest/FtrIcon/AccessoryGlassLoose5.png,Pink,No,1100.0,275.0,51.0,Pink,Pink,1x1,NA,Able Sisters,Available from Able Sisters shop only,All Year,Yes,Simple,3.0,everyday; comfy; work,AccessoryEye,Yes,For sale,1.0.0,1.0.0,AccessoryGlassLoose5,463.0,11085.0,zpzD4NjApEyazKyKt
bottom-rimmed glasses,https://acnhcdn.com/latest/ClosetIcon/AccessoryGlassLoose4.png,https://acnhcdn.com/latest/FtrIcon/AccessoryGlassLoose4.png,Yellow,No,1100.0,275.0,51.0,Yellow,Yellow,1x1,NA,Able Sisters,Available from Able Sisters shop only,All Year,Yes,Simple,4.0,everyday; comfy; work,AccessoryEye,Yes,For sale,1.0.0,1.0.0,AccessoryGlassLoose4,463.0,11084.0,w7bEbAGSQTvur6D6f
bottom-rimmed glasses,https://acnhcdn.com/latest/ClosetIcon/AccessoryGlassLoose2.png,https://acnhcdn.com/latest/FtrIcon/AccessoryGlassLoose2.png,Green,No,1100.0,275.0,51.0,Green,Green,1x1,NA,Able Sisters,Available from Able Sisters shop only,All Year,No,Simple,5.0,everyday; comfy; work,AccessoryEye,Yes,For sale,1.0.0,1.0.0,AccessoryGlassLoose2,463.0,11082.0,EtxJZDCgnqjWkETqK
bottom-rimmed glasses,https://acnhcdn.com/latest/ClosetIcon/AccessoryGlassLoose3.png,https://acnhcdn.com/latest/FtrIcon/AccessoryGlassLoose3.png,Blue,No,1100.0,275.0,51.0,Blue,Blue,1x1,NA,Able Sisters,Available from Able Sisters shop only,All Year,No,Simple,6.0,everyday; comfy; work,AccessoryEye,Yes,For sale,1.0.0,1.0.0,AccessoryGlassLoose3,463.0,11083.0,LEbiXtkHoiEMEtjWK
bottom-rimmed glasses,https://acnhcdn.com/latest/ClosetIcon/AccessoryGlassLoose1.png,https://acnhcdn.com/latest/FtrIcon/AccessoryGlassLoose1.png,Purple,No,1100.0,275.0,51.0,Purple,Purple,1x1,NA,Able Sisters,Available from Able Sisters shop only,All Year,No,Simple,7.0,everyday; comfy; work,AccessoryEye,Yes,For sale,1.0.0,1.0.0,AccessoryGlassLoose1,463.0,11081.0,akRhFD3qeJEPM7WiD
browline glasses,https://acnhcdn.com/latest/ClosetIcon/AccessoryGlassThurmont3.png,https://acnhcdn.com/latest/FtrIcon/AccessoryGlassThurmont3.png,Gray,No,1040.0,260.0,51.0,Gray,Yellow,1x1,NA,Able Sisters,Available from Able Sisters shop only,All Year,No,Simple,1.0,everyday; formal,AccessoryEye,Yes,For sale,1.0.0,1.0.0,AccessoryGlassThurmont3,260.0,11071.0,R9rDoMEzPcBw75hLE
browline glasses,https://acnhcdn.com/latest/ClosetIcon/AccessoryGlassThurmont0.png,https://acnhcdn.com/latest/FtrIcon/AccessoryGlassThurmont0.png,Black,No,1040.0,260.0,51.0,Black,Yellow,1x1,NA,Able Sisters,Available from Able Sisters shop only,All Year,Yes,Simple,2.0,everyday; formal,AccessoryEye,Yes,For sale,1.0.0,1.0.0,AccessoryGlassThurmont0,260.0,4238.0,gHxascFKEJNrLCtD9
browline glasses,https://acnhcdn.com/latest/ClosetIcon/AccessoryGlassThurmont2.png,https://acnhcdn.com/latest/FtrIcon/AccessoryGlassThurmont2.png,Green,No,1040.0,260.0,51.0,Green,Gray,1x1,NA,Able Sisters,Available from Able Sisters shop only,All Year,No,Simple,3.0,everyday; formal,AccessoryEye,Yes,For sale,1.0.0,1.0.0,AccessoryGlassThurmont2,260.0,11070.0,f6h8aqEufzizYBWiH
browline glasses,https://acnhcdn.com/latest/ClosetIcon/AccessoryGlassThurmont1.png,https://acnhcdn.com/latest/FtrIcon/AccessoryGlassThurmont1.png,Brown,No,1040.0,260.0,51.0,Brown,Yellow,1x1,NA,Able Sisters,Available from Able Sisters shop only,All Year,Yes,Simple,4.0,everyday; formal,AccessoryEye,Yes,For sale,1.0.0,1.0.0,AccessoryGlassThurmont1,260.0,11069.0,9iqmzMJiAeQMBN3pk
bubblegum,https://acnhcdn.com/latest/ClosetIcon/AccessoryMouthBubblegum4.png,https://acnhcdn.com/latest/FtrIcon/AccessoryMouthBubblegum4.png,White,No,140.0,35.0,51.0,White,White,1x1,NA,Able Sisters,Available from either Mabel's temporary shop or Able Sisters shop,All Year,No,Simple,1.0,comfy,AccessoryMouth,No,For sale,1.0.0,1.0.0,AccessoryMouthBubblegum4,856.0,11030.0,r9N2a2TYhvXBKiihn
bubblegum,https://acnhcdn.com/latest/ClosetIcon/AccessoryMouthBubblegum0.png,https://acnhcdn.com/latest/FtrIcon/AccessoryMouthBubblegum0.png,Pink,No,140.0,35.0,51.0,Pink,Pink,1x1,NA,Able Sisters,Available from either Mabel's temporary shop or Able Sisters shop,All Year,No,Simple,2.0,comfy,AccessoryMouth,No,For sale,1.0.0,1.0.0,AccessoryMouthBubblegum0,856.0,5738.0,4SLmXuCkS4eBjPbLn
bubblegum,https://acnhcdn.com/latest/ClosetIcon/AccessoryMouthBubblegum2.png,https://acnhcdn.com/latest/FtrIcon/AccessoryMouthBubblegum2.png,Yellow,No,140.0,35.0,51.0,Yellow,Yellow,1x1,NA,Able Sisters,Available from either Mabel's temporary shop or Able Sisters shop,All Year,Yes,Simple,3.0,comfy,AccessoryMouth,No,For sale,1.0.0,1.0.0,AccessoryMouthBubblegum2,856.0,11028.0,79zoWzHvMBJYcwuAy
bubblegum,https://acnhcdn.com/latest/ClosetIcon/AccessoryMouthBubblegum3.png,https://acnhcdn.com/latest/FtrIcon/AccessoryMouthBubblegum3.png,Green,No,140.0,35.0,51.0,Green,Green,1x1,NA,Able Sisters,Available from either Mabel's temporary shop or Able Sisters shop,All Year,No,Simple,4.0,comfy,AccessoryMouth,No,For sale,1.0.0,1.0.0,AccessoryMouthBubblegum3,856.0,11029.0,F3PoMop5MGyaxtKjZ
bubblegum,https://acnhcdn.com/latest/ClosetIcon/AccessoryMouthBubblegum1.png,https://acnhcdn.com/latest/FtrIcon/AccessoryMouthBubblegum1.png,Blue,No,140.0,35.0,51.0,Light blue,Light blue,1x1,NA,Able Sisters,Available from either Mabel's temporary shop or Able Sisters shop,All Year,No,Simple,5.0,comfy,AccessoryMouth,No,For sale,1.0.0,1.0.0,AccessoryMouthBubblegum1,856.0,11027.0,9wWYKTtMdo9pWqfsM
bunny nose,https://acnhcdn.com/latest/ClosetIcon/AccessoryMouthRabbit2.png,https://acnhcdn.com/latest/FtrIcon/AccessoryMouthRabbit2.png,White,No,560.0,140.0,51.0,White,Red,1x1,NA,Able Sisters,Available from Able Sisters shop only,All Year,No,Cute,1.0,fairy tale; party; theatrical,AccessoryMouthInvisibleNose,No,For sale,1.0.0,1.0.0,AccessoryMouthRabbit2,466.0,11024.0,ci8RKqDmqS5wD3W5k
bunny nose,https://acnhcdn.com/latest/ClosetIcon/AccessoryMouthRabbit0.png,https://acnhcdn.com/latest/FtrIcon/AccessoryMouthRabbit0.png,Pink,No,560.0,140.0,51.0,Pink,Pink,1x1,NA,Able Sisters,Available from Able Sisters shop only,All Year,No,Cute,2.0,fairy tale; party; theatrical,AccessoryMouthInvisibleNose,No,For sale,1.0.0,1.0.0,AccessoryMouthRabbit0,466.0,4600.0,bxWYgcp2YKCdKe8Cr
bunny nose,https://acnhcdn.com/latest/ClosetIcon/AccessoryMouthRabbit1.png,https://acnhcdn.com/latest/FtrIcon/AccessoryMouthRabbit1.png,Yellow,No,560.0,140.0,51.0,Yellow,Orange,1x1,NA,Able Sisters,Available from Able Sisters shop only,All Year,No,Cute,3.0,fairy tale; party; theatrical,AccessoryMouthInvisibleNose,No,For sale,1.0.0,1.0.0,AccessoryMouthRabbit1,466.0,11023.0,y6Dp62aNQn5ixvkwf
butterfly shades,https://acnhcdn.com/latest/ClosetIcon/AccessoryGlassButterfly0.png,https://acnhcdn.com/latest/FtrIcon/AccessoryGlassButterfly0.png,Blue,No,1040.0,260.0,51.0,Black,Blue,1x1,NA,Able Sisters,Available from either Mabel's temporary shop or Able Sisters shop,All Year,Yes,Cool,1.0,outdoorsy,AccessoryEye,Yes,For sale,1.0.0,1.0.0,AccessoryGlassButterfly0,474.0,4608.0,WjbaLp9JbBGYRrb6K
butterfly shades,https://acnhcdn.com/latest/ClosetIcon/AccessoryGlassButterfly1.png,https://acnhcdn.com/latest/FtrIcon/AccessoryGlassButterfly1.png,Red,No,1040.0,260.0,51.0,Red,Brown,1x1,NA,Able Sisters,Available from either Mabel's temporary shop or Able Sisters shop,All Year,Yes,Cool,2.0,outdoorsy,AccessoryEye,Yes,For sale,1.0.0,1.0.0,AccessoryGlassButterfly1,474.0,11503.0,AZrrNvHghPTHobKL4
butterfly shades,https://acnhcdn.com/latest/ClosetIcon/AccessoryGlassButterfly2.png,https://acnhcdn.com/latest/FtrIcon/AccessoryGlassButterfly2.png,Brown,No,1040.0,260.0,51.0,Brown,Brown,1x1,NA,Able Sisters,Available from either Mabel's temporary shop or Able Sisters shop,All Year,No,Cool,3.0,outdoorsy,AccessoryEye,Yes,For sale,1.0.0,1.0.0,AccessoryGlassButterfly2,474.0,11504.0,rz3Pgs5XGNiQFa3t4
candy-skull mask,https://acnhcdn.com/latest/ClosetIcon/AccessoryGlassmouthCatrina1.png,https://acnhcdn.com/latest/FtrIcon/AccessoryGlassmouthCatrina1.png,Orange,No,NFS,800.0,451.0,White,Orange,1x1,NA,Gulliver,,All Year,No,Gorgeous,1.0,formal; party; theatrical,AccessoryEyeMouthInvisibleNose,No,Not for sale,1.0.0,1.0.0,AccessoryGlassmouthCatrina1,819.0,11169.0,xyQdqFuAkXkNs9qQ5
candy-skull mask,https://acnhcdn.com/latest/ClosetIcon/AccessoryGlassmouthCatrina2.png,https://acnhcdn.com/latest/FtrIcon/AccessoryGlassmouthCatrina2.png,Blue,No,NFS,800.0,451.0,White,Light blue,1x1,NA,Gulliver,,All Year,No,Gorgeous,2.0,formal; party; theatrical,AccessoryEyeMouthInvisibleNose,No,Not for sale,1.0.0,1.0.0,AccessoryGlassmouthCatrina2,819.0,11170.0,fev4af8sNdggceyW9
candy-skull mask,https://acnhcdn.com/latest/ClosetIcon/AccessoryGlassmouthCatrina0.png,https://acnhcdn.com/latest/FtrIcon/AccessoryGlassmouthCatrina0.png,Purple,No,NFS,800.0,451.0,White,Purple,1x1,NA,Gulliver,,All Year,No,Gorgeous,3.0,formal; party; theatrical,AccessoryEyeMouthInvisibleNose,No,Not for sale,1.0.0,1.0.0,AccessoryGlassmouthCatrina0,819.0,5666.0,GT3LzQZKg29riohcP
cat nose,https://acnhcdn.com/latest/ClosetIcon/AccessoryMouthCat0.png,https://acnhcdn.com/latest/FtrIcon/AccessoryMouthCat0.png,White,No,560.0,140.0,51.0,White,Pink,1x1,NA,Able Sisters,Available from Able Sisters shop only,All Year,No,Cute,1.0,fairy tale; party; theatrical,AccessoryMouthInvisibleNose,No,For sale,1.0.0,1.0.0,AccessoryMouthCat0,397.0,4483.0,45Muns9ig4dqrsFF7
cat nose,https://acnhcdn.com/latest/ClosetIcon/AccessoryMouthCat2.png,https://acnhcdn.com/latest/FtrIcon/AccessoryMouthCat2.png,Navy blue,No,560.0,140.0,51.0,Blue,Black,1x1,NA,Able Sisters,Available from Able Sisters shop only,All Year,No,Cute,2.0,fairy tale; party; theatrical,AccessoryMouthInvisibleNose,No,For sale,1.0.0,1.0.0,AccessoryMouthCat2,397.0,11022.0,ywdWXRcwKJNMMxDyj
cat nose,https://acnhcdn.com/latest/ClosetIcon/AccessoryMouthCat1.png,https://acnhcdn.com/latest/FtrIcon/AccessoryMouthCat1.png,Brown,No,560.0,140.0,51.0,Brown,Beige,1x1,NA,Able Sisters,Available from Able Sisters shop only,All Year,No,Cute,3.0,fairy tale; party; theatrical,AccessoryMouthInvisibleNose,No,For sale,1.0.0,1.0.0,AccessoryMouthCat1,397.0,11021.0,CXDCEFzBdv8DwkCyM
cucumber pack,https://acnhcdn.com/latest/ClosetIcon/AccessoryMouthCucumber.png,https://acnhcdn.com/latest/FtrIcon/AccessoryMouthCucumber.png,NA,No,490.0,122.0,51.0,Green,Green,1x1,NA,Able Sisters,Available from either Mabel's temporary shop or Able Sisters shop,All Year,Yes,Simple,1.0,comfy,AccessoryMouth,No,For sale,1.0.0,1.0.0,AccessoryMouthCucumber,405.0,4491.0,MhbCBrYX5fHxZWDuA
curly mustache,https://acnhcdn.com/latest/ClosetIcon/AccessoryMouthRollingmustacheBlack.png,https://acnhcdn.com/latest/FtrIcon/AccessoryMouthRollingmustacheBlack.png,NA,No,700.0,175.0,51.0,Colorful,Colorful,1x1,NA,Able Sisters,Available from Able Sisters shop only,All Year,No,Simple,1.0,fairy tale; formal; party,AccessoryMouthEarJaw,No,For sale,1.0.0,1.0.0,AccessoryMouthRollingmustacheBlack,498.0,4672.0,9tyCrNPeibcu5NLo8
cyber shades,https://acnhcdn.com/latest/ClosetIcon/AccessoryGlassCyber2.png,https://acnhcdn.com/latest/FtrIcon/AccessoryGlassCyber2.png,Silver,No,1300.0,325.0,51.0,Gray,Black,1x1,NA,Able Sisters,Available from Able Sisters shop only,All Year,No,Active,1.0,party; theatrical,AccessoryEye,Yes,For sale,1.0.0,1.0.0,AccessoryGlassCyber2,433.0,11499.0,AKakpCweRnd5hAsRB
cyber shades,https://acnhcdn.com/latest/ClosetIcon/AccessoryGlassCyber1.png,https://acnhcdn.com/latest/FtrIcon/AccessoryGlassCyber1.png,Black,No,1300.0,325.0,51.0,Black,Black,1x1,NA,Able Sisters,Available from Able Sisters shop only,All Year,No,Active,2.0,party; theatrical,AccessoryEye,Yes,For sale,1.0.0,1.0.0,AccessoryGlassCyber1,433.0,11498.0,67BAc4y8aADafp9Xk
cyber shades,https://acnhcdn.com/latest/ClosetIcon/AccessoryGlassCyber0.png,https://acnhcdn.com/latest/FtrIcon/AccessoryGlassCyber0.png,Red,No,1300.0,325.0,51.0,Red,Black,1x1,NA,Able Sisters,Available from Able Sisters shop only,All Year,No,Active,3.0,party; theatrical,AccessoryEye,Yes,For sale,1.0.0,1.0.0,AccessoryGlassCyber0,433.0,4552.0,3YPuxxPLkzwwNQMQd
cyber shades,https://acnhcdn.com/latest/ClosetIcon/AccessoryGlassCyber5.png,https://acnhcdn.com/latest/FtrIcon/AccessoryGlassCyber5.png,Yellow,No,1300.0,325.0,51.0,Yellow,Black,1x1,NA,Able Sisters,Available from Able Sisters shop only,All Year,No,Active,4.0,party; theatrical,AccessoryEye,Yes,For sale,1.0.0,1.0.0,AccessoryGlassCyber5,433.0,11502.0,5pk9ZMDGsEzLqp24L
cyber shades,https://acnhcdn.com/latest/ClosetIcon/AccessoryGlassCyber4.png,https://acnhcdn.com/latest/FtrIcon/AccessoryGlassCyber4.png,Green,No,1300.0,325.0,51.0,Green,Black,1x1,NA,Able Sisters,Available from Able Sisters shop only,All Year,No,Active,5.0,party; theatrical,AccessoryEye,Yes,For sale,1.0.0,1.0.0,AccessoryGlassCyber4,433.0,11501.0,9izTCDGHSpqWrQp6T
cyber shades,https://acnhcdn.com/latest/ClosetIcon/AccessoryGlassCyber3.png,https://acnhcdn.com/latest/FtrIcon/AccessoryGlassCyber3.png,Purple,No,1300.0,325.0,51.0,Purple,Black,1x1,NA,Able Sisters,Available from Able Sisters shop only,All Year,No,Active,6.0,party; theatrical,AccessoryEye,Yes,For sale,1.0.0,1.0.0,AccessoryGlassCyber3,433.0,11500.0,y2svNHScnr8cNZe86
DAL eye mask,https://acnhcdn.com/latest/ClosetIcon/AccessoryGlassDalmask0.png,https://acnhcdn.com/latest/FtrIcon/AccessoryGlassDalmask0.png,NA,No,NFS,1010.0,251.0,Blue,Blue,1x1,NA,Dodo Airlines,Received in mail from DAL after 15 flights,All Year,No,Simple,1.0,comfy; vacation,AccessoryEye,Yes,Not for sale,1.0.0,1.0.0,AccessoryGlassDalmask0,1182.0,12128.0,sbkqQrHpJWMEEZLSR
DAL sunglasses,https://acnhcdn.com/latest/ClosetIcon/AccessoryGlassDalglass0.png,https://acnhcdn.com/latest/FtrIcon/AccessoryGlassDalglass0.png,NA,No,NFS,1010.0,251.0,Yellow,Blue,1x1,NA,Dodo Airlines,Received in mail from DAL after 75 flights,All Year,No,Gorgeous,1.0,comfy; vacation,AccessoryEye,Yes,Not for sale,1.0.0,1.0.0,AccessoryGlassDalglass0,1183.0,12129.0,zRnkH9B3rYNMLpiTP
doctor's mask,https://acnhcdn.com/latest/ClosetIcon/AccessoryMouthMaskWhite.png,https://acnhcdn.com/latest/FtrIcon/AccessoryMouthMaskWhite.png,NA,No,140.0,35.0,51.0,White,White,1x1,NA,Able Sisters,Available from either Mabel's temporary shop or Able Sisters shop,All Year,No,Simple,1.0,everyday; goth; comfy,AccessoryMouthEarJaw,No,For sale,1.0.0,1.0.0,AccessoryMouthMaskWhite,375.0,4451.0,vZDsrDRdgrbbiwi8N
dog nose,https://acnhcdn.com/latest/ClosetIcon/AccessoryMouthDog0.png,https://acnhcdn.com/latest/FtrIcon/AccessoryMouthDog0.png,White,No,560.0,140.0,51.0,White,Black,1x1,NA,Able Sisters,Available from Able Sisters shop only,All Year,No,Cute,1.0,fairy tale; party; theatrical,AccessoryMouthInvisibleNose,No,For sale,1.0.0,1.0.0,AccessoryMouthDog0,630.0,5244.0,moGRcnkQihHbN89Kc
dog nose,https://acnhcdn.com/latest/ClosetIcon/AccessoryMouthDog2.png,https://acnhcdn.com/latest/FtrIcon/AccessoryMouthDog2.png,Black,No,560.0,140.0,51.0,Black,Black,1x1,NA,Able Sisters,Available from Able Sisters shop only,All Year,No,Cute,2.0,fairy tale; party; theatrical,AccessoryMouthInvisibleNose,No,For sale,1.0.0,1.0.0,AccessoryMouthDog2,630.0,11026.0,9JGbmWtDA3rmjf8Kc
dog nose,https://acnhcdn.com/latest/ClosetIcon/AccessoryMouthDog1.png,https://acnhcdn.com/latest/FtrIcon/AccessoryMouthDog1.png,Beige,No,560.0,140.0,51.0,Orange,Black,1x1,NA,Able Sisters,Available from Able Sisters shop only,All Year,No,Cute,3.0,fairy tale; party; theatrical,AccessoryMouthInvisibleNose,No,For sale,1.0.0,1.0.0,AccessoryMouthDog1,630.0,11025.0,zCQqXy8HLE7rDfrQf
double-bridge glasses,https://acnhcdn.com/latest/ClosetIcon/AccessoryGlassDoublebridge2.png,https://acnhcdn.com/latest/FtrIcon/AccessoryGlassDoublebridge2.png,Silver,No,1100.0,275.0,51.0,Gray,Gray,1x1,NA,Able Sisters,Available from Able Sisters shop only,All Year,Yes,Elegant,1.0,comfy; vacation; work,AccessoryEye,Yes,For sale,1.0.0,1.0.0,AccessoryGlassDoublebridge2,277.0,11077.0,CLPEzZqr3vut85Ja4
double-bridge glasses,https://acnhcdn.com/latest/ClosetIcon/AccessoryGlassDoublebridge0.png,https://acnhcdn.com/latest/FtrIcon/AccessoryGlassDoublebridge0.png,Gold,No,1100.0,275.0,51.0,Yellow,Yellow,1x1,NA,Able Sisters,Available from Able Sisters shop only,All Year,No,Elegant,2.0,comfy; vacation; work,AccessoryEye,Yes,For sale,1.0.0,1.0.0,AccessoryGlassDoublebridge0,277.0,4263.0,8QCnzjXY8KEyqf7Wa
double-bridge glasses,https://acnhcdn.com/latest/ClosetIcon/AccessoryGlassDoublebridge3.png,https://acnhcdn.com/latest/FtrIcon/AccessoryGlassDoublebridge3.png,Blue,No,1100.0,275.0,51.0,Blue,Blue,1x1,NA,Able Sisters,Available from Able Sisters shop only,All Year,No,Elegant,3.0,comfy; vacation; work,AccessoryEye,Yes,For sale,1.0.0,1.0.0,AccessoryGlassDoublebridge3,277.0,11078.0,fD5pteAQtC8CMhq2v
double-bridge glasses,https://acnhcdn.com/latest/ClosetIcon/AccessoryGlassDoublebridge1.png,https://acnhcdn.com/latest/FtrIcon/AccessoryGlassDoublebridge1.png,Purple,No,1100.0,275.0,51.0,Purple,Purple,1x1,NA,Able Sisters,Available from Able Sisters shop only,All Year,Yes,Elegant,4.0,comfy; vacation; work,AccessoryEye,Yes,For sale,1.0.0,1.0.0,AccessoryGlassDoublebridge1,277.0,11076.0,guPGRuhMyqdWYKh8d
drinking-straw glasses,https://acnhcdn.com/latest/ClosetIcon/AccessoryGlassmouthStraw3.png,https://acnhcdn.com/latest/FtrIcon/AccessoryGlassmouthStraw3.png,White,No,560.0,140.0,51.0,White,White,1x1,NA,Able Sisters,Available from either Mabel's temporary shop or Able Sisters shop,All Year,No,Active,1.0,comfy; vacation; work,AcceEyeMouth,No,For sale,1.0.0,1.0.0,AccessoryGlassmouthStraw3,865.0,11012.0,bQ67Xe7cQZ4PcXnNe
drinking-straw glasses,https://acnhcdn.com/latest/ClosetIcon/AccessoryGlassmouthStraw2.png,https://acnhcdn.com/latest/FtrIcon/AccessoryGlassmouthStraw2.png,Pink,No,560.0,140.0,51.0,Pink,Pink,1x1,NA,Able Sisters,Available from either Mabel's temporary shop or Able Sisters shop,All Year,No,Active,2.0,comfy; vacation; work,AcceEyeMouth,No,For sale,1.0.0,1.0.0,AccessoryGlassmouthStraw2,865.0,11011.0,b4G7SFYMTs5YWJ4i5
drinking-straw glasses,https://acnhcdn.com/latest/ClosetIcon/AccessoryGlassmouthStraw0.png,https://acnhcdn.com/latest/FtrIcon/AccessoryGlassmouthStraw0.png,Green,No,560.0,140.0,51.0,Green,Green,1x1,NA,Able Sisters,Available from either Mabel's temporary shop or Able Sisters shop,All Year,No,Active,3.0,comfy; vacation; work,AcceEyeMouth,No,For sale,1.0.0,1.0.0,AccessoryGlassmouthStraw0,865.0,5773.0,hMiEGoaE2jYb6kY4e
drinking-straw glasses,https://acnhcdn.com/latest/ClosetIcon/AccessoryGlassmouthStraw1.png,https://acnhcdn.com/latest/FtrIcon/AccessoryGlassmouthStraw1.png,Blue,No,560.0,140.0,51.0,Light blue,Light blue,1x1,NA,Able Sisters,Available from either Mabel's temporary shop or Able Sisters shop,All Year,No,Active,4.0,comfy; vacation; work,AcceEyeMouth,No,For sale,1.0.0,1.0.0,AccessoryGlassmouthStraw1,865.0,11010.0,DNij9RhiMW39MtKWF
eye mask,https://acnhcdn.com/latest/ClosetIcon/AccessoryGlassMask2.png,https://acnhcdn.com/latest/FtrIcon/AccessoryGlassMask2.png,Gray,No,560.0,140.0,51.0,Gray,Black,1x1,NA,Able Sisters,Available from either Mabel's temporary shop or Able Sisters shop,All Year,No,Simple,1.0,comfy,AccessoryEye,Yes,For sale,1.0.0,1.0.0,AccessoryGlassMask2,358.0,11155.0,FFAmL82w7xmtQyj49
eye mask,https://acnhcdn.com/latest/ClosetIcon/AccessoryGlassMask5.png,https://acnhcdn.com/latest/FtrIcon/AccessoryGlassMask5.png,Red,No,560.0,140.0,51.0,Red,Black,1x1,NA,Able Sisters,Available from either Mabel's temporary shop or Able Sisters shop,All Year,No,Simple,2.0,comfy,AccessoryEye,Yes,For sale,1.0.0,1.0.0,AccessoryGlassMask5,358.0,11158.0,DN9e9e3kPAvftJL7X
eye mask,https://acnhcdn.com/latest/ClosetIcon/AccessoryGlassMask1.png,https://acnhcdn.com/latest/FtrIcon/AccessoryGlassMask1.png,Pink,No,560.0,140.0,51.0,Pink,Black,1x1,NA,Able Sisters,Available from either Mabel's temporary shop or Able Sisters shop,All Year,No,Simple,3.0,comfy,AccessoryEye,Yes,For sale,1.0.0,1.0.0,AccessoryGlassMask1,358.0,11154.0,Ck7jeovxpJEQa9BXB
eye mask,https://acnhcdn.com/latest/ClosetIcon/AccessoryGlassMask4.png,https://acnhcdn.com/latest/FtrIcon/AccessoryGlassMask4.png,Orange,No,560.0,140.0,51.0,Orange,Black,1x1,NA,Able Sisters,Available from either Mabel's temporary shop or Able Sisters shop,All Year,No,Simple,4.0,comfy,AccessoryEye,Yes,For sale,1.0.0,1.0.0,AccessoryGlassMask4,358.0,11157.0,Gy2FEnpkD9KrRshtd
eye mask,https://acnhcdn.com/latest/ClosetIcon/AccessoryGlassMask3.png,https://acnhcdn.com/latest/FtrIcon/AccessoryGlassMask3.png,Green,No,560.0,140.0,51.0,Green,Black,1x1,NA,Able Sisters,Available from either Mabel's temporary shop or Able Sisters shop,All Year,No,Simple,5.0,comfy,AccessoryEye,Yes,For sale,1.0.0,1.0.0,AccessoryGlassMask3,358.0,11156.0,csWKsYtw2k9ADBQpT
eye mask,https://acnhcdn.com/latest/ClosetIcon/AccessoryGlassMask0.png,https://acnhcdn.com/latest/FtrIcon/AccessoryGlassMask0.png,Blue,No,560.0,140.0,51.0,Blue,Black,1x1,NA,Able Sisters,Available from either Mabel's temporary shop or Able Sisters shop,All Year,No,Simple,6.0,comfy,AccessoryEye,Yes,For sale,1.0.0,1.0.0,AccessoryGlassMask0,358.0,4425.0,68oXMszxbRtGoe9tH
eye patch,https://acnhcdn.com/latest/ClosetIcon/AccessoryGlassPatchBlack.png,https://acnhcdn.com/latest/FtrIcon/AccessoryGlassPatchBlack.png,NA,No,140.0,35.0,51.0,Black,Black,1x1,NA,Able Sisters,Available from Able Sisters shop only,All Year,No,Cool,1.0,fairy tale; goth,AccessoryOneEye,Yes,For sale,1.0.0,1.0.0,AccessoryGlassPatchBlack,380.0,4457.0,iZoTNGb8htGE8JWEw
facial mask,https://acnhcdn.com/latest/ClosetIcon/AccessoryGlassmouthPackWhite.png,https://acnhcdn.com/latest/FtrIcon/AccessoryGlassmouthPackWhite.png,NA,No,560.0,140.0,51.0,White,White,1x1,NA,Able Sisters,Available from Able Sisters shop only,All Year,No,Simple,1.0,goth; comfy,AcceEyeMouth,No,For sale,1.0.0,1.0.0,AccessoryGlassmouthPackWhite,417.0,4512.0,KzBY9kLtwTHhHGzR3
fake nose,https://acnhcdn.com/latest/ClosetIcon/AccessoryGlassmouthNoseRed.png,https://acnhcdn.com/latest/FtrIcon/AccessoryGlassmouthNoseRed.png,NA,No,490.0,122.0,51.0,Red,Red,1x1,NA,Able Sisters,Available from Able Sisters shop only,All Year,No,Cute,1.0,fairy tale; party; theatrical,AcceEyeMouth,No,For sale,1.0.0,1.0.0,AccessoryGlassmouthNoseRed,407.0,4496.0,chP2wAyDtdSTS3XrF
flower sunglasses,https://acnhcdn.com/latest/ClosetIcon/AccessoryGlassFlower0.png,https://acnhcdn.com/latest/FtrIcon/AccessoryGlassFlower0.png,Red,No,770.0,192.0,51.0,Red,Black,1x1,NA,Able Sisters,Available from either Mabel's temporary shop or Able Sisters shop,All Year,No,Cute,1.0,party; vacation,AccessoryEye,Yes,For sale,1.0.0,1.0.0,AccessoryGlassFlower0,857.0,5739.0,iJsQqLTdb4gcPwekJ
flower sunglasses,https://acnhcdn.com/latest/ClosetIcon/AccessoryGlassFlower1.png,https://acnhcdn.com/latest/FtrIcon/AccessoryGlassFlower1.png,Orange,No,770.0,192.0,51.0,Orange,Black,1x1,NA,Able Sisters,Available from either Mabel's temporary shop or Able Sisters shop,All Year,Yes,Cute,2.0,party; vacation,AccessoryEye,Yes,For sale,1.0.0,1.0.0,AccessoryGlassFlower1,857.0,11228.0,6TygyrRpgFEJRtYAD
flower sunglasses,https://acnhcdn.com/latest/ClosetIcon/AccessoryGlassFlower4.png,https://acnhcdn.com/latest/FtrIcon/AccessoryGlassFlower4.png,Green,No,770.0,192.0,51.0,Green,Black,1x1,NA,Able Sisters,Available from either Mabel's temporary shop or Able Sisters shop,All Year,Yes,Cute,3.0,party; vacation,AccessoryEye,Yes,For sale,1.0.0,1.0.0,AccessoryGlassFlower4,857.0,11231.0,vnNLfafLRpv9vrESq
flower sunglasses,https://acnhcdn.com/latest/ClosetIcon/AccessoryGlassFlower2.png,https://acnhcdn.com/latest/FtrIcon/AccessoryGlassFlower2.png,Blue,No,770.0,192.0,51.0,Blue,Black,1x1,NA,Able Sisters,Available from either Mabel's temporary shop or Able Sisters shop,All Year,No,Cute,4.0,party; vacation,AccessoryEye,Yes,For sale,1.0.0,1.0.0,AccessoryGlassFlower2,857.0,11229.0,g4jdQJuTAwEgGWsyH
flower sunglasses,https://acnhcdn.com/latest/ClosetIcon/AccessoryGlassFlower3.png,https://acnhcdn.com/latest/FtrIcon/AccessoryGlassFlower3.png,Purple,No,770.0,192.0,51.0,Purple,Black,1x1,NA,Able Sisters,Available from either Mabel's temporary shop or Able Sisters shop,All Year,No,Cute,5.0,party; vacation,AccessoryEye,Yes,For sale,1.0.0,1.0.0,AccessoryGlassFlower3,857.0,11230.0,hN8mRmSqAqfBBXqsK
food mess,https://acnhcdn.com/latest/ClosetIcon/AccessoryMouthPasta.png,https://acnhcdn.com/latest/FtrIcon/AccessoryMouthPasta.png,NA,No,490.0,122.0,51.0,Orange,Beige,1x1,NA,Able Sisters,Available from either Mabel's temporary shop or Able Sisters shop,All Year,No,Simple,1.0,comfy,AccessoryMouth,No,For sale,1.0.0,1.0.0,AccessoryMouthPasta,904.0,5857.0,ErTpS7LHoG7hZ4bvn
funny glasses,https://acnhcdn.com/latest/ClosetIcon/AccessoryGlassEyes1.png,https://acnhcdn.com/latest/FtrIcon/AccessoryGlassEyes1.png,Pink,No,1100.0,275.0,51.0,Pink,Black,1x1,NA,Able Sisters,Available from Able Sisters shop only,All Year,No,Cute,1.0,fairy tale; party; theatrical,AccessoryEye,Yes,For sale,1.0.0,1.0.0,AccessoryGlassEyes1,418.0,11008.0,4ASpkj55QiocnNkZ2
funny glasses,https://acnhcdn.com/latest/ClosetIcon/AccessoryGlassEyes2.png,https://acnhcdn.com/latest/FtrIcon/AccessoryGlassEyes2.png,Blue,No,1100.0,275.0,51.0,Light blue,Black,1x1,NA,Able Sisters,Available from Able Sisters shop only,All Year,No,Cute,2.0,fairy tale; party; theatrical,AccessoryEye,Yes,For sale,1.0.0,1.0.0,AccessoryGlassEyes2,418.0,11009.0,dio9gmQCebNSjSX89
funny glasses,https://acnhcdn.com/latest/ClosetIcon/AccessoryGlassEyes0.png,https://acnhcdn.com/latest/FtrIcon/AccessoryGlassEyes0.png,Brown,No,1100.0,275.0,51.0,Brown,Black,1x1,NA,Able Sisters,Available from Able Sisters shop only,All Year,No,Cute,3.0,fairy tale; party; theatrical,AccessoryEye,Yes,For sale,1.0.0,1.0.0,AccessoryGlassEyes0,418.0,4513.0,nvgwq4bKZzDoiTQzw
gas mask,https://acnhcdn.com/latest/ClosetIcon/AccessoryGlassmouthGasmask0.png,https://acnhcdn.com/latest/FtrIcon/AccessoryGlassmouthGasmask0.png,Black,No,1100.0,275.0,51.0,Black,Black,1x1,NA,Able Sisters,Available from Able Sisters shop only,All Year,No,Cool,1.0,goth; work,AcceEyeMouth,No,For sale,1.0.0,1.0.0,AccessoryGlassmouthGasmask0,487.0,4649.0,cuqWQPfsbkmXz5DuB
gas mask,https://acnhcdn.com/latest/ClosetIcon/AccessoryGlassmouthGasmask1.png,https://acnhcdn.com/latest/FtrIcon/AccessoryGlassmouthGasmask1.png,Avocado,No,1100.0,275.0,51.0,Green,Green,1x1,NA,Able Sisters,Available from Able Sisters shop only,All Year,No,Cool,2.0,goth; work,AcceEyeMouth,No,For sale,1.0.0,1.0.0,AccessoryGlassmouthGasmask1,487.0,11160.0,9K9ea2sRHMsPmcX6d
glass-bottle glasses,https://acnhcdn.com/latest/ClosetIcon/AccessoryGlassBottleBlack.png,https://acnhcdn.com/latest/FtrIcon/AccessoryGlassBottleBlack.png,NA,No,1100.0,275.0,51.0,Black,Gray,1x1,NA,Able Sisters,Available from either Mabel's temporary shop or Able Sisters shop,All Year,No,Simple,1.0,comfy; work,AccessoryEye,Yes,For sale,1.0.0,1.0.0,AccessoryGlassBottleBlack,286.0,4282.0,JFtffcGH7WnPnJKtc
goatee,https://acnhcdn.com/latest/ClosetIcon/AccessoryMouthBeardChinBlack.png,https://acnhcdn.com/latest/FtrIcon/AccessoryMouthBeardChinBlack.png,NA,No,980.0,245.0,51.0,Colorful,Colorful,1x1,NA,Able Sisters,Available from Able Sisters shop only,All Year,Yes,Cool,1.0,everyday; comfy; theatrical,AccessoryMouthEarJaw,No,For sale,1.0.0,1.0.0,AccessoryMouthBeardChinBlack,502.0,4676.0,W5S7BC9qA4QMCQEFR
goggles,https://acnhcdn.com/latest/ClosetIcon/AccessoryGlassGoggles0.png,https://acnhcdn.com/latest/FtrIcon/AccessoryGlassGoggles0.png,Black,No,560.0,140.0,51.0,Black,Black,1x1,NA,Able Sisters,Available from either Mabel's temporary shop or Able Sisters shop,Summer,No,Active,1.0,outdoorsy; sporty; vacation,AccessoryEye,Yes,For sale,1.0.0,1.0.0,AccessoryGlassGoggles0,378.0,4454.0,3YkDq5TZm3jE8nBL9
goggles,https://acnhcdn.com/latest/ClosetIcon/AccessoryGlassGoggles5.png,https://acnhcdn.com/latest/FtrIcon/AccessoryGlassGoggles5.png,Red,No,560.0,140.0,51.0,Red,Red,1x1,NA,Able Sisters,Available from either Mabel's temporary shop or Able Sisters shop,Summer,No,Active,2.0,outdoorsy; sporty; vacation,AccessoryEye,Yes,For sale,1.0.0,1.0.0,AccessoryGlassGoggles5,378.0,11488.0,P8X4Rnuc6WjHTrbkz
goggles,https://acnhcdn.com/latest/ClosetIcon/AccessoryGlassGoggles2.png,https://acnhcdn.com/latest/FtrIcon/AccessoryGlassGoggles2.png,Pink,No,560.0,140.0,51.0,Pink,Pink,1x1,NA,Able Sisters,Available from either Mabel's temporary shop or Able Sisters shop,Summer,No,Active,3.0,outdoorsy; sporty; vacation,AccessoryEye,Yes,For sale,1.0.0,1.0.0,AccessoryGlassGoggles2,378.0,11485.0,49s9b7jcrE8uaFEdR
goggles,https://acnhcdn.com/latest/ClosetIcon/AccessoryGlassGoggles3.png,https://acnhcdn.com/latest/FtrIcon/AccessoryGlassGoggles3.png,Green,No,560.0,140.0,51.0,Green,Green,1x1,NA,Able Sisters,Available from either Mabel's temporary shop or Able Sisters shop,Summer,No,Active,4.0,outdoorsy; sporty; vacation,AccessoryEye,Yes,For sale,1.0.0,1.0.0,AccessoryGlassGoggles3,378.0,11486.0,sDjZobRoupcETEKeH
goggles,https://acnhcdn.com/latest/ClosetIcon/AccessoryGlassGoggles1.png,https://acnhcdn.com/latest/FtrIcon/AccessoryGlassGoggles1.png,Blue,No,560.0,140.0,51.0,Blue,Blue,1x1,NA,Able Sisters,Available from either Mabel's temporary shop or Able Sisters shop,Summer,No,Active,5.0,outdoorsy; sporty; vacation,AccessoryEye,Yes,For sale,1.0.0,1.0.0,AccessoryGlassGoggles1,378.0,11484.0,gozwdhewwK4PmPGFQ
goggles,https://acnhcdn.com/latest/ClosetIcon/AccessoryGlassGoggles4.png,https://acnhcdn.com/latest/FtrIcon/AccessoryGlassGoggles4.png,Purple,No,560.0,140.0,51.0,Purple,Purple,1x1,NA,Able Sisters,Available from either Mabel's temporary shop or Able Sisters shop,Summer,No,Active,6.0,outdoorsy; sporty; vacation,AccessoryEye,Yes,For sale,1.0.0,1.0.0,AccessoryGlassGoggles4,378.0,11487.0,kwS6ErrZHdDNXpmbR
handlebar mustache,https://acnhcdn.com/latest/ClosetIcon/AccessoryMouthBeardBlack.png,https://acnhcdn.com/latest/FtrIcon/AccessoryMouthBeardBlack.png,NA,No,1120.0,280.0,51.0,Colorful,Colorful,1x1,NA,Able Sisters,Available from Able Sisters shop only,All Year,Yes,Elegant,1.0,fairy tale; formal; theatrical,AccessoryMouth,No,For sale,1.0.0,1.0.0,AccessoryMouthBeardBlack,185.0,3550.0,HJfvmuhPDFMN8eRB2
heart shades,https://acnhcdn.com/latest/ClosetIcon/AccessoryGlassHeart0.png,https://acnhcdn.com/latest/FtrIcon/AccessoryGlassHeart0.png,Pink,No,1040.0,260.0,51.0,Pink,Blue,1x1,NA,Able Sisters,Available from either Mabel's temporary shop or Able Sisters shop,All Year,Yes,Cute,1.0,party; vacation,AccessoryEye,Yes,For sale,1.0.0,1.0.0,AccessoryGlassHeart0,259.0,4237.0,ZkwfoAxXwqiJav677
heart shades,https://acnhcdn.com/latest/ClosetIcon/AccessoryGlassHeart1.png,https://acnhcdn.com/latest/FtrIcon/AccessoryGlassHeart1.png,Yellow,No,1040.0,260.0,51.0,Yellow,Blue,1x1,NA,Able Sisters,Available from either Mabel's temporary shop or Able Sisters shop,All Year,No,Cute,2.0,party; vacation,AccessoryEye,Yes,For sale,1.0.0,1.0.0,AccessoryGlassHeart1,259.0,11188.0,jvPC7gmEHvxxgmwfA
heart shades,https://acnhcdn.com/latest/ClosetIcon/AccessoryGlassHeart4.png,https://acnhcdn.com/latest/FtrIcon/AccessoryGlassHeart4.png,Green,No,1040.0,260.0,51.0,Green,Blue,1x1,NA,Able Sisters,Available from either Mabel's temporary shop or Able Sisters shop,All Year,No,Cute,3.0,party; vacation,AccessoryEye,Yes,For sale,1.0.0,1.0.0,AccessoryGlassHeart4,259.0,11191.0,CbiyKw9gGsMfYzA4g
heart shades,https://acnhcdn.com/latest/ClosetIcon/AccessoryGlassHeart2.png,https://acnhcdn.com/latest/FtrIcon/AccessoryGlassHeart2.png,Blue,No,1040.0,260.0,51.0,Light blue,Blue,1x1,NA,Able Sisters,Available from either Mabel's temporary shop or Able Sisters shop,All Year,No,Cute,4.0,party; vacation,AccessoryEye,Yes,For sale,1.0.0,1.0.0,AccessoryGlassHeart2,259.0,11189.0,k2fF9yEC5S3XGsXhX
heart shades,https://acnhcdn.com/latest/ClosetIcon/AccessoryGlassHeart3.png,https://acnhcdn.com/latest/FtrIcon/AccessoryGlassHeart3.png,Purple,No,1040.0,260.0,51.0,Purple,Blue,1x1,NA,Able Sisters,Available from either Mabel's temporary shop or Able Sisters shop,All Year,No,Cute,5.0,party; vacation,AccessoryEye,Yes,For sale,1.0.0,1.0.0,AccessoryGlassHeart3,259.0,11190.0,3fs7r8mBn9EiGmMT7
HMD,https://acnhcdn.com/latest/ClosetIcon/AccessoryGlassHmdWhite.png,https://acnhcdn.com/latest/FtrIcon/AccessoryGlassHmdWhite.png,NA,No,2000.0,500.0,51.0,White,Black,1x1,NA,Able Sisters,Available from Able Sisters shop only,All Year,No,Cool,1.0,comfy,AccessoryEye,Yes,For sale,1.0.0,1.0.0,AccessoryGlassHmdWhite,614.0,5182.0,Hkcb2b5RCvgcXrHvc
jester's mask,https://acnhcdn.com/latest/ClosetIcon/AccessoryGlassmouthPierrot0.png,https://acnhcdn.com/latest/FtrIcon/AccessoryGlassmouthPierrot0.png,Black,No,1760.0,440.0,51.0,Black,White,1x1,NA,Able Sisters,Available from Able Sisters shop only,All Year,No,Cool,1.0,fairy tale; goth; party; theatrical; work,AccessoryEyeMouthInvisibleNose,No,For sale,1.0.0,1.0.0,AccessoryGlassmouthPierrot0,504.0,4678.0,5iGdajwpPAQ98B9eE
jester's mask,https://acnhcdn.com/latest/ClosetIcon/AccessoryGlassmouthPierrot1.png,https://acnhcdn.com/latest/FtrIcon/AccessoryGlassmouthPierrot1.png,Red,No,1760.0,440.0,51.0,Red,White,1x1,NA,Able Sisters,Available from Able Sisters shop only,All Year,No,Cool,2.0,fairy tale; goth; party; theatrical; work,AccessoryEyeMouthInvisibleNose,No,For sale,1.0.0,1.0.0,AccessoryGlassmouthPierrot1,504.0,11166.0,7HBtvdHttSMJiuA7W
jester's mask,https://acnhcdn.com/latest/ClosetIcon/AccessoryGlassmouthPierrot2.png,https://acnhcdn.com/latest/FtrIcon/AccessoryGlassmouthPierrot2.png,Green,No,1760.0,440.0,51.0,Green,White,1x1,NA,Able Sisters,Available from Able Sisters shop only,All Year,No,Cool,3.0,fairy tale; goth; party; theatrical; work,AccessoryEyeMouthInvisibleNose,No,For sale,1.0.0,1.0.0,AccessoryGlassmouthPierrot2,504.0,11167.0,LTCnc3SoDzsffayDr
jester's mask,https://acnhcdn.com/latest/ClosetIcon/AccessoryGlassmouthPierrot3.png,https://acnhcdn.com/latest/FtrIcon/AccessoryGlassmouthPierrot3.png,Blue,No,1760.0,440.0,51.0,Blue,White,1x1,NA,Able Sisters,Available from Able Sisters shop only,All Year,No,Cool,4.0,fairy tale; goth; party; theatrical; work,AccessoryEyeMouthInvisibleNose,No,For sale,1.0.0,1.0.0,AccessoryGlassmouthPierrot3,504.0,11168.0,Kpyk7xszcwxgdawqA
Labelle sunglasses,https://acnhcdn.com/latest/ClosetIcon/AccessoryGlassKate1.png,https://acnhcdn.com/latest/FtrIcon/AccessoryGlassKate1.png,Midnight,No,2000.0,500.0,351.0,Black,Black,1x1,NA,Labelle,,All Year,No,Gorgeous,1.0,everyday; formal; party; theatrical; vacation,AccessoryEye,Yes,For sale,1.0.0,1.0.0,AccessoryGlassKate1,1137.0,11776.0,Pk4syNKBscFTBD2mP
Labelle sunglasses,https://acnhcdn.com/latest/ClosetIcon/AccessoryGlassKate2.png,https://acnhcdn.com/latest/FtrIcon/AccessoryGlassKate2.png,Passion,No,2000.0,500.0,351.0,Red,Red,1x1,NA,Labelle,,All Year,No,Gorgeous,2.0,everyday; formal; party; theatrical; vacation,AccessoryEye,Yes,For sale,1.0.0,1.0.0,AccessoryGlassKate2,1137.0,11777.0,TJqYcpQKFaPX6naSj
Labelle sunglasses,https://acnhcdn.com/latest/ClosetIcon/AccessoryGlassKate5.png,https://acnhcdn.com/latest/FtrIcon/AccessoryGlassKate5.png,Love,No,2000.0,500.0,351.0,Pink,Pink,1x1,NA,Labelle,,All Year,No,Gorgeous,3.0,everyday; formal; party; theatrical; vacation,AccessoryEye,Yes,For sale,1.0.0,1.0.0,AccessoryGlassKate5,1137.0,11780.0,WHaB5ZbzSPteM5KxG
Labelle sunglasses,https://acnhcdn.com/latest/ClosetIcon/AccessoryGlassKate4.png,https://acnhcdn.com/latest/FtrIcon/AccessoryGlassKate4.png,Sunset,No,2000.0,500.0,351.0,Yellow,Yellow,1x1,NA,Labelle,,All Year,No,Gorgeous,4.0,everyday; formal; party; theatrical; vacation,AccessoryEye,Yes,For sale,1.0.0,1.0.0,AccessoryGlassKate4,1137.0,11779.0,Km6htuKWbDhQx5v2o
Labelle sunglasses,https://acnhcdn.com/latest/ClosetIcon/AccessoryGlassKate3.png,https://acnhcdn.com/latest/FtrIcon/AccessoryGlassKate3.png,Ocean,No,2000.0,500.0,351.0,Blue,Blue,1x1,NA,Labelle,,All Year,No,Gorgeous,5.0,everyday; formal; party; theatrical; vacation,AccessoryEye,Yes,For sale,1.0.0,1.0.0,AccessoryGlassKate3,1137.0,11778.0,yWuQ9CtGKLaG7ntW9
Labelle sunglasses,https://acnhcdn.com/latest/ClosetIcon/AccessoryGlassKate0.png,https://acnhcdn.com/latest/FtrIcon/AccessoryGlassKate0.png,Twilight,No,2000.0,500.0,351.0,Purple,Purple,1x1,NA,Labelle,,All Year,No,Gorgeous,6.0,everyday; formal; party; theatrical; vacation,AccessoryEye,Yes,For sale,1.0.0,1.0.0,AccessoryGlassKate0,1137.0,9887.0,2B4ttG2NJS7ZKRimP
ladder shades,https://acnhcdn.com/latest/ClosetIcon/AccessoryGlassBlind0.png,https://acnhcdn.com/latest/FtrIcon/AccessoryGlassBlind0.png,Red,No,880.0,220.0,51.0,Red,Red,1x1,NA,Able Sisters,Available from Able Sisters shop only,All Year,No,Active,1.0,party; theatrical,AccessoryEye,Yes,For sale,1.0.0,1.0.0,AccessoryGlassBlind0,387.0,4464.0,DErjYKaqmFEkp7RQ3
ladder shades,https://acnhcdn.com/latest/ClosetIcon/AccessoryGlassBlind3.png,https://acnhcdn.com/latest/FtrIcon/AccessoryGlassBlind3.png,Pink,No,880.0,220.0,51.0,Pink,Pink,1x1,NA,Able Sisters,Available from Able Sisters shop only,All Year,Yes,Active,2.0,party; theatrical,AccessoryEye,Yes,For sale,1.0.0,1.0.0,AccessoryGlassBlind3,387.0,11004.0,8wvE7HfG9HvK33nTW
ladder shades,https://acnhcdn.com/latest/ClosetIcon/AccessoryGlassBlind4.png,https://acnhcdn.com/latest/FtrIcon/AccessoryGlassBlind4.png,Yellow,No,880.0,220.0,51.0,Yellow,Yellow,1x1,NA,Able Sisters,Available from Able Sisters shop only,All Year,No,Active,3.0,party; theatrical,AccessoryEye,Yes,For sale,1.0.0,1.0.0,AccessoryGlassBlind4,387.0,11005.0,mcex6oPn8f8KotnrZ
ladder shades,https://acnhcdn.com/latest/ClosetIcon/AccessoryGlassBlind2.png,https://acnhcdn.com/latest/FtrIcon/AccessoryGlassBlind2.png,Green,No,880.0,220.0,51.0,Green,Green,1x1,NA,Able Sisters,Available from Able Sisters shop only,All Year,No,Active,4.0,party; theatrical,AccessoryEye,Yes,For sale,1.0.0,1.0.0,AccessoryGlassBlind2,387.0,11003.0,wnvu2B7z7M975uCMf
ladder shades,https://acnhcdn.com/latest/ClosetIcon/AccessoryGlassBlind1.png,https://acnhcdn.com/latest/FtrIcon/AccessoryGlassBlind1.png,Blue,No,880.0,220.0,51.0,Blue,Blue,1x1,NA,Able Sisters,Available from Able Sisters shop only,All Year,No,Active,5.0,party; theatrical,AccessoryEye,Yes,For sale,1.0.0,1.0.0,AccessoryGlassBlind1,387.0,11002.0,kbZR8T9YaP2Pb7q6P
ladder shades,https://acnhcdn.com/latest/ClosetIcon/AccessoryGlassBlind5.png,https://acnhcdn.com/latest/FtrIcon/AccessoryGlassBlind5.png,Gold,No,880.0,220.0,51.0,Brown,Brown,1x1,NA,Able Sisters,Available from Able Sisters shop only,All Year,No,Active,6.0,party; theatrical,AccessoryEye,Yes,For sale,1.0.0,1.0.0,AccessoryGlassBlind5,387.0,11006.0,SF89YKrjwGsa5Dp7t
leaf,https://acnhcdn.com/latest/ClosetIcon/AccessoryMouthLeafGreen.png,https://acnhcdn.com/latest/FtrIcon/AccessoryMouthLeafGreen.png,NA,Yes,NFS,100.0,103.0,Green,Green,1x1,NA,Crafting,,All Year,No,Simple,1.0,outdoorsy; comfy; vacation,AccessoryMouth,No,Not for sale,1.0.0,1.0.0,AccessoryMouthLeafGreen,508.0,4682.0,XrpTjwp94FwmvXjmE
masquerade mask,https://acnhcdn.com/latest/ClosetIcon/AccessoryGlassVenetian1.png,https://acnhcdn.com/latest/FtrIcon/AccessoryGlassVenetian1.png,Black,No,910.0,227.0,51.0,Black,Yellow,1x1,NA,Able Sisters,Available from Able Sisters shop only,All Year,No,Gorgeous,1.0,fairy tale; party; theatrical,AccessoryEye,Yes,For sale,1.0.0,1.0.0,AccessoryGlassVenetian1,494.0,11161.0,GL9igRSB2nTebNAin
masquerade mask,https://acnhcdn.com/latest/ClosetIcon/AccessoryGlassVenetian3.png,https://acnhcdn.com/latest/FtrIcon/AccessoryGlassVenetian3.png,Red,No,910.0,227.0,51.0,Red,Yellow,1x1,NA,Able Sisters,Available from Able Sisters shop only,All Year,No,Gorgeous,2.0,fairy tale; party; theatrical,AccessoryEye,Yes,For sale,1.0.0,1.0.0,AccessoryGlassVenetian3,494.0,11163.0,DknNtTo9sb2jZHDht
masquerade mask,https://acnhcdn.com/latest/ClosetIcon/AccessoryGlassVenetian0.png,https://acnhcdn.com/latest/FtrIcon/AccessoryGlassVenetian0.png,Purple,No,910.0,227.0,51.0,Pink,Yellow,1x1,NA,Able Sisters,Available from Able Sisters shop only,All Year,No,Gorgeous,3.0,fairy tale; party; theatrical,AccessoryEye,Yes,For sale,1.0.0,1.0.0,AccessoryGlassVenetian0,494.0,4667.0,vwytnsJLdnFYZdeHR
masquerade mask,https://acnhcdn.com/latest/ClosetIcon/AccessoryGlassVenetian5.png,https://acnhcdn.com/latest/FtrIcon/AccessoryGlassVenetian5.png,Gold,No,910.0,227.0,51.0,Orange,Yellow,1x1,NA,Able Sisters,Available from Able Sisters shop only,All Year,No,Gorgeous,4.0,fairy tale; party; theatrical,AccessoryEye,Yes,For sale,1.0.0,1.0.0,AccessoryGlassVenetian5,494.0,11165.0,nzAimcCqJg46jjNiN
masquerade mask,https://acnhcdn.com/latest/ClosetIcon/AccessoryGlassVenetian4.png,https://acnhcdn.com/latest/FtrIcon/AccessoryGlassVenetian4.png,Green,No,910.0,227.0,51.0,Green,Yellow,1x1,NA,Able Sisters,Available from Able Sisters shop only,All Year,No,Gorgeous,5.0,fairy tale; party; theatrical,AccessoryEye,Yes,For sale,1.0.0,1.0.0,AccessoryGlassVenetian4,494.0,11164.0,PEA7Y7djsLQryh4c2
masquerade mask,https://acnhcdn.com/latest/ClosetIcon/AccessoryGlassVenetian2.png,https://acnhcdn.com/latest/FtrIcon/AccessoryGlassVenetian2.png,Blue,No,910.0,227.0,51.0,Blue,Yellow,1x1,NA,Able Sisters,Available from Able Sisters shop only,All Year,No,Gorgeous,6.0,fairy tale; party; theatrical,AccessoryEye,Yes,For sale,1.0.0,1.0.0,AccessoryGlassVenetian2,494.0,11162.0,6yKLSWNnpyXAPKJ4h
monocle,https://acnhcdn.com/latest/ClosetIcon/AccessoryGlassMonocle2.png,https://acnhcdn.com/latest/FtrIcon/AccessoryGlassMonocle2.png,Silver,No,1100.0,275.0,51.0,Gray,Gray,1x1,NA,Able Sisters,Available from Able Sisters shop only,All Year,No,Elegant,1.0,fairy tale; formal; work,AccessoryOneEye,Yes,For sale,1.0.0,1.0.0,AccessoryGlassMonocle2,385.0,11001.0,tXaLxYbQPqcTZWxej
monocle,https://acnhcdn.com/latest/ClosetIcon/AccessoryGlassMonocle0.png,https://acnhcdn.com/latest/FtrIcon/AccessoryGlassMonocle0.png,Black,No,1100.0,275.0,51.0,Black,Black,1x1,NA,Able Sisters,Available from Able Sisters shop only,All Year,Yes,Elegant,2.0,fairy tale; formal; work,AccessoryOneEye,Yes,For sale,1.0.0,1.0.0,AccessoryGlassMonocle0,385.0,4462.0,vtCepd9DjYS2H5vcb
monocle,https://acnhcdn.com/latest/ClosetIcon/AccessoryGlassMonocle1.png,https://acnhcdn.com/latest/FtrIcon/AccessoryGlassMonocle1.png,Gold,No,1100.0,275.0,51.0,Yellow,Yellow,1x1,NA,Able Sisters,Available from Able Sisters shop only,All Year,No,Elegant,3.0,fairy tale; formal; work,AccessoryOneEye,Yes,For sale,1.0.0,1.0.0,AccessoryGlassMonocle1,385.0,11000.0,ghxLRorCD3NWR5h5x
night-vision goggles,https://acnhcdn.com/latest/ClosetIcon/AccessoryGlassNightvisionBlack.png,https://acnhcdn.com/latest/FtrIcon/AccessoryGlassNightvisionBlack.png,NA,No,1560.0,390.0,51.0,Black,Green,1x1,NA,Able Sisters,Available from Able Sisters shop only,All Year,No,Active,1.0,outdoorsy,AccessoryEye,Yes,For sale,1.0.0,1.0.0,AccessoryGlassNightvisionBlack,615.0,5261.0,sMdtidR3zypRsgSCW
Nook Inc. eye mask,https://acnhcdn.com/latest/ClosetIcon/AccessoryGlassNook0.png,https://acnhcdn.com/latest/FtrIcon/AccessoryGlassNook0.png,NA,No,NFS,2000.0,151.0,Green,White,1x1,400.0,Nook Miles Shop,,All Year,No,Simple,1.0,comfy,AccessoryEye,Yes,Not for sale,1.0.0,1.0.0,AccessoryGlassNook0,1148.0,9654.0,n8j5gx4zjuK7tkYKq
Nook Inc. snorkel,https://acnhcdn.com/latest/ClosetIcon/AccessoryGlassmouthNook0.png,https://acnhcdn.com/latest/FtrIcon/AccessoryGlassmouthNook0.png,NA,No,NFS,2500.0,151.0,Green,Black,1x1,500.0,Nook Miles Shop,,All Year,No,Active,1.0,outdoorsy; sporty; vacation; work,AccessoryEyeMouth,No,Not for sale,1.3.0,1.3.0,AccessoryGlassmouthNook0,1300.0,13215.0,cg2tZnttCZ9Wj3k9S
nose drip,https://acnhcdn.com/latest/ClosetIcon/AccessoryMouthJokeDripCyan.png,https://acnhcdn.com/latest/FtrIcon/AccessoryMouthJokeDripCyan.png,NA,No,490.0,122.0,51.0,Light blue,Light blue,1x1,NA,Able Sisters,Available from either Mabel's temporary shop or Able Sisters shop,All Year,No,Simple,1.0,comfy,AccessoryMouth,No,For sale,1.0.0,1.0.0,AccessoryMouthJokeDripCyan,899.0,5833.0,9YbFJqBD3hmQkW4Gq
octagonal glasses,https://acnhcdn.com/latest/ClosetIcon/AccessoryGlassOctagon0.png,https://acnhcdn.com/latest/FtrIcon/AccessoryGlassOctagon0.png,Gray,No,1100.0,275.0,51.0,Gray,Gray,1x1,NA,Able Sisters,Available from Able Sisters shop only,All Year,Yes,Cute,1.0,comfy; vacation; work,AccessoryEye,Yes,For sale,1.0.0,1.0.0,AccessoryGlassOctagon0,261.0,4239.0,dzKG7sMGwFn7EaKjm
octagonal glasses,https://acnhcdn.com/latest/ClosetIcon/AccessoryGlassOctagon4.png,https://acnhcdn.com/latest/FtrIcon/AccessoryGlassOctagon4.png,Black,No,1100.0,275.0,51.0,Black,Black,1x1,NA,Able Sisters,Available from Able Sisters shop only,All Year,Yes,Cute,2.0,comfy; vacation; work,AccessoryEye,Yes,For sale,1.0.0,1.0.0,AccessoryGlassOctagon4,261.0,11075.0,4FT4YuTQcq3RGo3Ss
octagonal glasses,https://acnhcdn.com/latest/ClosetIcon/AccessoryGlassOctagon1.png,https://acnhcdn.com/latest/FtrIcon/AccessoryGlassOctagon1.png,Green,No,1100.0,275.0,51.0,Green,Green,1x1,NA,Able Sisters,Available from Able Sisters shop only,All Year,No,Cute,3.0,comfy; vacation; work,AccessoryEye,Yes,For sale,1.0.0,1.0.0,AccessoryGlassOctagon1,261.0,11072.0,NME2CQfz2tMbnwLzb
octagonal glasses,https://acnhcdn.com/latest/ClosetIcon/AccessoryGlassOctagon2.png,https://acnhcdn.com/latest/FtrIcon/AccessoryGlassOctagon2.png,Purple,No,1100.0,275.0,51.0,Purple,Purple,1x1,NA,Able Sisters,Available from Able Sisters shop only,All Year,Yes,Cute,4.0,comfy; vacation; work,AccessoryEye,Yes,For sale,1.0.0,1.0.0,AccessoryGlassOctagon2,261.0,11073.0,Je9RNoLocnJ5kinNQ
octagonal glasses,https://acnhcdn.com/latest/ClosetIcon/AccessoryGlassOctagon3.png,https://acnhcdn.com/latest/FtrIcon/AccessoryGlassOctagon3.png,Gold,No,1100.0,275.0,51.0,Beige,Beige,1x1,NA,Able Sisters,Available from Able Sisters shop only,All Year,Yes,Cute,5.0,comfy; vacation; work,AccessoryEye,Yes,For sale,1.0.0,1.0.0,AccessoryGlassOctagon3,261.0,11074.0,t5MJmR6fbqXwevjus
oval glasses,https://acnhcdn.com/latest/ClosetIcon/AccessoryGlassOval6.png,https://acnhcdn.com/latest/FtrIcon/AccessoryGlassOval6.png,Black,No,880.0,220.0,51.0,Black,Black,1x1,NA,Able Sisters,Available from either Mabel's temporary shop or Able Sisters shop,All Year,No,Simple,1.0,everyday; work,AccessoryEye,Yes,For sale,1.0.0,1.0.0,AccessoryGlassOval6,475.0,11092.0,uuttmaKAruqm7tiKL
oval glasses,https://acnhcdn.com/latest/ClosetIcon/AccessoryGlassOval4.png,https://acnhcdn.com/latest/FtrIcon/AccessoryGlassOval4.png,Magenta,No,880.0,220.0,51.0,Red,Red,1x1,NA,Able Sisters,Available from either Mabel's temporary shop or Able Sisters shop,All Year,Yes,Simple,2.0,everyday; work,AccessoryEye,Yes,For sale,1.0.0,1.0.0,AccessoryGlassOval4,475.0,11090.0,QBNkZLi9jpeDYMxnQ
oval glasses,https://acnhcdn.com/latest/ClosetIcon/AccessoryGlassOval1.png,https://acnhcdn.com/latest/FtrIcon/AccessoryGlassOval1.png,Orange,No,880.0,220.0,51.0,Orange,Orange,1x1,NA,Able Sisters,Available from either Mabel's temporary shop or Able Sisters shop,All Year,Yes,Simple,3.0,everyday; work,AccessoryEye,Yes,For sale,1.0.0,1.0.0,AccessoryGlassOval1,475.0,11087.0,9AXkAraeTz6TgR6sJ
oval glasses,https://acnhcdn.com/latest/ClosetIcon/AccessoryGlassOval5.png,https://acnhcdn.com/latest/FtrIcon/AccessoryGlassOval5.png,Mustard,No,880.0,220.0,51.0,Yellow,Yellow,1x1,NA,Able Sisters,Available from either Mabel's temporary shop or Able Sisters shop,All Year,No,Simple,4.0,everyday; work,AccessoryEye,Yes,For sale,1.0.0,1.0.0,AccessoryGlassOval5,475.0,11091.0,uocqzyhP5WHmnH8dj
oval glasses,https://acnhcdn.com/latest/ClosetIcon/AccessoryGlassOval0.png,https://acnhcdn.com/latest/FtrIcon/AccessoryGlassOval0.png,Green,No,880.0,220.0,51.0,Green,Green,1x1,NA,Able Sisters,Available from either Mabel's temporary shop or Able Sisters shop,All Year,Yes,Simple,5.0,everyday; work,AccessoryEye,Yes,For sale,1.0.0,1.0.0,AccessoryGlassOval0,475.0,4609.0,jw7KgW9epPat5Pw8W
oval glasses,https://acnhcdn.com/latest/ClosetIcon/AccessoryGlassOval2.png,https://acnhcdn.com/latest/FtrIcon/AccessoryGlassOval2.png,Blue,No,880.0,220.0,51.0,Light blue,Light blue,1x1,NA,Able Sisters,Available from either Mabel's temporary shop or Able Sisters shop,All Year,No,Simple,6.0,everyday; work,AccessoryEye,Yes,For sale,1.0.0,1.0.0,AccessoryGlassOval2,475.0,11088.0,ydCsvEetGaAQ4mNs2
oval glasses,https://acnhcdn.com/latest/ClosetIcon/AccessoryGlassOval3.png,https://acnhcdn.com/latest/FtrIcon/AccessoryGlassOval3.png,Purple,No,880.0,220.0,51.0,Purple,Purple,1x1,NA,Able Sisters,Available from either Mabel's temporary shop or Able Sisters shop,All Year,No,Simple,7.0,everyday; work,AccessoryEye,Yes,For sale,1.0.0,1.0.0,AccessoryGlassOval3,475.0,11089.0,9ZhHgTmKeqZ7fgcNr
pacifier,https://acnhcdn.com/latest/ClosetIcon/AccessoryMouthPacifier5.png,https://acnhcdn.com/latest/FtrIcon/AccessoryMouthPacifier5.png,Baby gray,No,560.0,140.0,51.0,Gray,Gray,1x1,NA,Able Sisters,Available from either Mabel's temporary shop or Able Sisters shop,All Year,No,Cute,1.0,comfy,AccessoryMouth,No,For sale,1.0.0,1.0.0,AccessoryMouthPacifier5,1055.0,11017.0,aWcYia7rWZ8nhXg37
pacifier,https://acnhcdn.com/latest/ClosetIcon/AccessoryMouthPacifier4.png,https://acnhcdn.com/latest/FtrIcon/AccessoryMouthPacifier4.png,Baby pink,No,560.0,140.0,51.0,Red,Red,1x1,NA,Able Sisters,Available from either Mabel's temporary shop or Able Sisters shop,All Year,No,Cute,2.0,comfy,AccessoryMouth,No,For sale,1.0.0,1.0.0,AccessoryMouthPacifier4,1055.0,11016.0,iAyukzDt8Kutfpmab
pacifier,https://acnhcdn.com/latest/ClosetIcon/AccessoryMouthPacifier0.png,https://acnhcdn.com/latest/FtrIcon/AccessoryMouthPacifier0.png,Baby purple,No,560.0,140.0,51.0,Pink,Pink,1x1,NA,Able Sisters,Available from either Mabel's temporary shop or Able Sisters shop,All Year,No,Cute,3.0,comfy,AccessoryMouth,No,For sale,1.0.0,1.0.0,AccessoryMouthPacifier0,1055.0,2298.0,bK8fXPaAy9f3Nqx9Q
pacifier,https://acnhcdn.com/latest/ClosetIcon/AccessoryMouthPacifier7.png,https://acnhcdn.com/latest/FtrIcon/AccessoryMouthPacifier7.png,Baby orange,No,560.0,140.0,51.0,Orange,Orange,1x1,NA,Able Sisters,Available from either Mabel's temporary shop or Able Sisters shop,All Year,No,Cute,4.0,comfy,AccessoryMouth,No,For sale,1.0.0,1.0.0,AccessoryMouthPacifier7,1055.0,11019.0,WZgrieHNMrjuw9Tah
pacifier,https://acnhcdn.com/latest/ClosetIcon/AccessoryMouthPacifier2.png,https://acnhcdn.com/latest/FtrIcon/AccessoryMouthPacifier2.png,Baby yellow,No,560.0,140.0,51.0,Yellow,Yellow,1x1,NA,Able Sisters,Available from either Mabel's temporary shop or Able Sisters shop,All Year,No,Cute,5.0,comfy,AccessoryMouth,No,For sale,1.0.0,1.0.0,AccessoryMouthPacifier2,1055.0,11014.0,iH9JsLkZTan5CQgTt
pacifier,https://acnhcdn.com/latest/ClosetIcon/AccessoryMouthPacifier3.png,https://acnhcdn.com/latest/FtrIcon/AccessoryMouthPacifier3.png,Baby green,No,560.0,140.0,51.0,Green,Green,1x1,NA,Able Sisters,Available from either Mabel's temporary shop or Able Sisters shop,All Year,No,Cute,6.0,comfy,AccessoryMouth,No,For sale,1.0.0,1.0.0,AccessoryMouthPacifier3,1055.0,11015.0,XRyQwLEtt9RwgvtST
pacifier,https://acnhcdn.com/latest/ClosetIcon/AccessoryMouthPacifier1.png,https://acnhcdn.com/latest/FtrIcon/AccessoryMouthPacifier1.png,Baby mint,No,560.0,140.0,51.0,Light blue,Light blue,1x1,NA,Able Sisters,Available from either Mabel's temporary shop or Able Sisters shop,All Year,No,Cute,7.0,comfy,AccessoryMouth,No,For sale,1.0.0,1.0.0,AccessoryMouthPacifier1,1055.0,11013.0,KMB2YJMHNzESo6Hws
pacifier,https://acnhcdn.com/latest/ClosetIcon/AccessoryMouthPacifier6.png,https://acnhcdn.com/latest/FtrIcon/AccessoryMouthPacifier6.png,Baby blue,No,560.0,140.0,51.0,Purple,Purple,1x1,NA,Able Sisters,Available from either Mabel's temporary shop or Able Sisters shop,All Year,No,Cute,8.0,comfy,AccessoryMouth,No,For sale,1.0.0,1.0.0,AccessoryMouthPacifier6,1055.0,11018.0,ScuP52AjZHPkhCuGP
pig nose,https://acnhcdn.com/latest/ClosetIcon/AccessoryMouthPigPink.png,https://acnhcdn.com/latest/FtrIcon/AccessoryMouthPigPink.png,NA,No,560.0,140.0,51.0,Pink,Pink,1x1,NA,Able Sisters,Available from Able Sisters shop only,All Year,No,Cute,1.0,fairy tale; party; theatrical,AccessoryMouthInvisibleNose,No,For sale,1.0.0,1.0.0,AccessoryMouthPigPink,485.0,4647.0,H2JSW7YDoTdLr6GTK
pilot shades,https://acnhcdn.com/latest/ClosetIcon/AccessoryGlassPilot0.png,https://acnhcdn.com/latest/FtrIcon/AccessoryGlassPilot0.png,Black,No,1300.0,325.0,51.0,Black,Brown,1x1,NA,Able Sisters,Available from either Mabel's temporary shop or Able Sisters shop,All Year,No,Cool,1.0,sporty; work,AccessoryEye,Yes,For sale,1.0.0,1.0.0,AccessoryGlassPilot0,382.0,4459.0,wuyb75e6fkA5976yx
pilot shades,https://acnhcdn.com/latest/ClosetIcon/AccessoryGlassPilot1.png,https://acnhcdn.com/latest/FtrIcon/AccessoryGlassPilot1.png,Gold,No,1300.0,325.0,51.0,Yellow,Black,1x1,NA,Able Sisters,Available from either Mabel's temporary shop or Able Sisters shop,All Year,Yes,Cool,2.0,sporty; work,AccessoryEye,Yes,For sale,1.0.0,1.0.0,AccessoryGlassPilot1,382.0,11214.0,nBHTPo8pt7eRL47PT
pirate beard,https://acnhcdn.com/latest/ClosetIcon/AccessoryMouthPirates0.png,https://acnhcdn.com/latest/FtrIcon/AccessoryMouthPirates0.png,NA,No,NFS,245.0,451.0,Colorful,Colorful,1x1,NA,Gullivarrr,,All Year,No,Cool,1.0,fairy tale; goth; theatrical,AccessoryMouthEarJaw,No,Not for sale,1.3.0,1.3.0,AccessoryMouthPirates0,1226.0,12663.0,isFLrwBtByekpKuLB
pirate eye patch,https://acnhcdn.com/latest/ClosetIcon/AccessoryGlassPiratespatch0.png,https://acnhcdn.com/latest/FtrIcon/AccessoryGlassPiratespatch0.png,NA,No,NFS,70.0,451.0,Black,Gray,1x1,NA,Gullivarrr,,All Year,No,Cool,1.0,fairy tale; goth; theatrical,AccessoryOneEye,Yes,Not for sale,1.3.0,1.3.0,AccessoryGlassPiratespatch0,1225.0,12662.0,pm3izhYzmdHRwnoWR
pixel shades,https://acnhcdn.com/latest/ClosetIcon/AccessoryGlassDot3.png,https://acnhcdn.com/latest/FtrIcon/AccessoryGlassDot3.png,Black,No,1320.0,330.0,51.0,Black,Black,1x1,NA,Able Sisters,Available from Able Sisters shop only,All Year,No,Cool,1.0,party; vacation,AccessoryEye,Yes,For sale,1.0.0,1.0.0,AccessoryGlassDot3,484.0,11225.0,GY4PDqrCZdcPWb4Ep
pixel shades,https://acnhcdn.com/latest/ClosetIcon/AccessoryGlassDot0.png,https://acnhcdn.com/latest/FtrIcon/AccessoryGlassDot0.png,Red,No,1320.0,330.0,51.0,Red,Black,1x1,NA,Able Sisters,Available from Able Sisters shop only,All Year,Yes,Cool,2.0,party; vacation,AccessoryEye,Yes,For sale,1.0.0,1.0.0,AccessoryGlassDot0,484.0,4646.0,Tp2dC3Dk4chwa4ebr
pixel shades,https://acnhcdn.com/latest/ClosetIcon/AccessoryGlassDot1.png,https://acnhcdn.com/latest/FtrIcon/AccessoryGlassDot1.png,Green,No,1320.0,330.0,51.0,Green,Black,1x1,NA,Able Sisters,Available from Able Sisters shop only,All Year,No,Cool,3.0,party; vacation,AccessoryEye,Yes,For sale,1.0.0,1.0.0,AccessoryGlassDot1,484.0,11223.0,6tFnu3DhC5HQvqmZ5
pixel shades,https://acnhcdn.com/latest/ClosetIcon/AccessoryGlassDot2.png,https://acnhcdn.com/latest/FtrIcon/AccessoryGlassDot2.png,Blue,No,1320.0,330.0,51.0,Blue,Black,1x1,NA,Able Sisters,Available from Able Sisters shop only,All Year,Yes,Cool,4.0,party; vacation,AccessoryEye,Yes,For sale,1.0.0,1.0.0,AccessoryGlassDot2,484.0,11224.0,SbAGGe9yg4EXAw35b
pleather mask,https://acnhcdn.com/latest/ClosetIcon/AccessoryMouthLeatherBlack.png,https://acnhcdn.com/latest/FtrIcon/AccessoryMouthLeatherBlack.png,NA,No,770.0,192.0,51.0,Black,Gray,1x1,NA,Able Sisters,Available from Able Sisters shop only,All Year,Yes,Cool,1.0,goth,AccessoryMouthEarJaw,No,For sale,1.0.0,1.0.0,AccessoryMouthLeatherBlack,922.0,6040.0,aN6Wsxguggh39oBiF
post-op patch,https://acnhcdn.com/latest/ClosetIcon/AccessoryGlassEyepatchWhite.png,https://acnhcdn.com/latest/FtrIcon/AccessoryGlassEyepatchWhite.png,NA,No,490.0,122.0,51.0,White,White,1x1,NA,Able Sisters,Available from either Mabel's temporary shop or Able Sisters shop,All Year,No,Simple,1.0,goth,AccessoryOneEye,Yes,For sale,1.0.0,1.0.0,AccessoryGlassEyepatchWhite,376.0,4452.0,8Qgoizxz547DtMNd7
privacy mask,https://acnhcdn.com/latest/ClosetIcon/AccessoryMouthCrowBlack.png,https://acnhcdn.com/latest/FtrIcon/AccessoryMouthCrowBlack.png,NA,No,560.0,140.0,51.0,Black,Black,1x1,NA,Able Sisters,Available from Able Sisters shop only,All Year,Yes,Cool,1.0,everyday; goth; comfy,AccessoryMouthEarJaw,No,For sale,1.0.0,1.0.0,AccessoryMouthCrowBlack,497.0,4671.0,4GDJFfMNHhsaXXrAN
reflector,https://acnhcdn.com/latest/ClosetIcon/AccessoryGlassMirrorGray.png,https://acnhcdn.com/latest/FtrIcon/AccessoryGlassMirrorGray.png,NA,No,560.0,140.0,51.0,Gray,Black,1x1,NA,Able Sisters,Available from Able Sisters shop only,All Year,No,Cool,1.0,work,AccessoryEye,Yes,For sale,1.0.0,1.0.0,AccessoryGlassMirrorGray,921.0,6039.0,J4EgETRkyeSESkRB7
retro shades,https://acnhcdn.com/latest/ClosetIcon/AccessoryGlassRetro0.png,https://acnhcdn.com/latest/FtrIcon/AccessoryGlassRetro0.png,Yellow,No,1560.0,390.0,51.0,White,Orange,1x1,NA,Able Sisters,Available from Able Sisters shop only,All Year,No,Elegant,1.0,everyday; party; vacation,AccessoryEye,Yes,For sale,1.0.0,1.0.0,AccessoryGlassRetro0,379.0,4456.0,SFFhXhR5sYQzJwXWj
retro shades,https://acnhcdn.com/latest/ClosetIcon/AccessoryGlassRetro5.png,https://acnhcdn.com/latest/FtrIcon/AccessoryGlassRetro5.png,Gray,No,1560.0,390.0,51.0,Gray,Black,1x1,NA,Able Sisters,Available from Able Sisters shop only,All Year,No,Elegant,2.0,everyday; party; vacation,AccessoryEye,Yes,For sale,1.0.0,1.0.0,AccessoryGlassRetro5,379.0,11213.0,6oqHAyihAjKRfH72Z
retro shades,https://acnhcdn.com/latest/ClosetIcon/AccessoryGlassRetro2.png,https://acnhcdn.com/latest/FtrIcon/AccessoryGlassRetro2.png,Red,No,1560.0,390.0,51.0,Pink,Red,1x1,NA,Able Sisters,Available from Able Sisters shop only,All Year,Yes,Elegant,3.0,everyday; party; vacation,AccessoryEye,Yes,For sale,1.0.0,1.0.0,AccessoryGlassRetro2,379.0,11210.0,zg6uY6WZNQcopNq67
retro shades,https://acnhcdn.com/latest/ClosetIcon/AccessoryGlassRetro3.png,https://acnhcdn.com/latest/FtrIcon/AccessoryGlassRetro3.png,Purple,No,1560.0,390.0,51.0,Pink,Purple,1x1,NA,Able Sisters,Available from Able Sisters shop only,All Year,No,Elegant,4.0,everyday; party; vacation,AccessoryEye,Yes,For sale,1.0.0,1.0.0,AccessoryGlassRetro3,379.0,11211.0,QqEG7ktLKMaXweFzg
retro shades,https://acnhcdn.com/latest/ClosetIcon/AccessoryGlassRetro1.png,https://acnhcdn.com/latest/FtrIcon/AccessoryGlassRetro1.png,Green,No,1560.0,390.0,51.0,Green,Green,1x1,NA,Able Sisters,Available from Able Sisters shop only,All Year,No,Elegant,5.0,everyday; party; vacation,AccessoryEye,Yes,For sale,1.0.0,1.0.0,AccessoryGlassRetro1,379.0,11209.0,zYw3PhLHsw2KZ7TBK
retro shades,https://acnhcdn.com/latest/ClosetIcon/AccessoryGlassRetro4.png,https://acnhcdn.com/latest/FtrIcon/AccessoryGlassRetro4.png,Blue,No,1560.0,390.0,51.0,Light blue,Green,1x1,NA,Able Sisters,Available from Able Sisters shop only,All Year,No,Elegant,6.0,everyday; party; vacation,AccessoryEye,Yes,For sale,1.0.0,1.0.0,AccessoryGlassRetro4,379.0,11212.0,cJCaAmMdqrHG8uDLH
rhinestone shades,https://acnhcdn.com/latest/ClosetIcon/AccessoryGlassRhinestone0.png,https://acnhcdn.com/latest/FtrIcon/AccessoryGlassRhinestone0.png,Red,No,1040.0,260.0,51.0,Red,Red,1x1,NA,Able Sisters,Available from Able Sisters shop only,All Year,No,Gorgeous,1.0,party; theatrical; vacation,AccessoryEye,Yes,For sale,1.0.0,1.0.0,AccessoryGlassRhinestone0,509.0,4683.0,BJFhJqt9KuaWGaWuM
rhinestone shades,https://acnhcdn.com/latest/ClosetIcon/AccessoryGlassRhinestone2.png,https://acnhcdn.com/latest/FtrIcon/AccessoryGlassRhinestone2.png,Purple,No,1040.0,260.0,51.0,Purple,Black,1x1,NA,Able Sisters,Available from Able Sisters shop only,All Year,No,Gorgeous,2.0,party; theatrical; vacation,AccessoryEye,Yes,For sale,1.0.0,1.0.0,AccessoryGlassRhinestone2,509.0,11227.0,qy2BWYZvJedPJ69yX
rhinestone shades,https://acnhcdn.com/latest/ClosetIcon/AccessoryGlassRhinestone1.png,https://acnhcdn.com/latest/FtrIcon/AccessoryGlassRhinestone1.png,Ochre,No,1040.0,260.0,51.0,Brown,Black,1x1,NA,Able Sisters,Available from Able Sisters shop only,All Year,No,Gorgeous,3.0,party; theatrical; vacation,AccessoryEye,Yes,For sale,1.0.0,1.0.0,AccessoryGlassRhinestone1,509.0,11226.0,iwtSmya59DpyGFB97
rimmed glasses,https://acnhcdn.com/latest/ClosetIcon/AccessoryGlassCircle2.png,https://acnhcdn.com/latest/FtrIcon/AccessoryGlassCircle2.png,Gray,No,630.0,157.0,51.0,Gray,Gray,1x1,NA,Able Sisters,Available from either Mabel's temporary shop or Able Sisters shop,All Year,No,Elegant,1.0,everyday; formal; work,AccessoryEye,Yes,For sale,1.0.0,1.0.0,AccessoryGlassCircle2,257.0,11185.0,jA7gAHyzXHk8qBRuq
rimmed glasses,https://acnhcdn.com/latest/ClosetIcon/AccessoryGlassCircle0.png,https://acnhcdn.com/latest/FtrIcon/AccessoryGlassCircle0.png,Black,No,630.0,157.0,51.0,Black,Black,1x1,NA,Able Sisters,Available from either Mabel's temporary shop or Able Sisters shop,All Year,Yes,Elegant,2.0,everyday; formal; work,AccessoryEye,Yes,For sale,1.0.0,1.0.0,AccessoryGlassCircle0,257.0,4235.0,DyPvwyWQK47TL4tjW
rimmed glasses,https://acnhcdn.com/latest/ClosetIcon/AccessoryGlassCircle1.png,https://acnhcdn.com/latest/FtrIcon/AccessoryGlassCircle1.png,Gold,No,630.0,157.0,51.0,Yellow,Yellow,1x1,NA,Able Sisters,Available from either Mabel's temporary shop or Able Sisters shop,All Year,No,Elegant,3.0,everyday; formal; work,AccessoryEye,Yes,For sale,1.0.0,1.0.0,AccessoryGlassCircle1,257.0,11184.0,xqu5YAX6AmrXR4Qmd
rimmed glasses,https://acnhcdn.com/latest/ClosetIcon/AccessoryGlassCircle4.png,https://acnhcdn.com/latest/FtrIcon/AccessoryGlassCircle4.png,Purple,No,630.0,157.0,51.0,Purple,Purple,1x1,NA,Able Sisters,Available from either Mabel's temporary shop or Able Sisters shop,All Year,Yes,Elegant,4.0,everyday; formal; work,AccessoryEye,Yes,For sale,1.0.0,1.0.0,AccessoryGlassCircle4,257.0,11187.0,fjKzCMBMhcJNEjsTv
rimmed glasses,https://acnhcdn.com/latest/ClosetIcon/AccessoryGlassCircle3.png,https://acnhcdn.com/latest/FtrIcon/AccessoryGlassCircle3.png,Brown,No,630.0,157.0,51.0,Brown,Brown,1x1,NA,Able Sisters,Available from either Mabel's temporary shop or Able Sisters shop,All Year,Yes,Elegant,5.0,everyday; formal; work,AccessoryEye,Yes,For sale,1.0.0,1.0.0,AccessoryGlassCircle3,257.0,11186.0,RpfNwdBEPoqgF5pkh
round shades,https://acnhcdn.com/latest/ClosetIcon/AccessoryGlassBoston6.png,https://acnhcdn.com/latest/FtrIcon/AccessoryGlassBoston6.png,White,No,1560.0,390.0,51.0,White,Black,1x1,NA,Able Sisters,Available from Able Sisters shop only,All Year,No,Cool,1.0,everyday; party; vacation,AccessoryEye,Yes,For sale,1.0.0,1.0.0,AccessoryGlassBoston6,263.0,11201.0,z8KywWDutyXSsgXoy
round shades,https://acnhcdn.com/latest/ClosetIcon/AccessoryGlassBoston0.png,https://acnhcdn.com/latest/FtrIcon/AccessoryGlassBoston0.png,Black,No,1560.0,390.0,51.0,Black,Black,1x1,NA,Able Sisters,Available from Able Sisters shop only,All Year,Yes,Cool,2.0,everyday; party; vacation,AccessoryEye,Yes,For sale,1.0.0,1.0.0,AccessoryGlassBoston0,263.0,4241.0,SdqiPF4Fzw8HrPY4k
round shades,https://acnhcdn.com/latest/ClosetIcon/AccessoryGlassBoston5.png,https://acnhcdn.com/latest/FtrIcon/AccessoryGlassBoston5.png,Red,No,1560.0,390.0,51.0,Red,Black,1x1,NA,Able Sisters,Available from Able Sisters shop only,All Year,Yes,Cool,3.0,everyday; party; vacation,AccessoryEye,Yes,For sale,1.0.0,1.0.0,AccessoryGlassBoston5,263.0,11200.0,Z9bJ6cYkY6hC4mL4o
round shades,https://acnhcdn.com/latest/ClosetIcon/AccessoryGlassBoston4.png,https://acnhcdn.com/latest/FtrIcon/AccessoryGlassBoston4.png,Pink,No,1560.0,390.0,51.0,Pink,Black,1x1,NA,Able Sisters,Available from Able Sisters shop only,All Year,No,Cool,4.0,everyday; party; vacation,AccessoryEye,Yes,For sale,1.0.0,1.0.0,AccessoryGlassBoston4,263.0,11199.0,KFNjnL6rqYckLECFB
round shades,https://acnhcdn.com/latest/ClosetIcon/AccessoryGlassBoston3.png,https://acnhcdn.com/latest/FtrIcon/AccessoryGlassBoston3.png,Yellow,No,1560.0,390.0,51.0,Yellow,Black,1x1,NA,Able Sisters,Available from Able Sisters shop only,All Year,No,Cool,5.0,everyday; party; vacation,AccessoryEye,Yes,For sale,1.0.0,1.0.0,AccessoryGlassBoston3,263.0,11198.0,BE37D4h9xHkhRwgmH
round shades,https://acnhcdn.com/latest/ClosetIcon/AccessoryGlassBoston1.png,https://acnhcdn.com/latest/FtrIcon/AccessoryGlassBoston1.png,Green,No,1560.0,390.0,51.0,Green,Black,1x1,NA,Able Sisters,Available from Able Sisters shop only,All Year,Yes,Cool,6.0,everyday; party; vacation,AccessoryEye,Yes,For sale,1.0.0,1.0.0,AccessoryGlassBoston1,263.0,11196.0,Mf9c5DHdko9uWo2Hu
round shades,https://acnhcdn.com/latest/ClosetIcon/AccessoryGlassBoston2.png,https://acnhcdn.com/latest/FtrIcon/AccessoryGlassBoston2.png,Blue,No,1560.0,390.0,51.0,Blue,Black,1x1,NA,Able Sisters,Available from Able Sisters shop only,All Year,No,Cool,7.0,everyday; party; vacation,AccessoryEye,Yes,For sale,1.0.0,1.0.0,AccessoryGlassBoston2,263.0,11197.0,hyhWF8rW2Y2AkXGTj
round shades,https://acnhcdn.com/latest/ClosetIcon/AccessoryGlassBoston7.png,https://acnhcdn.com/latest/FtrIcon/AccessoryGlassBoston7.png,Purple,No,1560.0,390.0,51.0,Purple,Black,1x1,NA,Able Sisters,Available from Able Sisters shop only,All Year,No,Cool,8.0,everyday; party; vacation,AccessoryEye,Yes,For sale,1.0.0,1.0.0,AccessoryGlassBoston7,263.0,11202.0,fy6sue9jdYtpwh4Aq
round tinted shades,https://acnhcdn.com/latest/ClosetIcon/AccessoryGlassRound0.png,https://acnhcdn.com/latest/FtrIcon/AccessoryGlassRound0.png,Brown,No,880.0,220.0,51.0,Orange,Brown,1x1,NA,Able Sisters,Available from either Mabel's temporary shop or Able Sisters shop,All Year,Yes,Simple,1.0,everyday; formal,AccessoryEye,Yes,For sale,1.0.0,1.0.0,AccessoryGlassRound0,473.0,4607.0,GdrT6sBLFECRG8LyN
round tinted shades,https://acnhcdn.com/latest/ClosetIcon/AccessoryGlassRound1.png,https://acnhcdn.com/latest/FtrIcon/AccessoryGlassRound1.png,Light brown,No,880.0,220.0,51.0,Orange,Brown,1x1,NA,Able Sisters,Available from either Mabel's temporary shop or Able Sisters shop,All Year,No,Simple,2.0,everyday; formal,AccessoryEye,Yes,For sale,1.0.0,1.0.0,AccessoryGlassRound1,473.0,11220.0,KqtiBXYfKejymQ4Wg
round tinted shades,https://acnhcdn.com/latest/ClosetIcon/AccessoryGlassRound3.png,https://acnhcdn.com/latest/FtrIcon/AccessoryGlassRound3.png,Green,No,880.0,220.0,51.0,Green,Brown,1x1,NA,Able Sisters,Available from either Mabel's temporary shop or Able Sisters shop,All Year,No,Simple,3.0,everyday; formal,AccessoryEye,Yes,For sale,1.0.0,1.0.0,AccessoryGlassRound3,473.0,11222.0,CeX6fKZRL2XFK7jnW
round tinted shades,https://acnhcdn.com/latest/ClosetIcon/AccessoryGlassRound2.png,https://acnhcdn.com/latest/FtrIcon/AccessoryGlassRound2.png,Dark brown,No,880.0,220.0,51.0,Brown,Brown,1x1,NA,Able Sisters,Available from either Mabel's temporary shop or Able Sisters shop,All Year,Yes,Simple,4.0,everyday; formal,AccessoryEye,Yes,For sale,1.0.0,1.0.0,AccessoryGlassRound2,473.0,11221.0,tfuBgNyNNSXc3o4Q2
rounded beard,https://acnhcdn.com/latest/ClosetIcon/AccessoryMouthBeardRoundBlack.png,https://acnhcdn.com/latest/FtrIcon/AccessoryMouthBeardRoundBlack.png,NA,No,980.0,245.0,51.0,Colorful,Colorful,1x1,NA,Able Sisters,Available from Able Sisters shop only,All Year,No,Cool,1.0,everyday; comfy; theatrical,AccessoryMouthEarJaw,No,For sale,1.0.0,1.0.0,AccessoryMouthBeardRoundBlack,505.0,4679.0,As4RR5kDBbDWqHP69
shattered glasses,https://acnhcdn.com/latest/ClosetIcon/AccessoryGlassCrackBlack.png,https://acnhcdn.com/latest/FtrIcon/AccessoryGlassCrackBlack.png,NA,No,NFS,10.0,53.0,Black,Light blue,1x1,NA,Recycle bin,,All Year,No,Simple,1.0,goth,AccessoryEye,Yes,Not for sale,1.0.0,1.0.0,AccessoryGlassCrackBlack,315.0,4337.0,9nxh9LSDKZoYjygJg
ski goggles,https://acnhcdn.com/latest/ClosetIcon/AccessoryGlassGogglesski1.png,https://acnhcdn.com/latest/FtrIcon/AccessoryGlassGogglesski1.png,Yellow,No,980.0,245.0,51.0,Pink,Yellow,1x1,NA,Able Sisters,Available from Able Sisters shop only,Winter,No,Active,1.0,outdoorsy; sporty,AccessoryEye,Yes,For sale,1.0.0,1.0.0,AccessoryGlassGogglesski1,377.0,11479.0,NwNqq5g2iw4DeMsBY
ski goggles,https://acnhcdn.com/latest/ClosetIcon/AccessoryGlassGogglesski0.png,https://acnhcdn.com/latest/FtrIcon/AccessoryGlassGogglesski0.png,White,No,980.0,245.0,51.0,Orange,White,1x1,NA,Able Sisters,Available from Able Sisters shop only,Winter,Yes,Active,2.0,outdoorsy; sporty,AccessoryEye,Yes,For sale,1.0.0,1.0.0,AccessoryGlassGogglesski0,377.0,4453.0,GWhWLPt3sExfeAG2c
ski goggles,https://acnhcdn.com/latest/ClosetIcon/AccessoryGlassGogglesski2.png,https://acnhcdn.com/latest/FtrIcon/AccessoryGlassGogglesski2.png,Purple,No,980.0,245.0,51.0,Green,Blue,1x1,NA,Able Sisters,Available from Able Sisters shop only,Winter,No,Active,3.0,outdoorsy; sporty,AccessoryEye,Yes,For sale,1.0.0,1.0.0,AccessoryGlassGogglesski2,377.0,11480.0,4umKSoR2BWtW6JyFK
ski goggles,https://acnhcdn.com/latest/ClosetIcon/AccessoryGlassGogglesski5.png,https://acnhcdn.com/latest/FtrIcon/AccessoryGlassGogglesski5.png,Orange,No,980.0,245.0,51.0,Light blue,Orange,1x1,NA,Able Sisters,Available from Able Sisters shop only,Winter,No,Active,4.0,outdoorsy; sporty,AccessoryEye,Yes,For sale,1.0.0,1.0.0,AccessoryGlassGogglesski5,377.0,11483.0,vSksuA8nCN72Tq3ji
ski goggles,https://acnhcdn.com/latest/ClosetIcon/AccessoryGlassGogglesski4.png,https://acnhcdn.com/latest/FtrIcon/AccessoryGlassGogglesski4.png,Green,No,980.0,245.0,51.0,Blue,Green,1x1,NA,Able Sisters,Available from Able Sisters shop only,Winter,No,Active,5.0,outdoorsy; sporty,AccessoryEye,Yes,For sale,1.0.0,1.0.0,AccessoryGlassGogglesski4,377.0,11482.0,SydPBHGEnpRAKuCfq
ski goggles,https://acnhcdn.com/latest/ClosetIcon/AccessoryGlassGogglesski3.png,https://acnhcdn.com/latest/FtrIcon/AccessoryGlassGogglesski3.png,Pink,No,980.0,245.0,51.0,Purple,Pink,1x1,NA,Able Sisters,Available from Able Sisters shop only,Winter,No,Active,6.0,outdoorsy; sporty,AccessoryEye,Yes,For sale,1.0.0,1.0.0,AccessoryGlassGogglesski3,377.0,11481.0,RBByDZoTeK5b6jvXn
snorkel mask,https://acnhcdn.com/latest/ClosetIcon/AccessoryGlassmouthDiver5.png,https://acnhcdn.com/latest/FtrIcon/AccessoryGlassmouthDiver5.png,Black,No,700.0,175.0,51.0,Gray,Black,1x1,NA,Nintendo; Able Sisters,Available from either Mabel's temporary shop or Able Sisters shop,Summer,,Active,1.0,outdoorsy; sporty; vacation; work,AccessoryEye,No,For sale,1.3.0,1.3.0,AccessoryGlassmouthDiver5,432.0,11497.0,jFwR59w58PSPL53K4
snorkel mask,https://acnhcdn.com/latest/ClosetIcon/AccessoryGlassmouthDiver2.png,https://acnhcdn.com/latest/FtrIcon/AccessoryGlassmouthDiver2.png,Red,No,700.0,175.0,51.0,Red,Red,1x1,NA,Nintendo; Able Sisters,Available from either Mabel's temporary shop or Able Sisters shop,Summer,,Active,2.0,outdoorsy; sporty; vacation; work,AccessoryEye,No,For sale,1.3.0,1.3.0,AccessoryGlassmouthDiver2,432.0,11494.0,ekXFtoFg8mmsbyZYp
snorkel mask,https://acnhcdn.com/latest/ClosetIcon/AccessoryGlassmouthDiver3.png,https://acnhcdn.com/latest/FtrIcon/AccessoryGlassmouthDiver3.png,Pink,No,700.0,175.0,51.0,Pink,Pink,1x1,NA,Nintendo; Able Sisters,Available from either Mabel's temporary shop or Able Sisters shop,Summer,,Active,3.0,outdoorsy; sporty; vacation; work,AccessoryEye,No,For sale,1.3.0,1.3.0,AccessoryGlassmouthDiver3,432.0,11495.0,3oBKZL4APPZGp7KpN
snorkel mask,https://acnhcdn.com/latest/ClosetIcon/AccessoryGlassmouthDiver1.png,https://acnhcdn.com/latest/FtrIcon/AccessoryGlassmouthDiver1.png,Orange,No,700.0,175.0,51.0,Yellow,Orange,1x1,NA,Nintendo; Able Sisters,Available from either Mabel's temporary shop or Able Sisters shop,Summer,,Active,4.0,outdoorsy; sporty; vacation; work,AccessoryEye,No,For sale,1.3.0,1.3.0,AccessoryGlassmouthDiver1,432.0,11493.0,xHJu2dJts5RYTFw7p
snorkel mask,https://acnhcdn.com/latest/ClosetIcon/AccessoryGlassmouthDiver4.png,https://acnhcdn.com/latest/FtrIcon/AccessoryGlassmouthDiver4.png,Green,No,700.0,175.0,51.0,Green,Green,1x1,NA,Nintendo; Able Sisters,Available from either Mabel's temporary shop or Able Sisters shop,Summer,,Active,5.0,outdoorsy; sporty; vacation; work,AccessoryEye,No,For sale,1.3.0,1.3.0,AccessoryGlassmouthDiver4,432.0,11496.0,v9xCArJntbpz9FhSG
snorkel mask,https://acnhcdn.com/latest/ClosetIcon/AccessoryGlassmouthDiver0.png,https://acnhcdn.com/latest/FtrIcon/AccessoryGlassmouthDiver0.png,Blue,No,700.0,175.0,51.0,Light blue,Blue,1x1,NA,Nintendo; Able Sisters,Available from either Mabel's temporary shop or Able Sisters shop,Summer,,Active,6.0,outdoorsy; sporty; vacation; work,AccessoryEye,No,For sale,1.3.0,1.3.0,AccessoryGlassmouthDiver0,432.0,4551.0,rSw6wK34RyoG5cMe3
sporty shades,https://acnhcdn.com/latest/ClosetIcon/AccessoryGlassSports1.png,https://acnhcdn.com/latest/FtrIcon/AccessoryGlassSports1.png,White,No,1300.0,325.0,51.0,White,Orange,1x1,NA,Able Sisters,Available from either Mabel's temporary shop or Able Sisters shop,All Year,No,Active,1.0,outdoorsy; sporty,AccessoryEye,Yes,For sale,1.0.0,1.0.0,AccessoryGlassSports1,381.0,11489.0,CA5YASgCBpgL2PSpX
sporty shades,https://acnhcdn.com/latest/ClosetIcon/AccessoryGlassSports0.png,https://acnhcdn.com/latest/FtrIcon/AccessoryGlassSports0.png,Black,No,1300.0,325.0,51.0,Black,Orange,1x1,NA,Able Sisters,Available from either Mabel's temporary shop or Able Sisters shop,All Year,No,Active,2.0,outdoorsy; sporty,AccessoryEye,Yes,For sale,1.0.0,1.0.0,AccessoryGlassSports0,381.0,4458.0,QkHqffg8X4eTL6PXX
sporty shades,https://acnhcdn.com/latest/ClosetIcon/AccessoryGlassSports2.png,https://acnhcdn.com/latest/FtrIcon/AccessoryGlassSports2.png,Pink,No,1300.0,325.0,51.0,Pink,Pink,1x1,NA,Able Sisters,Available from either Mabel's temporary shop or Able Sisters shop,All Year,No,Active,3.0,outdoorsy; sporty,AccessoryEye,Yes,For sale,1.0.0,1.0.0,AccessoryGlassSports2,381.0,11490.0,GgdcckY8p5Rg5NyTY
sporty shades,https://acnhcdn.com/latest/ClosetIcon/AccessoryGlassSports3.png,https://acnhcdn.com/latest/FtrIcon/AccessoryGlassSports3.png,Lime,No,1300.0,325.0,51.0,Green,Light blue,1x1,NA,Able Sisters,Available from either Mabel's temporary shop or Able Sisters shop,All Year,No,Active,4.0,outdoorsy; sporty,AccessoryEye,Yes,For sale,1.0.0,1.0.0,AccessoryGlassSports3,381.0,11491.0,uwEjreWEdYSbuxXE9
sporty shades,https://acnhcdn.com/latest/ClosetIcon/AccessoryGlassSports4.png,https://acnhcdn.com/latest/FtrIcon/AccessoryGlassSports4.png,Light blue,No,1300.0,325.0,51.0,Light blue,Blue,1x1,NA,Able Sisters,Available from either Mabel's temporary shop or Able Sisters shop,All Year,No,Active,5.0,outdoorsy; sporty,AccessoryEye,Yes,For sale,1.0.0,1.0.0,AccessoryGlassSports4,381.0,11492.0,THB8TWPykhsELXErr
square glasses,https://acnhcdn.com/latest/ClosetIcon/AccessoryGlassSquare2.png,https://acnhcdn.com/latest/FtrIcon/AccessoryGlassSquare2.png,Gray,No,880.0,220.0,51.0,Gray,Gray,1x1,NA,Able Sisters,Available from either Mabel's temporary shop or Able Sisters shop,All Year,No,Simple,1.0,everyday; formal; work,AccessoryEye,Yes,For sale,1.0.0,1.0.0,AccessoryGlassSquare2,258.0,11067.0,QxFwFytYcWo5acGtW
square glasses,https://acnhcdn.com/latest/ClosetIcon/AccessoryGlassSquare1.png,https://acnhcdn.com/latest/FtrIcon/AccessoryGlassSquare1.png,Black,No,880.0,220.0,51.0,Black,Black,1x1,NA,Able Sisters,Available from either Mabel's temporary shop or Able Sisters shop,All Year,Yes,Simple,2.0,everyday; formal; work,AccessoryEye,Yes,For sale,1.0.0,1.0.0,AccessoryGlassSquare1,258.0,11066.0,LhvFWS5ADiDiPJwai
square glasses,https://acnhcdn.com/latest/ClosetIcon/AccessoryGlassSquare3.png,https://acnhcdn.com/latest/FtrIcon/AccessoryGlassSquare3.png,Blue,No,880.0,220.0,51.0,Blue,Blue,1x1,NA,Able Sisters,Available from either Mabel's temporary shop or Able Sisters shop,All Year,Yes,Simple,3.0,everyday; formal; work,AccessoryEye,Yes,For sale,1.0.0,1.0.0,AccessoryGlassSquare3,258.0,11068.0,CvziuqadDpoQgGK4C
square glasses,https://acnhcdn.com/latest/ClosetIcon/AccessoryGlassSquare0.png,https://acnhcdn.com/latest/FtrIcon/AccessoryGlassSquare0.png,Brown,No,880.0,220.0,51.0,Brown,Brown,1x1,NA,Able Sisters,Available from either Mabel's temporary shop or Able Sisters shop,All Year,Yes,Simple,4.0,everyday; formal; work,AccessoryEye,Yes,For sale,1.0.0,1.0.0,AccessoryGlassSquare0,258.0,4236.0,rAzkKijSEqXzoAZKY
stache & glasses,https://acnhcdn.com/latest/ClosetIcon/AccessoryGlassmouthBeard0.png,https://acnhcdn.com/latest/FtrIcon/AccessoryGlassmouthBeard0.png,Black,No,770.0,192.0,51.0,Black,Orange,1x1,NA,Able Sisters,Available from Able Sisters shop only,All Year,No,Cute,1.0,party; theatrical,AcceEyeMouth,Yes,For sale,1.0.0,1.0.0,AccessoryGlassmouthBeard0,408.0,4501.0,s7hDzZ3ajPpK9fnEW
stache & glasses,https://acnhcdn.com/latest/ClosetIcon/AccessoryGlassmouthBeard1.png,https://acnhcdn.com/latest/FtrIcon/AccessoryGlassmouthBeard1.png,Red,No,770.0,192.0,51.0,Red,Black,1x1,NA,Able Sisters,Available from Able Sisters shop only,All Year,No,Cute,2.0,party; theatrical,AcceEyeMouth,Yes,For sale,1.0.0,1.0.0,AccessoryGlassmouthBeard1,408.0,11007.0,M8owND8DnAEKA9nuX
star shades,https://acnhcdn.com/latest/ClosetIcon/AccessoryGlassStar1.png,https://acnhcdn.com/latest/FtrIcon/AccessoryGlassStar1.png,Pink,No,880.0,220.0,51.0,Pink,Black,1x1,NA,Able Sisters,Available from either Mabel's temporary shop or Able Sisters shop,All Year,No,Cute,1.0,party; vacation,AccessoryEye,Yes,For sale,1.0.0,1.0.0,AccessoryGlassStar1,262.0,11192.0,PCZAYraP9kdaqnZy7
star shades,https://acnhcdn.com/latest/ClosetIcon/AccessoryGlassStar0.png,https://acnhcdn.com/latest/FtrIcon/AccessoryGlassStar0.png,Yellow,No,880.0,220.0,51.0,Yellow,Black,1x1,NA,Able Sisters,Available from either Mabel's temporary shop or Able Sisters shop,All Year,No,Cute,2.0,party; vacation,AccessoryEye,Yes,For sale,1.0.0,1.0.0,AccessoryGlassStar0,262.0,4240.0,y4n8SisxyS7dGRWL7
star shades,https://acnhcdn.com/latest/ClosetIcon/AccessoryGlassStar4.png,https://acnhcdn.com/latest/FtrIcon/AccessoryGlassStar4.png,Green,No,880.0,220.0,51.0,Green,Black,1x1,NA,Able Sisters,Available from either Mabel's temporary shop or Able Sisters shop,All Year,No,Cute,3.0,party; vacation,AccessoryEye,Yes,For sale,1.0.0,1.0.0,AccessoryGlassStar4,262.0,11195.0,PaF6nho2LRBu5x7Pi
star shades,https://acnhcdn.com/latest/ClosetIcon/AccessoryGlassStar2.png,https://acnhcdn.com/latest/FtrIcon/AccessoryGlassStar2.png,Blue,No,880.0,220.0,51.0,Light blue,Black,1x1,NA,Able Sisters,Available from either Mabel's temporary shop or Able Sisters shop,All Year,Yes,Cute,4.0,party; vacation,AccessoryEye,Yes,For sale,1.0.0,1.0.0,AccessoryGlassStar2,262.0,11193.0,h4zk6rrWiX94jefGH
star shades,https://acnhcdn.com/latest/ClosetIcon/AccessoryGlassStar3.png,https://acnhcdn.com/latest/FtrIcon/AccessoryGlassStar3.png,Purple,No,880.0,220.0,51.0,Purple,Black,1x1,NA,Able Sisters,Available from either Mabel's temporary shop or Able Sisters shop,All Year,No,Cute,5.0,party; vacation,AccessoryEye,Yes,For sale,1.0.0,1.0.0,AccessoryGlassStar3,262.0,11194.0,GiBvxa93RwTN46zhE
steampunk glasses,https://acnhcdn.com/latest/ClosetIcon/AccessoryGlassSteampunk0.png,https://acnhcdn.com/latest/FtrIcon/AccessoryGlassSteampunk0.png,Green,No,1300.0,325.0,51.0,Brown,Green,1x1,NA,Able Sisters,Available from Able Sisters shop only,All Year,No,Gorgeous,1.0,fairy tale; theatrical,AccessoryEye,Yes,For sale,1.0.0,1.0.0,AccessoryGlassSteampunk0,511.0,4685.0,uANDLz5EDWphoM3Lc
steampunk glasses,https://acnhcdn.com/latest/ClosetIcon/AccessoryGlassSteampunk1.png,https://acnhcdn.com/latest/FtrIcon/AccessoryGlassSteampunk1.png,Purple,No,1300.0,325.0,51.0,Brown,Purple,1x1,NA,Able Sisters,Available from Able Sisters shop only,All Year,No,Gorgeous,2.0,fairy tale; theatrical,AccessoryEye,Yes,For sale,1.0.0,1.0.0,AccessoryGlassSteampunk1,511.0,11505.0,Rhhrv89PGEMbdbdPt
sticky rice,https://acnhcdn.com/latest/ClosetIcon/AccessoryMouthRice.png,https://acnhcdn.com/latest/FtrIcon/AccessoryMouthRice.png,NA,No,490.0,122.0,51.0,White,White,1x1,NA,Able Sisters,Available from either Mabel's temporary shop or Able Sisters shop,All Year,No,Simple,1.0,comfy,AccessoryMouth,No,For sale,1.0.0,1.0.0,AccessoryMouthRice,489.0,4652.0,isnXDFfGkHKKB8bMP
superhero mask,https://acnhcdn.com/latest/ClosetIcon/AccessoryGlassHeromaskBlack.png,https://acnhcdn.com/latest/FtrIcon/AccessoryGlassHeromaskBlack.png,NA,No,1040.0,260.0,51.0,Black,Black,1x1,NA,Able Sisters,Available from Able Sisters shop only,All Year,No,Cool,1.0,fairy tale; theatrical; work,AccessoryEye,Yes,For sale,1.0.0,1.0.0,AccessoryGlassHeromaskBlack,510.0,4684.0,fK2Xz8nxAebSkWNdE
tiny shades,https://acnhcdn.com/latest/ClosetIcon/AccessoryGlassMini1.png,https://acnhcdn.com/latest/FtrIcon/AccessoryGlassMini1.png,Black,No,1100.0,275.0,51.0,Black,Black,1x1,NA,Able Sisters,Available from either Mabel's temporary shop or Able Sisters shop,All Year,No,Cool,1.0,fairy tale; formal,AccessoryEye,Yes,For sale,1.0.0,1.0.0,AccessoryGlassMini1,384.0,11215.0,tCxZoqcR8egLcu4oh
tiny shades,https://acnhcdn.com/latest/ClosetIcon/AccessoryGlassMini2.png,https://acnhcdn.com/latest/FtrIcon/AccessoryGlassMini2.png,Berry red,No,1100.0,275.0,51.0,Red,Black,1x1,NA,Able Sisters,Available from either Mabel's temporary shop or Able Sisters shop,All Year,No,Cool,2.0,fairy tale; formal,AccessoryEye,Yes,For sale,1.0.0,1.0.0,AccessoryGlassMini2,384.0,11216.0,8YkgkHp2z5tycST3j
tiny shades,https://acnhcdn.com/latest/ClosetIcon/AccessoryGlassMini0.png,https://acnhcdn.com/latest/FtrIcon/AccessoryGlassMini0.png,Gold,No,1100.0,275.0,51.0,Yellow,Black,1x1,NA,Able Sisters,Available from either Mabel's temporary shop or Able Sisters shop,All Year,Yes,Cool,3.0,fairy tale; formal,AccessoryEye,Yes,For sale,1.0.0,1.0.0,AccessoryGlassMini0,384.0,4461.0,DnZtrKfwj3MAy6PZc
tortoise specs,https://acnhcdn.com/latest/ClosetIcon/AccessoryGlassTortoiseshell2.png,https://acnhcdn.com/latest/FtrIcon/AccessoryGlassTortoiseshell2.png,Black,No,1040.0,260.0,51.0,Black,Beige,1x1,NA,Able Sisters,Available from either Mabel's temporary shop or Able Sisters shop,All Year,Yes,Simple,1.0,everyday; formal,AccessoryEye,Yes,For sale,1.0.0,1.0.0,AccessoryGlassTortoiseshell2,383.0,11080.0,fEshNAFDwcyo9v2fX
tortoise specs,https://acnhcdn.com/latest/ClosetIcon/AccessoryGlassTortoiseshell1.png,https://acnhcdn.com/latest/FtrIcon/AccessoryGlassTortoiseshell1.png,Beige,No,1040.0,260.0,51.0,Orange,Beige,1x1,NA,Able Sisters,Available from either Mabel's temporary shop or Able Sisters shop,All Year,No,Simple,2.0,everyday; formal,AccessoryEye,Yes,For sale,1.0.0,1.0.0,AccessoryGlassTortoiseshell1,383.0,11079.0,jewJFqgFQTHKyAKTz
tortoise specs,https://acnhcdn.com/latest/ClosetIcon/AccessoryGlassTortoiseshell0.png,https://acnhcdn.com/latest/FtrIcon/AccessoryGlassTortoiseshell0.png,Brown,No,1040.0,260.0,51.0,Brown,Orange,1x1,NA,Able Sisters,Available from either Mabel's temporary shop or Able Sisters shop,All Year,Yes,Simple,3.0,everyday; formal,AccessoryEye,Yes,For sale,1.0.0,1.0.0,AccessoryGlassTortoiseshell0,383.0,4460.0,kqomsYL33TB7zaNtY
triangle shades,https://acnhcdn.com/latest/ClosetIcon/AccessoryGlassTriangle5.png,https://acnhcdn.com/latest/FtrIcon/AccessoryGlassTriangle5.png,White,No,880.0,220.0,51.0,White,Purple,1x1,NA,Able Sisters,Available from either Mabel's temporary shop or Able Sisters shop,All Year,No,Cute,1.0,party; vacation,AccessoryEye,Yes,For sale,1.0.0,1.0.0,AccessoryGlassTriangle5,264.0,11207.0,QpAQQTRoBmcjNBeEK
triangle shades,https://acnhcdn.com/latest/ClosetIcon/AccessoryGlassTriangle6.png,https://acnhcdn.com/latest/FtrIcon/AccessoryGlassTriangle6.png,Black,No,880.0,220.0,51.0,Black,Purple,1x1,NA,Able Sisters,Available from either Mabel's temporary shop or Able Sisters shop,All Year,No,Cute,2.0,party; vacation,AccessoryEye,Yes,For sale,1.0.0,1.0.0,AccessoryGlassTriangle6,264.0,11208.0,vGHab8KFNDFRgW5h6
triangle shades,https://acnhcdn.com/latest/ClosetIcon/AccessoryGlassTriangle0.png,https://acnhcdn.com/latest/FtrIcon/AccessoryGlassTriangle0.png,Red,No,880.0,220.0,51.0,Red,Purple,1x1,NA,Able Sisters,Available from either Mabel's temporary shop or Able Sisters shop,All Year,No,Cute,3.0,party; vacation,AccessoryEye,Yes,For sale,1.0.0,1.0.0,AccessoryGlassTriangle0,264.0,4242.0,cw8m5tS85qMGGnpy9
triangle shades,https://acnhcdn.com/latest/ClosetIcon/AccessoryGlassTriangle1.png,https://acnhcdn.com/latest/FtrIcon/AccessoryGlassTriangle1.png,Orange,No,880.0,220.0,51.0,Orange,Purple,1x1,NA,Able Sisters,Available from either Mabel's temporary shop or Able Sisters shop,All Year,No,Cute,4.0,party; vacation,AccessoryEye,Yes,For sale,1.0.0,1.0.0,AccessoryGlassTriangle1,264.0,11203.0,cR58LxuFK4Kcxh7fc
triangle shades,https://acnhcdn.com/latest/ClosetIcon/AccessoryGlassTriangle4.png,https://acnhcdn.com/latest/FtrIcon/AccessoryGlassTriangle4.png,Green,No,880.0,220.0,51.0,Green,Purple,1x1,NA,Able Sisters,Available from either Mabel's temporary shop or Able Sisters shop,All Year,No,Cute,5.0,party; vacation,AccessoryEye,Yes,For sale,1.0.0,1.0.0,AccessoryGlassTriangle4,264.0,11206.0,4edkdodmNhmpkSCBo
triangle shades,https://acnhcdn.com/latest/ClosetIcon/AccessoryGlassTriangle2.png,https://acnhcdn.com/latest/FtrIcon/AccessoryGlassTriangle2.png,Blue,No,880.0,220.0,51.0,Light blue,Purple,1x1,NA,Able Sisters,Available from either Mabel's temporary shop or Able Sisters shop,All Year,No,Cute,6.0,party; vacation,AccessoryEye,Yes,For sale,1.0.0,1.0.0,AccessoryGlassTriangle2,264.0,11204.0,xSM4vD2KSok5cjo6p
triangle shades,https://acnhcdn.com/latest/ClosetIcon/AccessoryGlassTriangle3.png,https://acnhcdn.com/latest/FtrIcon/AccessoryGlassTriangle3.png,Purple,No,880.0,220.0,51.0,Purple,Purple,1x1,NA,Able Sisters,Available from either Mabel's temporary shop or Able Sisters shop,All Year,No,Cute,7.0,party; vacation,AccessoryEye,Yes,For sale,1.0.0,1.0.0,AccessoryGlassTriangle3,264.0,11205.0,vAuSuBJcAfyMR6wk7
wooden-frame glasses,https://acnhcdn.com/latest/ClosetIcon/AccessoryGlassWood0.png,https://acnhcdn.com/latest/FtrIcon/AccessoryGlassWood0.png,Brown,No,1560.0,390.0,51.0,Brown,Gray,1x1,NA,Able Sisters,Available from either Mabel's temporary shop or Able Sisters shop,All Year,Yes,Simple,1.0,everyday; formal; work,AccessoryEye,Yes,For sale,1.0.0,1.0.0,AccessoryGlassWood0,496.0,4669.0,dbnqry4vZBvK6LrS2
wooden-frame glasses,https://acnhcdn.com/latest/ClosetIcon/AccessoryGlassWood1.png,https://acnhcdn.com/latest/FtrIcon/AccessoryGlassWood1.png,Dark brown,No,1560.0,390.0,51.0,Brown,Yellow,1x1,NA,Able Sisters,Available from either Mabel's temporary shop or Able Sisters shop,All Year,Yes,Simple,2.0,everyday; formal; work,AccessoryEye,Yes,For sale,1.0.0,1.0.0,AccessoryGlassWood1,496.0,11093.0,2MufTC9TPErbryyKS
