Name,Achievement Description,Achievement Criteria,#,Internal ID,Internal Name,Internal Category,Num of Tiers,Tier 1,Tier 2,Tier 3,Tier 4,Tier 5,Tier 6,Tier 1 Reward,Tier 2 Reward,Tier 3 Reward,Tier 4 Reward,Tier 5 Reward,Tier 6 Reward,Tier 1 Modifier,Tier 1 Noun,Tier 2 Modifier,Tier 2 Noun,Tier 3 Modifier,Tier 3 Noun,Tier 4 Modifier,Tier 4 Noun,Tier 5 Modifier,Tier 5 Noun,Tier 6 Modifier,Tier 6 Noun,Sequential,Version Added,Unique Entry ID
(island name) Miles!,"You traveled a long way just to move to our little island, and you enrolled in the Nook Mileage Program. So you earned your first miles! There are lots of ways to earn miles by just enjoying island life!",Unlock the Nook Mileage program,1.0,53.0,ImmigratetoIsland,Event,1.0,1.0,NA,NA,NA,NA,NA,500.0,NA,NA,NA,NA,NA,Nook Inc.'s,Patron,NA,NA,NA,NA,NA,NA,NA,NA,NA,NA,Yes,1.0.0,QvQq6d4qJgCiBkMLX
Angling for Perfection!,"Learning how to fish is an essential skill for living on a remote island, hm? Nook Inc. encourages all island residents who are aiming to become fishing masters!",Collect a specified number of fish,2.0,0.0,CatchFish,Fish,5.0,10.0,100.0,500.0,2000.0,5000.0,NA,300.0,500.0,1000.0,2000.0,3000.0,NA,Accomplished,Lad;Lass,Competent,Fishing Fan,Moderate,Beach Bum,Fierce,Fisher,Battle-Tested,Catch of the Day,NA,NA,Yes,1.0.0,wkj9WzycBpxtq6CDG
Island Ichthyologist,"Fill in your Critterpedia with fish and you can earn miles along the way. Can you categorize each and every type of fish that swims in your island's waters, hm?",Collect a specified number of unique fish,3.0,3.0,FillFishList,Fish,5.0,10.0,20.0,40.0,60.0,80.0,NA,300.0,500.0,1000.0,2000.0,3000.0,NA,Small-Fry,Pesca Pro,Energetic,Angler,Pond-Raised,Tropical Fish,Hooked,Reaction,Pole-Fishing,Expert,NA,NA,Yes,1.0.0,Ajpkv8wXcZLqM8bMT
Island Togetherness,One of the goals of Nook Inc. is resident togetherness. Our gregarious-greetings initiative aims to reward you with Nook Miles just for chatting with residents. Try to talk to all your neighbors every day!,Talk to each one of your villagers every day,4.0,68.0,GreetAllVillager,Communication,5.0,1.0,10.0,20.0,30.0,50.0,NA,300.0,500.0,1000.0,2000.0,3000.0,NA,Unhindered,Wallflower,Unabashedly,Shy Kid,Respected,One,Ludicrously Popular,"""It"" Guy;""It"" Girl",Natural,Heart Stealer,NA,NA,Yes,1.0.0,syoxyxWL7ymwpKpGN
You've Got the Bug,Earn miles just for catching creepy-crawlies! Every bug you catch is one that won't be surprising someone in their sock drawer.,Collect a specified number of bugs,5.0,1.0,CatchInsect,Insect,5.0,10.0,100.0,500.0,2000.0,5000.0,NA,300.0,500.0,1000.0,2000.0,3000.0,NA,Freshly Delivered,Egg,Weak,Grub,Emerging,Pupa,Soaring,Butterfly,Complete,Metamorphosis,NA,NA,Yes,1.0.0,weJ4f9MDdBuzLBrBM
Bugs Don't Bug Me,"You can earn miles for filling out your Critterpedia! Can you find every bug and unlock every entry? Yes, yes, you can! And please consider supporting Blathers by donating bugs to the museum.",Collect a specified number of unique bugs,6.0,4.0,FillInsectList,Insect,5.0,10.0,20.0,40.0,60.0,80.0,NA,300.0,500.0,1000.0,2000.0,3000.0,NA,Hobby-Level,Bug Fan,Night-Owl,Insect,Defiant,Ant,Polymorphing,Creature,Scarce,Critter,NA,NA,Yes,1.0.0,ttRSm74XC4MzSHgnX
Have a Nice DIY!,"Nook Inc. will reward Nook Miles for the number of DIY recipes you've collected. Think about that. You're earning...for learning! Yes, yes!",Collect a specified number of DIY recipes,7.0,55.0,FillRecipeList,DIY,5.0,10.0,50.0,100.0,150.0,200.0,NA,300.0,500.0,1000.0,2000.0,3000.0,NA,Trivia,Representative,Savvy,Intellectual,Understated,Authority,Knowledge-Thirsty,Sidekick,Clever,Father;Mother,NA,NA,Yes,1.0.0,fsanquagmfwNCY8wW
Deep Dive,"The glittering sea that surrounds our island is home to all kinds of captivating creatures. Put on your wet suit, dive in, and sea what you can collect to earn miles. Sea what I did there, hm?",Collect a specified number of sea creatures,8.0,98.0,CatchSeafood,Seafood,5,5,50,250,1000,2500,NA,300,500,1000,2000,3000,NA,Midsummer,Swimmer,Bodyboardin',Beachcomber,Aquatic,Jetsam,Splashy,Winner,Deep-Sea,Monster,NA,NA,Yes,1.3.0,WC4tRgHxSDxLLLFCd
Underwater Understudy,"There are still many creatures we have yet to discover at the bottom of the sea, hm? Earn miles by diving deep, capturing creatures, and filling out your Critterpedia. Yes, yes!",Collect a specified number of unique sea creatures,9.0,95.0,FillSeafoodList,Seafood,5,5,10,20,30,40,NA,300,500,1000,2000,3000,NA,Cerulean,Diver,Fresh,Ingredient,Surfing,Pa;Ma,Waterlogged,Seaweed,Seaside,Darling;Honey,NA,NA,Yes,1.3.0,J62JDagagj5k98Cqp
DIY Tools,"If your tools break, just make more! And to take away the sting, you'll earn Nook Miles based on the number of tools you craft. Sweet deal!",Craft a specified number of tools,10.0,72.0,DIYTool,DIY,5.0,5.0,50.0,200.0,1000.0,3000.0,NA,300.0,500.0,1000.0,2000.0,3000.0,NA,Creative,Enthusiast,Crafty,Club Member,Hip,Virtuoso,Bona Fide,Technician,Relentless,Meister,NA,NA,Yes,1.0.0,6k5CnRgbm55m93jMT
DIY Furniture,Here's a win-win-win situation: Craft your own furniture. (Win!) Enjoy your handiwork. (Win!) Earn Nook Miles for the furniture you've crafted. (Win!) What could be better than that?,Craft a specified number of DIY furniture,11.0,73.0,DIYFurniture,DIY,5.0,5.0,50.0,200.0,1000.0,3000.0,NA,300.0,500.0,1000.0,2000.0,3000.0,NA,Handmade,Resident,Emergent,Artisan,Picky,Crafter,Humbly Begun,Master;Matriarch,Destructive-Creative,King;Queen,NA,NA,Yes,1.0.0,TprrYjwsCvZbDdcvK
Furniture Freshener,"Give your furniture that personal touch and you can unlock miles. The more items you refurbish, the more miles you can get, hm?",Customize a specified number of furniture or tools using the workbench,12.0,14.0,RemakeFurniture,DIY,5.0,5.0,20.0,50.0,100.0,200.0,NA,300.0,500.0,1000.0,2000.0,3000.0,NA,Unique,Eccentric,Change-It-Up,Challenger,Detail-Oriented,Engineer,Mold-Breaking,Modder,Remodeling,Inspiration,NA,NA,Yes,1.0.0,viHJXo8XB8C3h259Q
Rough-hewn,"Island development is a Nook Inc. goal. We need a lot of materials to make that happen, so we're giving away Nook Miles based on how much wood you've chopped from trees.",Chop a specified number of wood from trees,13.0,67.0,StrikeWood,DIY,5.0,20.0,100.0,500.0,2000.0,5000.0,NA,300.0,500.0,1000.0,2000.0,3000.0,NA,Specific,Producer,Aggressive,Problem Solver,Sharp,Guard,Pointy,Tack,Productive,Superhero,NA,NA,Yes,1.0.0,btjGeCA3qDRLwhuZE
Trashed Tools,"Using a tool until it breaks if proof of your hard work! In praise of your good deeds, you're getting Nook Miles based on how many tools you've broken.",Break a specified number of tools,14.0,49.0,BreakTool,HHA,5.0,1.0,20.0,50.0,100.0,200.0,NA,300.0,500.0,1000.0,2000.0,3000.0,NA,Rascally,Clown,Overboard,Crusher,Rowdy,Punk,Rough-And-Tumble,Meanie,Chaotic,Ruiner,NA,NA,Yes,1.0.0,YhhXqkerTwLu4ewXi
Rock-Splitting Champ,"You hit a single rock eight times in a row and knocked some things loose. But did you know that rock whacking is the activity that keeps on giving? Yes, yes! You're getting some Nook Miles now!",Hit a rock with your shovel and obtain all 8 materials from that rock,15.0,57.0,StrikeRock8Times,HHA,1.0,1.0,NA,NA,NA,NA,NA,500.0,NA,NA,NA,NA,NA,Sports-Minded,Muscle,NA,NA,NA,NA,NA,NA,NA,NA,NA,NA,Yes,1.0.0,hgxFRczyFtmSmiTEG
Bona Fide Bone Finder!,"Congratulations on finding your first fossil! Of course, you'll need some Nook Miles to commemorate the occasion. But don't celebrate too hard. There are more fossils to dig up! Yes, yes!",Dig up your first fossil,16.0,61.0,DigFossil,HHA,1.0,1.0,NA,NA,NA,NA,NA,300.0,NA,NA,NA,NA,NA,Discovered,Fossil,NA,NA,NA,NA,NA,NA,NA,NA,NA,NA,Yes,1.0.0,za7CbkxtzEysWCFJg
Fossil Assessment,"Yes, yes! You're getting Nook Miles based on the number of fossils you've had assessed. Dig up as many as you can and find out what they are!",Have Blathers assess a specified number of fossils,17.0,62.0,JudgeFossil,HHA,5.0,5.0,30.0,100.0,300.0,500.0,NA,300.0,500.0,1000.0,2000.0,3000.0,NA,Anonymous,Something Or Other,Ancient,Truth,History-Loving,Researcher,Evolving,Scatterbrain,Historic,Discovery,NA,NA,Yes,1.0.0,SYs89hReg8PJPhi7b
Greedy Weeder,"Nook Inc. salutes you for your beautification efforts. Nook Inc. rewards you with Nook Miles for selling weeds. Nook Inc. is quite generous, no?",Sell a specified number of weeds,18.0,37.0,SellWeed,Plant,5.0,50.0,200.0,1000.0,2000.0,3000.0,NA,300.0,500.0,1000.0,2000.0,3000.0,NA,Messy,Lawn Clippings,Omnivorous,Custodian,Herbivorous,Sorter,Vigorous,Sprout,Wild,Beast,NA,NA,Yes,1.0.0,MRjh6LGccgw56xxca
Flower Power,"Planting flowers makes your island more beautiful and can earn you miles. So...grow wild! Yes, yes!",Plant a specified number of flower seeds (digging up and replanting existing flowers does not count),19.0,6.0,PlantFlowerSeed,Plant,5.0,10.0,50.0,100.0,200.0,300.0,NA,300.0,500.0,1000.0,2000.0,3000.0,NA,Greenhouse,Flower,Thorny,Rose,Heavenly,Rejuvenator,Sweet-Smelling,Blossom,Gorgeous,Groom;Bride,NA,NA,Yes,1.0.0,aub4aeJa7i4ps92vt
Flower Tender,"If you encourage floral growth by showering the island's flowers with water, I'll encourage your growth by showering you with Nook Miles!",Water a specified number of flowers,20.0,23.0,WaterPlant,Plant,5.0,10.0,50.0,100.0,500.0,1000.0,NA,300.0,500.0,1000.0,2000.0,3000.0,NA,Refined,Caretaker,Detailed,Keeper,Careful,Gardener,Caretaking,Ringleader,Flower-Loving,Boss,NA,NA,Yes,1.0.0,8JeajqbS7bHbJ4KPH
Tomorrow's Trees Today,"To build a sustainable life on this island, we're going to need to plant a lot of trees! The more you plant, the more miles you can earn.",Plant a specified number of trees (planting fruits or replanting existing trees does not count),21.0,8.0,PlantTreeSeedling,Plant,3.0,5.0,10.0,30.0,NA,NA,NA,300.0,500.0,1000.0,NA,NA,NA,Outdoorsy,Defender,Organic,Dietitian,Hay-Feverish,Sneezer,NA,NA,NA,NA,NA,NA,Yes,1.0.0,eeDWd35DjuJy7CsM5
Pick of the Bunch,"You'll get Nook Miles based on the amount of fruit you've sold. Remember: If you sell our island's specialty fruit on other islands, you might be able to get a better price!",Sell a specified number of fruits,22.0,70.0,SellFruit,Plant,5.0,20.0,100.0,500.0,1000.0,3000.0,NA,300.0,500.0,1000.0,2000.0,3000.0,NA,Inexperienced,Observationist,Precocious,Bounty,Seasonal,Tree,Mature,Kind,Rotten,Scent,NA,NA,Yes,1.0.0,tGg8gEWooCRFAn2Km
Fruit Roots,"(island name)'s local fruit delicacy is a wonder, to be sure. But if you plant new varieties, guess what'll happen? Correct! You'll ""grow"" some Nook Miles! What you do with the fruit after that is up to you.","Plant each type of fruit (cherry, orange, pear, peach, apple, and coconut)",23.0,7.0,PlantFruit,Plant,6.0,0.0,0.0,0.0,0.0,0.0,0.0,100.0,200.0,300.0,500.0,700.0,1000.0,Twin's,Other Half,Total,Freshman,Unpearable,Pear,Plucky,Star,Crisp,"Mr. Popular;Ms. Popular
",Tropically Grown,Coconut,No,1.0.0,tNSnLaumH2MbDMSqK
Shrubbery Hububbery,"Different kinds of shrubs usher in the different seasons with their flowers, yes, yes! Folks who plant many shrubs will receive beauty and miles as a reward.",Plant a specified number of shrubs (replanting existing shrubs does not count),24.0,92.0,PlantBushSeedling,Plant,3.0,1.0,2.0,20.0,NA,NA,NA,300.0,500.0,1000.0,NA,NA,NA,Verdant,Wonder,Unrestrained,Sentinel,Surprising,Snake,NA,NA,NA,NA,NA,NA,Yes,1.2.0,kosAYGQuM92yWsRZx
Go Ahead. Be Shellfish!,You can earn Nook Miles based on the number of seashells you sell. (That's not easy to say!) And remember: You'll get different amounts of Bells for different types of shells. So pay attention!,Sell a specified number of seashells,25.0,69.0,SellShell,Fish,5.0,10.0,50.0,200.0,500.0,1000.0,NA,300.0,500.0,1000.0,2000.0,3000.0,NA,Shell-Grabbing,Shell Fan,Seashore,Seashell Seller,Shifty,Shellector,Over-Shelled,Shell Master,Shellfish,Shellaborator;Shellarina,NA,NA,Yes,1.0.0,eycL6Ntub97uvKwgB
Clam and Collected,"Dig up clams, collect Nook Miles. It's really that simple. The real bonus here is that you get to walk along the beach for this one.",Dig up a specified number of clams,26.0,63.0,DigShell,Fish,5.0,5.0,20.0,50.0,100.0,200.0,NA,300.0,500.0,1000.0,2000.0,3000.0,NA,Tidal,Season,Ready,Coast Dweller,Buried,Genius,Rare,Prodigy,Water's Edge,Mermaid,NA,NA,Yes,1.0.0,MsKyNAx2BBitXF4SQ
Trash Fishin',"You work extra hard to keep out island clean, even going so far as to fish up trash out of our lovely waters. So you're getting some Nook Miles for keeping the island extra tidy, yes, yes!","Fish a specified number of trash (cans, tires, or boots)",27.0,32.0,CatchTrash,Fish,3.0,3.0,10.0,20.0,NA,NA,NA,300.0,500.0,1000.0,NA,NA,NA,Untossable,Trash,Eco-Friendly,Ecologist,Waterway,Cleaner,NA,NA,NA,NA,NA,NA,Yes,1.0.0,gYpEcg4qf7X46Svfz
Cast Master,Cast your line carefully if you want to reel in this reward - you'll need to nab a bunch of fish in a row without a single one getting away to earn these miles.,Fish a specified number of fish in a single streak without any getting away,28.0,2.0,CatchFishContinuously,Fish,3.0,10.0,50.0,100.0,NA,NA,NA,300.0,500.0,1000.0,NA,NA,NA,Mistakenly Caught,Fish,Bait-Snatching,Frenzy,Wave-Tossed,Life-Form,NA,NA,NA,NA,NA,NA,Yes,1.0.0,PcXyzjRR7mMRJMpWA
Dream House,A home that you build yourself gives you greater livability - it's on a whole other level! I'll give Nook Miles to those who build or expand their home to taste the good life.,Expand your home a specified number of times,29.0,82.0,ExtendMyHome,Event,5.0,1.0,2.0,5.0,6.0,7.0,NA,500.0,1000.0,2000.0,3000.0,5000.0,NA,One-Room,Loner,Single-Occupant,Beginner,Homey,Sentiment,Second-Floor,Landlord,Basement,Backbone,NA,NA,Yes,1.0.0,FLDPYLE7KWu8S9uPg
Decorated Decorator,"You got an S ranking from the Happy Home Academy! Your decorating skills are truly an inspiration, and you deserve some Nook Miles.",Get an S ranking from the Happy Home Academy,30.0,40.0,GetSRankonHHA,Event,1.0,1.0,NA,NA,NA,NA,NA,1000.0,NA,NA,NA,NA,NA,Happy,Overachiever,NA,NA,NA,NA,NA,NA,NA,NA,NA,NA,Yes,1.0.0,kzJaqFiCaRivejX2x
Hoard Reward,Put more furniture in your house! Nook Inc. will give you Nook Miles based on the number of indoor furniture items you have. So you're earning rewards for making your house a home!,Place a specified number of furniture in your house,31.0,78.0,PlaceFurnitureMyHouse,Event,5.0,5.0,15.0,30.0,100.0,150.0,NA,300.0,1000.0,2000.0,3000.0,5000.0,NA,Interior,Sort,Tentative,Remodeler,Comparative,Sundries Fan,Assumed,Appliance Fan,Abounding,Interior-Design Fan,NA,NA,Yes,1.0.0,k6RF4XJhEdk3DWupM
Good Things in Store!,"I'll reward you with miles based on the number of items you have in storage, hm? Using the convenient storage feature will make life on the island more pleasant!",Store a specified number of items in your house storage,32.0,77.0,HouseStorageItem,Event,5.0,20.0,50.0,100.0,200.0,300.0,NA,300.0,1000.0,2000.0,3000.0,5000.0,NA,Overstuffed,Stylist,Partially Obscured,Talent,At-Capacity,Manager,Self-Possessed,Coordinator,Invulnerable,Life Hacker,NA,NA,Yes,1.0.0,vmFkmQFGyKNS6gPdo
Remarkable Remodeler,"You finished remodeling your house, hm? It looks like a completely new house now! I'll give you rewards based on the number of remodels you do, so keep it up!",Remodel your home's exterior a specified number of times,33.0,81.0,ReformMyHome,Event,3.0,1.0,3.0,5.0,NA,NA,NA,500.0,1000.0,2000.0,NA,NA,NA,Home,Transformer,Dreamy,Dreamer,Quintessential,Space,NA,NA,NA,NA,NA,NA,Yes,1.0.0,ZqLiA9gGSKTBGZQgZ
Smile Isle,"Good deeds are their own rewards. But go ahead and have some Nook Miles too for fulfilling requests from other island residents. Yes, yes!",Fulfill a specified number of requests from residents (such as returning lost items),34.0,59.0,AchieveVillagersQuest,Communication,5.0,1.0,10.0,50.0,100.0,300.0,NA,300.0,500.0,1000.0,2000.0,3000.0,NA,Kindly,Standard,Reliable,Ally,Generous,Supervisor,Exalted,Savior,Foolhardy,Hero;Heroine,NA,NA,Yes,1.0.0,2Cf5yBG3NFSeozMg2
Reaction Ruler,"You learned a Reaction! Let's celebrate this momentous occasion with...Nook Miles, hm? Reactions help you express yourself, so it's a good idea to learn them.",Learn a specified number of reactions,35.0,31.0,FillReactionList,Communication,5.0,1.0,10.0,20.0,30.0,42.0,NA,300.0,500.0,1000.0,2000.0,3000.0,NA,Overacting,Neophyte,Apprentice,Dancer,Dad-Joking,Semiprofessional,Solo,Comedian,Super-Popular,Mega Star,NA,NA,Yes,1.0.0,GRKenaH9cZf7SF3io
Island Shutterbug,"Congratulations on taking your first island photo! Please do show off your wonderful photos, whether they're impulse snaps or brilliant compositions.","Awarded the first time you take a photo using the camera app on the NookPhone (screenshot button does not count, must use the app)",36.0,75.0,TakePicture,Smartphone,1.0,1.0,NA,NA,NA,NA,NA,300.0,NA,NA,NA,NA,NA,Photogenic,Photographer,NA,NA,NA,NA,NA,NA,NA,NA,NA,NA,Yes,1.0.0,amPim5PB25MTaEnZH
Edit Credit,"Your passport has some information you can edit! Nook Inc. will give Nook Miles to folks who customize their profiles. Take it slow, think about it, and make it your own.",Awarded the first time you edit your passport.,37.0,87.0,UpdatePassport,Smartphone,1.0,1.0,NA,NA,NA,NA,NA,300.0,NA,NA,NA,NA,NA,Future,Traveler,NA,NA,NA,NA,NA,NA,NA,NA,NA,NA,Yes,1.0.0,97AnkL7nAoQsXaCR8
NookPhone Life,"Gotten used to using your NookPhone? The fact that you're reading this probably means you have! Keep using it, and enjoy some Nook Miles just for getting familiar with it.",Awarded after the 10th time you open your NookPhone,38.0,76.0,BootPhoneBeginner,Smartphone,1.0,10.0,NA,NA,NA,NA,NA,300.0,NA,NA,NA,NA,NA,Smartphone,Savant,NA,NA,NA,NA,NA,NA,NA,NA,NA,NA,Yes,1.0.0,38g3QBF9r9HdzdhA5
That's One Smart Phone,"Nothing makes a smartphone manufacturer happier than a user who gets the most out of the device. At least, that's how Nook Inc. feels about the NookPhone. So we're giving you miles just for using your phone!",Awarded after the 1000th time you open your NookPhone,39.0,56.0,BootPhone,Smartphone,1.0,1000.0,NA,NA,NA,NA,NA,1000.0,NA,NA,NA,NA,NA,Digital-Age,Child,NA,NA,NA,NA,NA,NA,NA,NA,NA,NA,Yes,1.0.0,usRtbx9sTQwpwKzT3
Shop to It,Living on a remote island doesn't mean you have to go without life's luxuries. Shop to your heart's content with Nook Shopping and you'll earn Nook Miles!,Number of times you've ordered from the Nook Shopping catalog,40.0,16.0,BuyItemCatalog,Smartphone,5.0,1.0,20.0,50.0,100.0,200.0,NA,300.0,500.0,1000.0,2000.0,3000.0,NA,Internet,Surfer,Connected,Reviewer,Widely Accepted,Connector,Disconnected,Worrywart,Always-On,Bigwig,NA,NA,Yes,1.0.0,7rQbwihnNhEFFZmQo
Growing Collection,"You are aware that furniture and clothing you buy is added to your Nook Shopping catalog, yes? Were you also aware that you can earn miles for a large catalog? Well, you certainly are aware now!",Number of unique furniture pieces you've added to your catalog,41.0,15.0,FillCatalog,Smartphone,5.0,100.0,200.0,300.0,400.0,500.0,NA,300.0,500.0,1000.0,2000.0,3000.0,NA,Casual,Materialist,Curious,Force,Greedy,Collector,Materialistic,Avatar,Legendary,Walking Dictionary,NA,NA,Yes,1.0.0,nbEPYsfFJzwG8bozx
Nook Miles for Miles!,"Earning Nook Miles for earning Nook Miles? Yes, yes! You just earned miles for finishing Nook Miles+ goals! But where will it end?",Number of Nook Miles+ goals you've completed,42.0,58.0,AchieveAppQuest,Smartphone,5.0,5.0,50.0,200.0,1000.0,3000.0,NA,300.0,500.0,1000.0,2000.0,3000.0,NA,So-Called,Ground Traveler,Novice,Rookie,Wide-Ranging,Hobbyist,Perfectionist,Go-Getter,Year-Round,Dynamo,NA,NA,Yes,1.0.0,6Qsg6ca6qcXfQJvd9
First-Time Buyer,"You won't get miles every time you buy something on the island, but your first time is special! Enjoy these miles, courtesy of Nook Inc.",Awarded the first time you purchase an item from a shop,43.0,12.0,BuyItemRcm,Money,1.0,1.0,NA,NA,NA,NA,NA,300.0,NA,NA,NA,NA,NA,Full-Fledged,Consumer,NA,NA,NA,NA,NA,NA,NA,NA,NA,NA,Yes,1.0.0,dRgaFTqnG9WJ3nDPj
Seller of Unwanted Stuff,"Selling things you don't need is a great way to keep down the clutter and earn a few extra Bells. And, in this case, a few extra miles! Hooray for your first sale!",Awarded the first time you sell an item to a shop,44.0,13.0,SellItemRcm,Money,1.0,1.0,NA,NA,NA,NA,NA,300.0,NA,NA,NA,NA,NA,Down-And-Out,Eventuality,NA,NA,NA,NA,NA,NA,NA,NA,NA,NA,Yes,1.0.0,SaJbYEBdon4j2HiML
Moving Fees Paid!,"Thank you for paying all your fees for moving to the island! Take a Nook Miles rebate as a gift and give yourself a nice pat on the back, hm?",Awarded when you pay off your initial loan using Nook Miles,45.0,33.0,PayImmigrationCost,Money,1.0,1.0,NA,NA,NA,NA,NA,500.0,NA,NA,NA,NA,NA,Autonomous,Life,NA,NA,NA,NA,NA,NA,NA,NA,NA,NA,Yes,1.0.0,rQJoK5E25RSskQeW5
Bell Ringer,"Spending your Bells on the island helps revitalize the local economy, yes, yes! I'll reward you with miles based on how many Bells you've spent.",Number of total bells you've spent in shops,46.0,11.0,HowmuchBuyItem,Money,5.0,5000.0,50000.0,500000.0,2000000.0,5000000.0,NA,300.0,500.0,1000.0,2000.0,3000.0,NA,Invested,Shopaholic,Thrifty,Family Member,Covetous,Personality,Wasteful,Celebrity,Name-Dropping,VIP,NA,NA,Yes,1.0.0,r5mJC5k8vYuZRkXJT
Miles for Stalkholders,"I have Nook Miles to give any resident who purchases turnips. Buy them low, sell them high, and make a handsome profit! They’ll rot in a week, though, so be careful.",Awarded the first time you purchase turnips,47.0,9.0,BuyKabu,Money,1.0,1.0,NA,NA,NA,NA,NA,300.0,NA,NA,NA,NA,NA,Weekend,Stalkholder,NA,NA,NA,NA,NA,NA,NA,NA,NA,NA,Yes,1.0.0,AzYYmDqvumcZwmqFf
Cornering the Stalk Market,The powers that be have been tracking your turnip transactions...and let's just say you've harvested your share of profits! Enjoy a few Nook Miles for helping contribute to the island's economy.,Number of total bells you've profited from selling turnips,48.0,10.0,HowmuchSellKabu,Money,5.0,1000.0,10000.0,100000.0,1000000.0,10000000.0,NA,300.0,500.0,1000.0,2000.0,3000.0,NA,Status-Minded,Speculator,Avaricious,Moneybags,Upstart,Trader,Worldwide,Bellionaire,Shadowy,Fixer,NA,NA,Yes,1.0.0,gvMPEpKkGPLmEeDPe
No More Loan Payments!,"You see how this works? You pay off your loan, get some Nook Miles! Thank you for doing business with Nook Inc.!",Awarded after paying off your first house loan with bells,49.0,34.0,RepayLoan,Money,1.0,1.0,NA,NA,NA,NA,NA,1000.0,NA,NA,NA,NA,NA,Responsible,Bill Payer,NA,NA,NA,NA,NA,NA,NA,NA,NA,NA,Yes,1.0.0,uhbojHTBeM2Cnfkuh
Bulletin-Board Benefit,"Picture this: Getting Nook Miles from Nook Inc. the first time you write something on an island's bulletin board. Keep using bulletin boards to communicate with everyone on the island! Yes, yes!",Awarded the first time you post a message on your town bulletin board,50.0,83.0,PostMessageBoard,Communication,1.0,1.0,NA,NA,NA,NA,NA,300.0,NA,NA,NA,NA,NA,Rumermongering,Influencer,NA,NA,NA,NA,NA,NA,NA,NA,NA,NA,Yes,1.0.0,rZLyEe6QGk9G7sLTP
Popular Pen Pal,"I'll reward you with miles if you send a lot of letters. Please keep sending letters to everyone and continuing to deepen friendships. Yes, yes!",Number of letters you've sent,51.0,50.0,SendLetter,Communication,5.0,5.0,20.0,50.0,100.0,200.0,NA,300.0,500.0,1000.0,2000.0,3000.0,NA,Art-School,Boy;Girl,Science-y,Student,Liberal-Arts,Poet,Subculture,Denizen,Deadline,Writer,NA,NA,Yes,1.0.0,EJMKZDs8N5xGkfduP
Flea Flicker,"Itchy fleas are a real hassle. If you see an island buddy struggling with fleas, by all means, help them out. Not only is it a nice thing to do, but you'll also get some miles for doing a good deed.",Number of times you've caught fleas off a villager,52.0,26.0,CatchNomi,Insect,3.0,1.0,5.0,10.0,NA,NA,NA,300.0,500.0,1000.0,NA,NA,NA,Tidy,Wild Child,Highly Aware,Neatnik,Fastidious,Character,NA,NA,NA,NA,NA,NA,Yes,1.0.0,WRvG4EsvYQbqJupxi
Cicada Memories,"Ah, cicada shells in the summer. They're not really all that useful, but collecting them does help create summer memories that will last a lifetime.",Awarded the first time you catch a cicada shell,53.0,25.0,CatchSeminonukegara,Insect,1.0,1.0,NA,NA,NA,NA,NA,1000.0,NA,NA,NA,NA,NA,Shell-Less,Being,NA,NA,NA,NA,NA,NA,NA,NA,NA,NA,Yes,1.0.0,t9vayZu88rPHrY79j
Netting Better!,"It's so impressive when someone can catch five wasps in a row - so impressive, in fact, that you'll earn some Nook Miles if you can do it!",Awarded the first time you catch five wasps in a row without running away or getting stung,54.0,71.0,CatchBeeContinuously,Insect,1.0,1.0,NA,NA,NA,NA,NA,1000.0,NA,NA,NA,NA,NA,Accurate,Deadeye,NA,NA,NA,NA,NA,NA,NA,NA,NA,NA,Yes,1.0.0,ojjJY4tQvSCs3BYda
Pit-y Party!,Enjoy some bonus Nook Miles to commemorate the creation of your first pit. Just make sure you don't fall victim to your own handiwork!,Awarded the first time you bury a pitfall seed,55.0,51.0,MakePitfall,HHA,1.0,1.0,NA,NA,NA,NA,NA,300.0,NA,NA,NA,NA,NA,Wild-Child,Troublemaker,NA,NA,NA,NA,NA,NA,NA,NA,NA,NA,Yes,1.0.0,MwQQ43gFXFky4Z2hG
Taking the Sting Out,"Getting stung by wasps hurts! Getting stung again before you can recover makes you faint! But at least you get some miles for that. I don't want you to be uncomfortable though, so take some medicine to heal up!",Awarded the first time you get stung by a wasp,56.0,24.0,BeStungbyWasp,Negative,1.0,1.0,NA,NA,NA,NA,NA,300.0,NA,NA,NA,NA,NA,Teary-Eyed,Crybaby,NA,NA,NA,NA,NA,NA,NA,NA,NA,NA,Yes,1.0.0,P82MkAcpWY9ZAQTnD
Faint of Heart,This island is home to creepy crawlers that would make anyone light-headed. Maybe wielding a net will make you less likely to faint...,Awarded the first time you get knocked out by a Scorpion or Tarantula,57.0,27.0,BeStungbyPoisonousInsect,Negative,1.0,1.0,NA,NA,NA,NA,NA,300.0,NA,NA,NA,NA,NA,Risen,Phoenix,NA,NA,NA,NA,NA,NA,NA,NA,NA,NA,Yes,1.0.0,NwntrWkuaxtB8NoL9
Overcoming Pitfalls,"Life is full of peaks and valleys, hills and pits. When you fall into a pit, you learn a lesson, hm? Be more careful next time, yes? Don't feel too bad, though. You're getting some bonus Nook Miles for your fall.",Awarded the first time you fall into a pitfall hole,58.0,52.0,FallintoPitfall,Negative,1.0,1.0,NA,NA,NA,NA,NA,300.0,NA,NA,NA,NA,NA,Trapped,Reckless One,NA,NA,NA,NA,NA,NA,NA,NA,NA,NA,Yes,1.0.0,DhKzQBem5HZytprbC
Faked Out!,"Oh my. Did you get hoodwinked? That work of art you purchased turned out to be a forgery, and it stings. Your eye for art is being tested! Yes, yes! Please take some comfort in the miles I'm giving you.",Donated a fake piece of art,59.0,90.0,DonateFake,Negative,1.0,1.0,NA,NA,NA,NA,NA,500.0,NA,NA,NA,NA,NA,Plausible,Fake,NA,NA,NA,NA,NA,NA,NA,NA,NA,NA,No,1.2.0,vakbzK5ihWAQR2aux
Lost Treasure,"Oh my. You popped a balloon with a skillful shot, but the attached prize fell into the water! Maybe some Nook Miles will help you recover from that sunken feeling, hm?",Awarded the first time a balloon present you shot lands in a body of water,60.0,80.0,DropPresentinWater,Negative,1.0,1.0,NA,NA,NA,NA,NA,500.0,NA,NA,NA,NA,NA,Catchable,Klutz,NA,NA,NA,NA,NA,NA,NA,NA,NA,NA,Yes,1.0.0,Y2kKBHN6kT7zxkTbm
It's Raining Treasure!,"No one knows who sends the gifts attached to balloons to our island, but you can earn miles by shooting them down and collecting what's inside.",Number of balloons you've shot down with a slingshot,61.0,5.0,ShootDownBalloon,LandMaking,5.0,5.0,20.0,50.0,100.0,300.0,NA,300.0,500.0,1000.0,2000.0,3000.0,NA,Easy-Breezy,Slingshot Ace,Atmospheric,Floaty Thing,Restless,Hunter,Flying,Paradise,Elusive,Vagabond,NA,NA,Yes,1.0.0,EEocBnCSkNM9ukMic
Fun with Fences,"You can have a wonderful yard in no time by building a fence and surrounding your home or garden. Yes, yes! Nook Inc. will award Nook Miles to skilled fence installers.",Awarded the first time you place a fence,62.0,89.0,BuildFence,LandMaking,1.0,20.0,NA,NA,NA,NA,NA,500.0,NA,NA,NA,NA,NA,Efficient,Partitioner,NA,NA,NA,NA,NA,NA,NA,NA,NA,NA,Yes,1.0.0,fNCiNgcTMxFwqAzxN
Snowmaestro,What's this? You get Nook Miles based on how many quality snowfolks you've built? That's a pretty good deal for just having a little fun in the snow.,Number of perfect snow-people you've built,63.0,45.0,MakePerfectSnowball,LandMaking,3.0,1.0,10.0,20.0,NA,NA,NA,300.0,500.0,1000.0,NA,NA,NA,Cold-Sensitive,Sprite,Snow,Angel,Cool,Imp,NA,NA,NA,NA,NA,NA,Yes,1.0.0,XcwvgbKXNWiLjmJDX
Wishes Come True,"Were you wishing for Nook Miles the last time you saw a shooting star? Hm? Because Nook Inc. is here to grant your wish. More wishes, more miles! Yes, yes!",Number of shooting stars you've wished on,64.0,85.0,PrayShootingStar,LandMaking,3.0,1.0,30.0,200.0,NA,NA,NA,300.0,1000.0,2000.0,NA,NA,NA,Late-Night,Meteorite,Wishful,Legend,Overnight,Superstar,NA,NA,NA,NA,NA,NA,Yes,1.0.0,WcKhJsbYhwKKkCLqd
Exterior Decorator,"You can display furniture outside, right? Well, here's a little incentive for you to show off what you've got - you'll earn Nook Miles based on the number of furniture items you set up outside.",Awarded the first time you place some furniture outside,65.0,64.0,PutFurnitureOutside,LandMaking,1.0,10.0,NA,NA,NA,NA,NA,300.0,NA,NA,NA,NA,NA,Outdoor-Loving,Decorating Fiend,NA,NA,NA,NA,NA,NA,NA,NA,NA,NA,Yes,1.0.0,TW2jrhLDvtDhjZAKx
(island name) Icons,"At Resident Services, we want new ideas for the island flag and island tune. We have Nook Miles in store for those creative types who can redesign and rewrite! It's good to take pride in our island symbols.",Awarded for changing your island flag and town tune for the first time.,66.0,86.0,ChangeSymbol,LandMaking,2.0,0.0,0.0,NA,NA,NA,NA,500.0,500.0,NA,NA,NA,NA,Flapping,Flag Waver,Humming,Musician,NA,NA,NA,NA,NA,NA,NA,NA,No,1.0.0,umpcvH5jtsWEir4rR
Island Designer,"At Nook Inc. we encourage the use of the Island Designer app to liven up the island. We're giving away miles the first time you use a permit for a path, river, or cliff!","Awarded the first time you use the Island Designer app to place a path, add/remove water, and build/destroy a cliff",67.0,88.0,ModifyIsland,LandMaking,3.0,0.0,0.0,0.0,NA,NA,NA,500.0,1000.0,1000.0,NA,NA,NA,Trailblazing,Runner,Swept-Away,Pioneer,Cliffhanging,Creator,NA,NA,NA,NA,NA,NA,No,1.0.0,NyFc3PaM4omZLfuic
Wispy Island Secrets,"If you happen to encounter one of the island's secrets, maybe just keep it to yourself. We don't want to scare anyone away from here. Pretty sure that's in your island contract...",Number of times you've helped Wisp find the parts of his spirit,68.0,44.0,HelpGst,Communication,3.0,1.0,10.0,20.0,NA,NA,NA,300.0,500.0,1000.0,NA,NA,NA,Cowardly,Ghost,Supernatural,Soul,Soulful,Soul Mate,NA,NA,NA,NA,NA,NA,Yes,1.0.0,nSkcG8gSanouEFg9x
Gulliver's Travails,"When you come across someone in trouble on the beach, you help them, setting a fine example for all the island residents. Such kindness will surely find its way back to you.",Number of times you've helped Gulliver fix his communicator,69.0,43.0,HelpGul,Communication,3.0,1.0,10.0,20.0,NA,NA,NA,300.0,500.0,1000.0,NA,NA,NA,Flightless,Fowl,Perennial,Lost One,Off-Season,Migratory Bird,NA,NA,NA,NA,NA,NA,Yes,1.0.0,GfHAM2edJCAAN9xsF
K.K. Mania,"K.K. supports our island with his groovy brand of folk rock, so we should support him! The more K.K. shows you attend, the more Nook Miles you can earn.",Number of K.K. shows you've attended,70.0,17.0,GotoTotakekeShow,Communication,5.0,1.0,10.0,30.0,60.0,100.0,NA,300.0,500.0,1000.0,2000.0,3000.0,NA,Fickle,Music-Lover,Covert,Supporter,Regular,Fan,The Definition of,Pop Star,Longtime,Follower,NA,NA,Yes,1.0.0,aNZ2t8CH7dgpRefc3
True Patron of the Arts,Collecting artwork contributes to the cultural quality of (island name) and Nook Inc. will give miles to folks who prove themselves discerning connoisseurs.,Number of times you've purchased art that turned out to be real,71.0,91.0,BuyatTsunekichiShop,Communication,3.0,1.0,10.0,20.0,NA,NA,NA,300.0,500.0,1000.0,NA,NA,NA,Shady,Seller,Discerning,Aficionado,Bold,Artistic Statement,NA,NA,NA,NA,NA,NA,Yes,1.2.0,YTpzbNPue2fAe3FdS
You Otter Know,"If you meet a laid-back fellow floating in the sea, consider sharing some of your scallops with him. You never know what you might learn in return...and a little gift never hurts either!",Number of times you've given scallops to Pascal,72.0,96.0,GiveScallopsToSeo,Communication,3,1,10,20,NA,NA,NA,300,500,1000,NA,NA,NA,Kind,Cynic,Hungry,Philosopher,Oceanic,Existentialist,NA,NA,NA,NA,NA,NA,Yes,1.3.0,3MuQkFrRQLkSioSDh
True Friends,It's good news for Nook Inc. when island residents get along. Good relationships are a cornerstone of island development!,Number of villagers you've become good friends with,73.0,54.0,BeFriendwithVillager,Communication,3.0,1.0,2.0,3.0,NA,NA,NA,300.0,500.0,1000.0,NA,NA,NA,Soothing,Pal,Friendly,Buddy,Friendship,Seeker,NA,NA,NA,NA,NA,NA,Yes,1.0.0,ZD7xtJZTo9mGk9tTk
Birthday Celebration,Celebrating the birthday of a fellow resident is a wonderful thing. Nook Inc. will commemorate your bond with some party-favor Nook Miles.,Number of villager birthdays you've attended,74.0,47.0,CelebrateVillagersBithday,Communication,3.0,1.0,10.0,20.0,NA,NA,NA,300.0,500.0,1000.0,NA,NA,NA,Untamed,Party Animal,Growing,Youth,Grown,Adult,NA,NA,NA,NA,NA,NA,Yes,1.0.0,5TKJXZPvrkPLiQ6XC
Happy Birthday!,"Happy birthday to you!
Take some Nook Miles, woo-hoo!
Happy birthday to you-oo!
Take some Nook Miles, woo-hoo!
(Get yourself something nice.)",Awarded the first time you play on your character's birthday,75.0,46.0,ReachMyBirthday,Event,1.0,1.0,NA,NA,NA,NA,NA,2000.0,NA,NA,NA,NA,NA,Celebratory,Birthday Boy;Birthday Girl,NA,NA,NA,NA,NA,NA,NA,NA,NA,NA,Yes,1.0.0,6vc2Rm2s3rE9EFZoM
Fishing Tourney!,"Please participate in the Fishing Tourney, which is held every spring, summer, fall, and winter! I'll give you nook miles as a reward the first time you participate each season.",Awarded the first time you attend a fishing tourney in each season,76.0,41.0,AttendFishingConvention,Fish,4.0,0.0,0.0,0.0,0.0,NA,NA,300.0,500.0,1000.0,2000.0,NA,NA,Spring-Born,Free Spirit,Summer-Born,Chiller,Fall-Born,Free-Wheeler,Winter-Born,Overheater,NA,NA,NA,NA,No,1.0.0,Z2C4JGKnsPJqhyDFM
Bug-Off!,"What's the summer event to look forward to? That's right...the Bug-Off! Nook Inc. will give you Nook Miles for participating, so by all means, join the fun!",Awarded the first time you attend a bug-off tourney in each season,77.0,42.0,AttendInsectConvention,Insect,4.0,0.0,0.0,0.0,0.0,NA,NA,300.0,500.0,1000.0,2000.0,NA,NA,Adolescent,Youngster,Rebellious,Rebel,Solitary,Lone Wolf,Standoffish,Individual,NA,NA,NA,NA,No,1.0.0,HQJJaicSZQ79LstpA
Countdown Celebration,The only thing better than ringing in the new year is ringing in the new year with some Nook Miles! May you live to see many more-years and miles!,Awarded for attending the new year holiday event,78.0,48.0,AttendCountdownParty,Event,1.0,1.0,NA,NA,NA,NA,NA,1000.0,NA,NA,NA,NA,NA,Countdown,Merrymaker,NA,NA,NA,NA,NA,NA,NA,NA,NA,NA,Yes,1.0.0,PTMwJTvnX3A4gxjN9
Making a Change,"A closet is a must-have item for a fashion trendsetter. I'll offer Nook Miles to anyone who has a closet and changes outfits, thereby increasing the chances of an island fashion trend catching on.",Awarded the first time you use a wardrobe to change your character's outfit,79.0,84.0,UseCloset,MyDesign,1.0,1.0,NA,NA,NA,NA,NA,500.0,NA,NA,NA,NA,NA,Trendy,Model,NA,NA,NA,NA,NA,NA,NA,NA,NA,NA,Yes,1.0.0,NBmsw6tCLZzWXcGcK
First Custom Design!,"Learning how to use the Custom Design app lets you personalize your clothes and furniture. So much fun to be had, yes, yes!",Awarded the first time you use the Custom Design app to edit or create a design,80.0,35.0,UseMydesign,MyDesign,1.0,1.0,NA,NA,NA,NA,NA,500.0,NA,NA,NA,NA,NA,Aspiring,Artist,NA,NA,NA,NA,NA,NA,NA,NA,NA,NA,Yes,1.0.0,44KNAwCSGuatXHYeh
Custom Design Pro!,"You upgraded to the Pro version of the Custom Design app, hm? That makes you a fine Pro Custom Designer. Yes, yes! I'll reward you with Nook Miles to commemorate your Pro debut!",Awarded the first time you use the Custom Design pro app to edit or create a design,81.0,36.0,UseMydesignPRO,MyDesign,1.0,1.0,NA,NA,NA,NA,NA,300.0,NA,NA,NA,NA,NA,Pro,Designer,NA,NA,NA,NA,NA,NA,NA,NA,NA,NA,Yes,1.0.0,ch29owdtPq5Jd73xx
Paydirt!,"I'll bet you didn't think you'd find buried Bells here, hm? But this is an island, after all. Buried treasure and whatnot. Enjoy some Nook Miles from Nook Inc. to celebrate your discovery.",Awarded the first time you dig up bells from a shining spot,82.0,60.0,DigBell,Money,1.0,1.0,NA,NA,NA,NA,NA,300.0,NA,NA,NA,NA,NA,Lucky,Type,NA,NA,NA,NA,NA,NA,NA,NA,NA,NA,Yes,1.0.0,ps4e4DFg2pnHvdvRm
Shady Shakedown,"Rumor has it that someone on this island likes to hide furniture in trees. Yes, yes! I'll give you Nook Miles based on the number of furniture items you shake out of trees. So get out of there and shake!",Number of furniture pieces you've found from shaking trees,83.0,79.0,FallFurnitureLeaf,Plant,5.0,1.0,10.0,20.0,50.0,100.0,NA,300.0,1000.0,2000.0,3000.0,5000.0,NA,Carefree,Figure,Jovial,Brute,Spirited,Gifted One,Factual,Outlaw,Inspirational,Statement,NA,NA,Yes,1.0.0,o37WLZhgDMnMbDbPx
Golden Milestone,"If your tools are glinting gold, your account will be bursting with Bells soon enough. The paths to these tools are varied and secret, but you will have earned some Nook Miles for collecting them all.","Awarded for each unique golden tool you've equipped (shovel, net, fishing rod, watering can, axe, and slingshot)",84.0,39.0,CollectGoldTool,HHA,6.0,0.0,0.0,0.0,0.0,0.0,0.0,300.0,500.0,1000.0,2000.0,3000.0,5000.0,Shining,Jewel,Top-Notch,Luminary,Ultimate,Miracle,Royal,Prince;Princess,Glittering,Emperor;Empress,Radiant,Supreme Being,No,1.0.0,B9uYNJkiP5jqkn3SX
Island and Yourland,"Support your neighboring islands with a visit now and again. The more you visit, the more Nook Miles you can earn! Here at Nook Inc. we like to reward your adventurous spirit, hm?",Number of times you've visited another player's island (does not count mystery islands using Nook Miles Tickets),85.0,18.0,VisitAnotherIsland,Communication,3.0,1.0,5.0,10.0,NA,NA,NA,300.0,500.0,1000.0,NA,NA,NA,Traveling,Person,Occasional,Tourist,Global,Wanderer,NA,NA,NA,NA,NA,NA,Yes,1.0.0,JofcHyqspqdvy92rH
Host the Most,"To encourage you to invite plenty of guests to the island, we're offering miles as an incentive. The more the merrier - and that goes for Nook Miles too!",Number of other players that have visited your island,86.0,19.0,InviteFriend,Communication,3.0,1.0,5.0,10.0,NA,NA,NA,300.0,500.0,1000.0,NA,NA,NA,Hospitable,Friend,Lonely,Chum,Well-Known,Partier,NA,NA,NA,NA,NA,NA,Yes,1.0.0,YdeZW248LnovzB7EB
Active Island Resident,"Life on the island has lots of promise, hm? To illustrate this, I'll reward you some Nook Miles based on the number of active days you've spent here. Please take them and enjoy them.",Number of total unique days you've played the game,87.0,21.0,DayPlayed,Event,5.0,3.0,20.0,50.0,100.0,300.0,NA,300.0,500.0,1000.0,2000.0,3000.0,NA,Self-Paced,Chill Soul,Active,Specialist,Sleepless,Adventurer,Nicknamed,Gamer,Ready-Made,MVP,NA,NA,Yes,1.0.0,QgGe5XTYJhjfgbMHW
