Name,Closet Image,Storage Image,Variation,DIY,Buy,Sell,HHA Base Points,Color 1,Color 2,Size,Miles Price,Source,Source Notes,Seasonal Availability,Mannequin Piece,Style,Label Themes,Sort Order,Villager Equippable,Primary Shape,Secondary Shape,Catalog,Version Added,Version Unlocked,Filename,ClothGroup ID,Internal ID,Unique Entry ID
horizontal-striped wet suit,https://acnhcdn.com/latest/ClosetIcon/TopsTexMarinesuitNormalNGreco3.png,https://acnhcdn.com/latest/FtrIcon/TopsTexMarinesuitNormalNGreco3.png,Black,No,3000.0,750.0,0.0,Black,White,1x1,NA,Nook's Cranny,,All Year,No,Active,outdoorsy; sporty; vacation,1.0,No,Marinesuit,N,For sale,1.3.0,1.3.0,TopsTexMarinesuitNormalNGreco3,1260.0,13103.0,6L2xDvYdeFstLHY86
horizontal-striped wet suit,https://acnhcdn.com/latest/ClosetIcon/TopsTexMarinesuitNormalNGreco0.png,https://acnhcdn.com/latest/FtrIcon/TopsTexMarinesuitNormalNGreco0.png,Red,No,3000.0,750.0,0.0,Red,White,1x1,NA,Nook's Cranny,,All Year,No,Active,outdoorsy; sporty; vacation,2.0,No,Marinesuit,N,For sale,1.3.0,1.3.0,TopsTexMarinesuitNormalNGreco0,1260.0,12986.0,3TDPbxuAzdDjSSHyA
horizontal-striped wet suit,https://acnhcdn.com/latest/ClosetIcon/TopsTexMarinesuitNormalNGreco2.png,https://acnhcdn.com/latest/FtrIcon/TopsTexMarinesuitNormalNGreco2.png,Yellow,No,3000.0,750.0,0.0,Yellow,White,1x1,NA,Nook's Cranny,,All Year,No,Active,outdoorsy; sporty; vacation,3.0,No,Marinesuit,N,For sale,1.3.0,1.3.0,TopsTexMarinesuitNormalNGreco2,1260.0,13102.0,ngqeKA7GqE55ezKww
horizontal-striped wet suit,https://acnhcdn.com/latest/ClosetIcon/TopsTexMarinesuitNormalNGreco1.png,https://acnhcdn.com/latest/FtrIcon/TopsTexMarinesuitNormalNGreco1.png,Blue,No,3000.0,750.0,0.0,Blue,White,1x1,NA,Nook's Cranny,,All Year,No,Active,outdoorsy; sporty; vacation,4.0,No,Marinesuit,N,For sale,1.3.0,1.3.0,TopsTexMarinesuitNormalNGreco1,1260.0,13101.0,hSJxcwRHv7qnKp93f
leaf-print wet suit,https://acnhcdn.com/latest/ClosetIcon/TopsTexMarinesuitNormalLRashguard2.png,https://acnhcdn.com/latest/FtrIcon/TopsTexMarinesuitNormalLRashguard2.png,Yellow,No,3000.0,750.0,51.0,Yellow,Black,1x1,NA,Nook Shopping Catalog,,All Year,No,Active,outdoorsy; sporty; vacation,1.0,No,Marinesuit,L,For sale,1.3.0,1.3.0,TopsTexMarinesuitNormalLRashguard2,1259.0,13099.0,dzprxbw5CzvxNWHt7
leaf-print wet suit,https://acnhcdn.com/latest/ClosetIcon/TopsTexMarinesuitNormalLRashguard3.png,https://acnhcdn.com/latest/FtrIcon/TopsTexMarinesuitNormalLRashguard3.png,Green,No,3000.0,750.0,51.0,Green,Black,1x1,NA,Nook Shopping Catalog,,All Year,No,Active,outdoorsy; sporty; vacation,2.0,No,Marinesuit,L,For sale,1.3.0,1.3.0,TopsTexMarinesuitNormalLRashguard3,1259.0,13100.0,3qhdPQngftbrtWgHM
leaf-print wet suit,https://acnhcdn.com/latest/ClosetIcon/TopsTexMarinesuitNormalLRashguard0.png,https://acnhcdn.com/latest/FtrIcon/TopsTexMarinesuitNormalLRashguard0.png,Light blue,No,3000.0,750.0,51.0,Light blue,Black,1x1,NA,Nook Shopping Catalog,,All Year,No,Active,outdoorsy; sporty; vacation,3.0,No,Marinesuit,L,For sale,1.3.0,1.3.0,TopsTexMarinesuitNormalLRashguard0,1259.0,12981.0,mCuc5u3XpnyQqcR8G
leaf-print wet suit,https://acnhcdn.com/latest/ClosetIcon/TopsTexMarinesuitNormalLRashguard1.png,https://acnhcdn.com/latest/FtrIcon/TopsTexMarinesuitNormalLRashguard1.png,Purple,No,3000.0,750.0,51.0,Purple,Black,1x1,NA,Nook Shopping Catalog,,All Year,No,Active,outdoorsy; sporty; vacation,4.0,No,Marinesuit,L,For sale,1.3.0,1.3.0,TopsTexMarinesuitNormalLRashguard1,1259.0,13098.0,GZwvXzEMwCfhuNTHe
Nook Inc. wet suit,https://acnhcdn.com/latest/ClosetIcon/TopsTexMarinesuitNormalLNook0.png,https://acnhcdn.com/latest/FtrIcon/TopsTexMarinesuitNormalLNook0.png,NA,No,NFS,4000.0,151.0,Black,Green,1x1,800.0,Nook Miles Shop,,All Year,No,Active,outdoorsy; sporty; vacation; work,1.0,No,Marinesuit,L,Not for sale,1.3.0,1.3.0,TopsTexMarinesuitNormalLNook0,1258.0,12970.0,jjwdLhmb3X42fvtHa
