Name,Image,Buy,Category,Source,Filename,Unique Entry ID
brick bridge,"http://acnhcdn.com/drivesync/bridgearamp/NewCanvas1wqearthyjuk,.png",198000.0,Bridge,Resident Services Upgrade,BridgeBricks,Rvkrg9tcubTMakcBS
iron bridge,http://acnhcdn.com/drivesync/bridgearamp/NewCanvas1wdaeteyhrjtuy.png,228000.0,Bridge,Resident Services Upgrade,BridgeIron,RmQ6iiKkFf3Sy4iSQ
log bridge,http://acnhcdn.com/drivesync/bridgearamp/NewCanvas1adsvfbgnhjh.png,98000.0,Bridge,Resident Services Upgrade,BridgeLog,Px55sTfjKSbbMtjAK
red zen bridge,http://acnhcdn.com/drivesync/bridgearamp/NewCanvas1wdqfegrhtryjmm.png,228000.0,Bridge,Resident Services Upgrade,BridgeRed,jTziEHXkeYaugKDQQ
stone bridge,http://acnhcdn.com/drivesync/bridgearamp/NewCanvas1adwfesgrdthfgmj.png,168000.0,Bridge,Resident Services Upgrade,BridgeStone,JmrwC2tRRCCgbZnrp
suspension bridge,http://acnhcdn.com/drivesync/bridgearamp/NewCanvas1sxdaefwrge5yhyjum.png,129800.0,Bridge,Resident Services Upgrade,BridgeSuspension,q52JebMTHDqHJKBba
wooden bridge,http://acnhcdn.com/drivesync/bridgearamp/NewCanvas1adsfhngm.png,168000.0,Bridge,Resident Services Upgrade,BridgeWood,7oZ7FMrJEpBLZzsmw
zen bridge,http://acnhcdn.com/drivesync/bridgearamp/NewCanvas1w.png,228000.0,Bridge,Resident Services Upgrade,BridgeJapanese,TbKbHzJM8j8ezmAEF
basic door,https://acnhcdn.com/latest/HouseDoorIcon/HouseDoorCercleWindowAR.png,5000.0,Door,4th House Upgrade (Right Room),HouseDoorCercleWindowAR,HrAsZSpm2pRj2u8ad
beige basic door,https://acnhcdn.com/latest/HouseDoorIcon/HouseDoorCercleWindowGR.png,5000.0,Door,4th House Upgrade (Right Room),HouseDoorCercleWindowGR,uF4YeCTGBx4Tawcp8
beige simple door,https://acnhcdn.com/latest/HouseDoorIcon/HouseDoorSimpleBR.png,5000.0,Door,4th House Upgrade (Right Room),HouseDoorSimpleBR,jQFLgioHYBRbRkBYK
beige windowed door,https://acnhcdn.com/latest/HouseDoorIcon/HouseDoorWindowGR.png,5000.0,Door,4th House Upgrade (Right Room),HouseDoorWindowGR,oMqf22Pf8fZzeoJdY
beige wooden door,https://acnhcdn.com/latest/HouseDoorIcon/HouseDoorStandardGR.png,5000.0,Door,4th House Upgrade (Right Room),HouseDoorStandardGR,N5LASg9qjhgexBMe7
black common door,https://acnhcdn.com/latest/HouseDoorIcon/HouseDoorReliefHR.png,5000.0,Door,4th House Upgrade (Right Room),HouseDoorReliefHR,6mmdmWbK5ZRpbCsWc
black fancy door,https://acnhcdn.com/latest/HouseDoorIcon/HouseDoorCarvingBR.png,5000.0,Door,4th House Upgrade (Right Room),HouseDoorCarvingBR,3ZahH8gvtHGdkEM68
black imperial door,https://acnhcdn.com/latest/HouseDoorIcon/HouseDoorChineseHR.png,5000.0,Door,4th House Upgrade (Right Room),HouseDoorChineseHR,qT9ghD7YkZpMDgBDf
black latticework door,https://acnhcdn.com/latest/HouseDoorIcon/HouseDoorLatticeHR.png,5000.0,Door,4th House Upgrade (Right Room),HouseDoorLatticeHR,Kzu4WsZwmSWzLdMC6
black rustic door,https://acnhcdn.com/latest/HouseDoorIcon/HouseDoorSimplicityDR.png,5000.0,Door,4th House Upgrade (Right Room),HouseDoorSimplicityDR,TKDhdqyJBdrz8yQt6
black vertical-panes door,https://acnhcdn.com/latest/HouseDoorIcon/HouseDoorVerticalWindowHR.png,5000.0,Door,4th House Upgrade (Right Room),HouseDoorVerticalWindowHR,Z4efmoeAjzYLhTsKJ
black zen door,https://acnhcdn.com/latest/HouseDoorIcon/HouseDoorJapaneseER.png,5000.0,Door,4th House Upgrade (Right Room),HouseDoorJapaneseER,AxrkW9SNKqmh9kX4S
blue basic door,https://acnhcdn.com/latest/HouseDoorIcon/HouseDoorCercleWindowER.png,5000.0,Door,4th House Upgrade (Right Room),HouseDoorCercleWindowER,BxqZmtEty82NDo8J3
blue common door,https://acnhcdn.com/latest/HouseDoorIcon/HouseDoorReliefCR.png,5000.0,Door,4th House Upgrade (Right Room),HouseDoorReliefCR,hfWfx4mxev3qjp2zH
blue fancy door,https://acnhcdn.com/latest/HouseDoorIcon/HouseDoorCarvingER.png,5000.0,Door,4th House Upgrade (Right Room),HouseDoorCarvingER,fm6MupiuPAK6HPNNj
blue iron door,https://acnhcdn.com/latest/HouseDoorIcon/HouseDoorIronCR.png,5000.0,Door,4th House Upgrade (Right Room),HouseDoorIronCR,5tgy5p3AE38NBeG9B
blue latticework door,https://acnhcdn.com/latest/HouseDoorIcon/HouseDoorLatticeFR.png,5000.0,Door,4th House Upgrade (Right Room),HouseDoorLatticeFR,JwdJLi5HHZe24DmkF
blue metal-accent door,https://acnhcdn.com/latest/HouseDoorIcon/HouseDoorIronpartsCR.png,5000.0,Door,4th House Upgrade (Right Room),HouseDoorIronpartsCR,YB3NZt9RRYJroWRcn
blue rustic door,https://acnhcdn.com/latest/HouseDoorIcon/HouseDoorSimplicityFR.png,5000.0,Door,4th House Upgrade (Right Room),HouseDoorSimplicityFR,8k4sCwWWqugmTYuw6
blue simple door,https://acnhcdn.com/latest/HouseDoorIcon/HouseDoorSimpleDR.png,5000.0,Door,4th House Upgrade (Right Room),HouseDoorSimpleDR,cN2eTBiAPt2Bv8GTK
blue vertical-panes door,https://acnhcdn.com/latest/HouseDoorIcon/HouseDoorVerticalWindowDR.png,5000.0,Door,4th House Upgrade (Right Room),HouseDoorVerticalWindowDR,AJB8xQLjaJR2WrHBv
blue windowed door,https://acnhcdn.com/latest/HouseDoorIcon/HouseDoorWindowER.png,5000.0,Door,4th House Upgrade (Right Room),HouseDoorWindowER,i5JLZk2vdr5jZ9nBC
blue wooden door,https://acnhcdn.com/latest/HouseDoorIcon/HouseDoorStandardER.png,5000.0,Door,4th House Upgrade (Right Room),HouseDoorStandardER,okXxYSYZ8o2vceKQG
brown imperial door,https://acnhcdn.com/latest/HouseDoorIcon/HouseDoorChineseBR.png,5000.0,Door,4th House Upgrade (Right Room),HouseDoorChineseBR,SN5ik2H7HfGLuG9EN
brown latticework door,https://acnhcdn.com/latest/HouseDoorIcon/HouseDoorLatticeAR.png,5000.0,Door,4th House Upgrade (Right Room),HouseDoorLatticeAR,a4Mft9ihDSpo4jusc
brown metal-accent door,https://acnhcdn.com/latest/HouseDoorIcon/HouseDoorIronpartsFR.png,5000.0,Door,4th House Upgrade (Right Room),HouseDoorIronpartsFR,8eztTyD69pNsq7Eee
brown zen door,https://acnhcdn.com/latest/HouseDoorIcon/HouseDoorJapaneseCR.png,5000.0,Door,4th House Upgrade (Right Room),HouseDoorJapaneseCR,3bWWrFPG7N5NcAKbS
burgundy basic door,https://acnhcdn.com/latest/HouseDoorIcon/HouseDoorCercleWindowDR.png,5000.0,Door,4th House Upgrade (Right Room),HouseDoorCercleWindowDR,vuSF9u2vtgf95NREh
common door,https://acnhcdn.com/latest/HouseDoorIcon/HouseDoorReliefAR.png,5000.0,Door,4th House Upgrade (Right Room),HouseDoorReliefAR,8Gx8LKMb7ipbF9qKa
cyan vertical-panes door,https://acnhcdn.com/latest/HouseDoorIcon/HouseDoorVerticalWindowJR.png,5000.0,Door,4th House Upgrade (Right Room),HouseDoorVerticalWindowJR,CTyPWnQDRGqMcDEyf
dark-brown iron grill door,https://acnhcdn.com/latest/HouseDoorIcon/HouseDoorIronGrillGR.png,5000.0,Door,4th House Upgrade (Right Room),HouseDoorIronGrillGR,CQFAjS99WqxTu4QDJ
deep-green simple door,https://acnhcdn.com/latest/HouseDoorIcon/HouseDoorSimpleGR.png,5000.0,Door,4th House Upgrade (Right Room),HouseDoorSimpleGR,Gyibc6G9u5Zv4fMdJ
gray common door,https://acnhcdn.com/latest/HouseDoorIcon/HouseDoorReliefFR.png,5000.0,Door,4th House Upgrade (Right Room),HouseDoorReliefFR,mEBW6Y6gLFpBpibwA
gray iron door,https://acnhcdn.com/latest/HouseDoorIcon/HouseDoorIronGR.png,5000.0,Door,4th House Upgrade (Right Room),HouseDoorIronGR,27cPAfi2DYBEzzgto
gray iron grill door,https://acnhcdn.com/latest/HouseDoorIcon/HouseDoorIronGrillHR.png,5000.0,Door,4th House Upgrade (Right Room),HouseDoorIronGrillHR,uzLEvMD46GzBZQ3mN
gray latticework door,https://acnhcdn.com/latest/HouseDoorIcon/HouseDoorLatticeER.png,5000.0,Door,4th House Upgrade (Right Room),HouseDoorLatticeER,ZCfMjY9ED5jW87aZY
gray simple door,https://acnhcdn.com/latest/HouseDoorIcon/HouseDoorSimpleCR.png,5000.0,Door,4th House Upgrade (Right Room),HouseDoorSimpleCR,QjS2nzSqHCLCcLGKQ
gray windowed door,https://acnhcdn.com/latest/HouseDoorIcon/HouseDoorWindowFR.png,5000.0,Door,4th House Upgrade (Right Room),HouseDoorWindowFR,Y7W4HKFy49BLvabBD
gray wooden door,https://acnhcdn.com/latest/HouseDoorIcon/HouseDoorStandardFR.png,5000.0,Door,4th House Upgrade (Right Room),HouseDoorStandardFR,C2LhRZFynjh6x5gQB
green basic door,https://acnhcdn.com/latest/HouseDoorIcon/HouseDoorCercleWindowBR.png,5000.0,Door,4th House Upgrade (Right Room),HouseDoorCercleWindowBR,jDYnxjeL9zxWFsYM3
green common door,https://acnhcdn.com/latest/HouseDoorIcon/HouseDoorReliefDR.png,5000.0,Door,4th House Upgrade (Right Room),HouseDoorReliefDR,3xcS4XeYXbi6A4JJc
green imperial door,https://acnhcdn.com/latest/HouseDoorIcon/HouseDoorChineseER.png,5000.0,Door,4th House Upgrade (Right Room),HouseDoorChineseER,h59gk2epKc9ALPoF9
green iron door,https://acnhcdn.com/latest/HouseDoorIcon/HouseDoorIronER.png,5000.0,Door,4th House Upgrade (Right Room),HouseDoorIronER,CH2gZGRicug5TB5nF
green iron grill door,https://acnhcdn.com/latest/HouseDoorIcon/HouseDoorIronGrillCR.png,5000.0,Door,4th House Upgrade (Right Room),HouseDoorIronGrillCR,fNwKPm8gu5pnoNZ2H
green metal-accent door,https://acnhcdn.com/latest/HouseDoorIcon/HouseDoorIronpartsDR.png,5000.0,Door,4th House Upgrade (Right Room),HouseDoorIronpartsDR,gveHmLcPh9uNLMFB8
green rustic door,https://acnhcdn.com/latest/HouseDoorIcon/HouseDoorSimplicityJR.png,5000.0,Door,4th House Upgrade (Right Room),HouseDoorSimplicityJR,YyyhicaCZuYCAd4hm
green vertical-panes door,https://acnhcdn.com/latest/HouseDoorIcon/HouseDoorVerticalWindowCR.png,5000.0,Door,4th House Upgrade (Right Room),HouseDoorVerticalWindowCR,DAwzGNJimCfi6XuPY
green windowed door,https://acnhcdn.com/latest/HouseDoorIcon/HouseDoorWindowDR.png,5000.0,Door,4th House Upgrade (Right Room),HouseDoorWindowDR,CHTZZvpsuYP2ZvEtm
green wooden door,https://acnhcdn.com/latest/HouseDoorIcon/HouseDoorStandardDR.png,5000.0,Door,4th House Upgrade (Right Room),HouseDoorStandardDR,qj2PXQwBkjoDPMSDc
green-apple basic door,https://acnhcdn.com/latest/HouseDoorIcon/HouseDoorCercleWindowJR.png,5000.0,Door,4th House Upgrade (Right Room),HouseDoorCercleWindowJR,mH3kwkiNAW9Tgg5XH
green-apple common door,https://acnhcdn.com/latest/HouseDoorIcon/HouseDoorReliefIR.png,5000.0,Door,4th House Upgrade (Right Room),HouseDoorReliefIR,oe58QsaRvnF9dQ9Eg
imperial door,https://acnhcdn.com/latest/HouseDoorIcon/HouseDoorChineseAR.png,5000.0,Door,4th House Upgrade (Right Room),HouseDoorChineseAR,BbeW2wNrRMq4PkQB5
iron door,https://acnhcdn.com/latest/HouseDoorIcon/HouseDoorIronAR.png,5000.0,Door,4th House Upgrade (Right Room),HouseDoorIronAR,yE4x5zcn95mcNNf2f
iron grill door,https://acnhcdn.com/latest/HouseDoorIcon/HouseDoorIronGrillAR.png,5000.0,Door,4th House Upgrade (Right Room),HouseDoorIronGrillAR,Cgd6XZxLfYLbuRqoC
lacquered zen door,https://acnhcdn.com/latest/HouseDoorIcon/HouseDoorJapaneseFR.png,5000.0,Door,4th House Upgrade (Right Room),HouseDoorJapaneseFR,soxZojTeCikxb9q53
latticework door,https://acnhcdn.com/latest/HouseDoorIcon/HouseDoorLatticeDR.png,5000.0,Door,4th House Upgrade (Right Room),HouseDoorLatticeDR,jexi2bbNCwn2j3JvC
light-green rustic door,https://acnhcdn.com/latest/HouseDoorIcon/HouseDoorSimplicityGR.png,5000.0,Door,4th House Upgrade (Right Room),HouseDoorSimplicityGR,n5cEgH77z99n3rT8i
maple iron grill door,https://acnhcdn.com/latest/HouseDoorIcon/HouseDoorIronGrillBR.png,5000.0,Door,4th House Upgrade (Right Room),HouseDoorIronGrillBR,FW8NZXxWLT4hY6Nj3
maple rustic door,https://acnhcdn.com/latest/HouseDoorIcon/HouseDoorSimplicityCR.png,5000.0,Door,4th House Upgrade (Right Room),HouseDoorSimplicityCR,cuDwoeXKD2jdQEPvQ
maple vertical-panes door,https://acnhcdn.com/latest/HouseDoorIcon/HouseDoorVerticalWindowBR.png,5000.0,Door,4th House Upgrade (Right Room),HouseDoorVerticalWindowBR,uKkrQ5yBYWQMmerB7
maple windowed door,https://acnhcdn.com/latest/HouseDoorIcon/HouseDoorWindowBR.png,5000.0,Door,4th House Upgrade (Right Room),HouseDoorWindowBR,bTb3Quno8Hhs7ASK2
maple wooden door,https://acnhcdn.com/latest/HouseDoorIcon/HouseDoorStandardBR.png,5000.0,Door,4th House Upgrade (Right Room),HouseDoorStandardBR,zvWtASTxgTYBunTDz
metal-accent door,https://acnhcdn.com/latest/HouseDoorIcon/HouseDoorIronpartsAR.png,5000.0,Door,4th House Upgrade (Right Room),HouseDoorIronpartsAR,EivvfJTS98tFNbuno
pale-blue basic door,https://acnhcdn.com/latest/HouseDoorIcon/HouseDoorCercleWindowFR.png,5000.0,Door,4th House Upgrade (Right Room),HouseDoorCercleWindowFR,LnLiK3nvaaGqMSJbo
pale-blue iron grill door,https://acnhcdn.com/latest/HouseDoorIcon/HouseDoorIronGrillDR.png,5000.0,Door,4th House Upgrade (Right Room),HouseDoorIronGrillDR,LGernbHCg8R4Kcs8f
pale-purple rustic door,https://acnhcdn.com/latest/HouseDoorIcon/HouseDoorSimplicityIR.png,5000.0,Door,4th House Upgrade (Right Room),HouseDoorSimplicityIR,HEczAiQ4dHwB5zh5i
pink basic door,https://acnhcdn.com/latest/HouseDoorIcon/HouseDoorCercleWindowIR.png,5000.0,Door,4th House Upgrade (Right Room),HouseDoorCercleWindowIR,Xby3xZhQd3dMb4Coe
pink fancy door,https://acnhcdn.com/latest/HouseDoorIcon/HouseDoorCarvingDR.png,5000.0,Door,4th House Upgrade (Right Room),HouseDoorCarvingDR,2jbKjqmXXQddSvH26
pink iron door,https://acnhcdn.com/latest/HouseDoorIcon/HouseDoorIronFR.png,5000.0,Door,4th House Upgrade (Right Room),HouseDoorIronFR,BLseEGcXhw9dPreLx
pink iron grill door,https://acnhcdn.com/latest/HouseDoorIcon/HouseDoorIronGrillER.png,5000.0,Door,4th House Upgrade (Right Room),HouseDoorIronGrillER,sjAoF3vsRF5J8jLdq
pink metal-accent door,https://acnhcdn.com/latest/HouseDoorIcon/HouseDoorIronpartsER.png,5000.0,Door,4th House Upgrade (Right Room),HouseDoorIronpartsER,TB89rf3ccaKip4QRz
pink rustic door,https://acnhcdn.com/latest/HouseDoorIcon/HouseDoorSimplicityHR.png,5000.0,Door,4th House Upgrade (Right Room),HouseDoorSimplicityHR,GANZwLknoRyyegbLM
pink simple door,https://acnhcdn.com/latest/HouseDoorIcon/HouseDoorSimpleER.png,5000.0,Door,4th House Upgrade (Right Room),HouseDoorSimpleER,qvNBxg3CEWvEnoNpZ
pink windowed door,https://acnhcdn.com/latest/HouseDoorIcon/HouseDoorWindowIR.png,5000.0,Door,4th House Upgrade (Right Room),HouseDoorWindowIR,svRR2C9PSLt5ef3Su
pink wooden door,https://acnhcdn.com/latest/HouseDoorIcon/HouseDoorStandardIR.png,5000.0,Door,4th House Upgrade (Right Room),HouseDoorStandardIR,gPykmDtFtSdxotvrk
purple common door,https://acnhcdn.com/latest/HouseDoorIcon/HouseDoorReliefJR.png,5000.0,Door,4th House Upgrade (Right Room),HouseDoorReliefJR,XBquzTWPzAnHcKYBj
purple iron grill door,https://acnhcdn.com/latest/HouseDoorIcon/HouseDoorIronGrillJR.png,5000.0,Door,4th House Upgrade (Right Room),HouseDoorIronGrillJR,Q4GLiP3Kmurrk2WSB
purple metal-accent door,https://acnhcdn.com/latest/HouseDoorIcon/HouseDoorIronpartsGR.png,5000.0,Door,4th House Upgrade (Right Room),HouseDoorIronpartsGR,B6NfDDoKJXSTX6nEZ
purple simple door,https://acnhcdn.com/latest/HouseDoorIcon/HouseDoorSimpleHR.png,5000.0,Door,4th House Upgrade (Right Room),HouseDoorSimpleHR,dmTdoj8NzL2jSKZHu
purple vertical-panes door,https://acnhcdn.com/latest/HouseDoorIcon/HouseDoorVerticalWindowIR.png,5000.0,Door,4th House Upgrade (Right Room),HouseDoorVerticalWindowIR,JHMuJ2pSXBFsCGThM
purple windowed door,https://acnhcdn.com/latest/HouseDoorIcon/HouseDoorWindowJR.png,5000.0,Door,4th House Upgrade (Right Room),HouseDoorWindowJR,kiK57D48BgFz2LdAh
purple wooden door,https://acnhcdn.com/latest/HouseDoorIcon/HouseDoorStandardJR.png,5000.0,Door,4th House Upgrade (Right Room),HouseDoorStandardJR,oNx9giXYQZLfuCYq5
red common door,https://acnhcdn.com/latest/HouseDoorIcon/HouseDoorReliefBR.png,5000.0,Door,4th House Upgrade (Right Room),HouseDoorReliefBR,WmuaHC559AALWH2Bb
red fancy door,https://acnhcdn.com/latest/HouseDoorIcon/HouseDoorCarvingCR.png,5000.0,Door,4th House Upgrade (Right Room),HouseDoorCarvingCR,us8rFY2TSFXCx72kH
red imperial door,https://acnhcdn.com/latest/HouseDoorIcon/HouseDoorChineseCR.png,5000.0,Door,4th House Upgrade (Right Room),HouseDoorChineseCR,NtxTaTeTrzghsGS2W
red iron door,https://acnhcdn.com/latest/HouseDoorIcon/HouseDoorIronBR.png,5000.0,Door,4th House Upgrade (Right Room),HouseDoorIronBR,Bp9ysH2C4zeiScQXP
red iron grill door,https://acnhcdn.com/latest/HouseDoorIcon/HouseDoorIronGrillIR.png,5000.0,Door,4th House Upgrade (Right Room),HouseDoorIronGrillIR,giywRE5qEmQZC6GAN
red latticework door,https://acnhcdn.com/latest/HouseDoorIcon/HouseDoorLatticeCR.png,5000.0,Door,4th House Upgrade (Right Room),HouseDoorLatticeCR,Nnbfndanco3rvQgWf
red metal-accent door,https://acnhcdn.com/latest/HouseDoorIcon/HouseDoorIronpartsBR.png,5000.0,Door,4th House Upgrade (Right Room),HouseDoorIronpartsBR,XvgfNPwfYGffgE24X
red rustic door,https://acnhcdn.com/latest/HouseDoorIcon/HouseDoorSimplicityER.png,5000.0,Door,4th House Upgrade (Right Room),HouseDoorSimplicityER,RddBzpZ8QEcLWD4Gv
red vertical-panes door,https://acnhcdn.com/latest/HouseDoorIcon/HouseDoorVerticalWindowFR.png,5000.0,Door,4th House Upgrade (Right Room),HouseDoorVerticalWindowFR,jtHKujXtSxTwgmgiY
red windowed door,https://acnhcdn.com/latest/HouseDoorIcon/HouseDoorWindowCR.png,5000.0,Door,4th House Upgrade (Right Room),HouseDoorWindowCR,Z4oGMDMqpFBdfYXsZ
red wooden door,https://acnhcdn.com/latest/HouseDoorIcon/HouseDoorStandardCR.png,5000.0,Door,4th House Upgrade (Right Room),HouseDoorStandardCR,h4LK4FrT733y64FZz
red zen door,https://acnhcdn.com/latest/HouseDoorIcon/HouseDoorJapaneseDR.png,5000.0,Door,4th House Upgrade (Right Room),HouseDoorJapaneseDR,tdPuvQyRrRFiBEv7z
red-green imperial door,https://acnhcdn.com/latest/HouseDoorIcon/HouseDoorChineseFR.png,5000.0,Door,4th House Upgrade (Right Room),HouseDoorChineseFR,2mrsS49vJNZdWDQeD
rustic door,https://acnhcdn.com/latest/HouseDoorIcon/HouseDoorSimplicityAR.png,5000.0,Door,4th House Upgrade (Right Room),HouseDoorSimplicityAR,mbsrSkG43TP7tA6e5
vertical-panes door,https://acnhcdn.com/latest/HouseDoorIcon/HouseDoorVerticalWindowAR.png,5000.0,Door,4th House Upgrade (Right Room),HouseDoorVerticalWindowAR,aqhHtKKvCQQpb834t
walnut latticework door,https://acnhcdn.com/latest/HouseDoorIcon/HouseDoorLatticeBR.png,5000.0,Door,4th House Upgrade (Right Room),HouseDoorLatticeBR,xtvqjdafPWY4DF4ww
white basic door,https://acnhcdn.com/latest/HouseDoorIcon/HouseDoorCercleWindowHR.png,5000.0,Door,4th House Upgrade (Right Room),HouseDoorCercleWindowHR,rrazQ4rMyTqvC3G3Y
white common door,https://acnhcdn.com/latest/HouseDoorIcon/HouseDoorReliefGR.png,5000.0,Door,4th House Upgrade (Right Room),HouseDoorReliefGR,cFZFak2hPc3jBrpv8
white fancy door,https://acnhcdn.com/latest/HouseDoorIcon/HouseDoorCarvingAR.png,5000.0,Door,4th House Upgrade (Right Room),HouseDoorCarvingAR,r6k9ATzzAKaWMNJnQ
white imperial door,https://acnhcdn.com/latest/HouseDoorIcon/HouseDoorChineseGR.png,5000.0,Door,4th House Upgrade (Right Room),HouseDoorChineseGR,bthYBfAjTxo7F5dNi
white iron door,https://acnhcdn.com/latest/HouseDoorIcon/HouseDoorIronHR.png,5000.0,Door,4th House Upgrade (Right Room),HouseDoorIronHR,Zi4ndrFTFsEqhQPw9
white iron grill door,https://acnhcdn.com/latest/HouseDoorIcon/HouseDoorIronGrillFR.png,5000.0,Door,4th House Upgrade (Right Room),HouseDoorIronGrillFR,bz47mYutYXduChB3P
white latticework door,https://acnhcdn.com/latest/HouseDoorIcon/HouseDoorLatticeGR.png,5000.0,Door,4th House Upgrade (Right Room),HouseDoorLatticeGR,ndjhLSHZXG4TrmXNS
white metal-accent door,https://acnhcdn.com/latest/HouseDoorIcon/HouseDoorIronpartsHR.png,5000.0,Door,4th House Upgrade (Right Room),HouseDoorIronpartsHR,yDBA2qT5sGQAzt7eB
white rustic door,https://acnhcdn.com/latest/HouseDoorIcon/HouseDoorSimplicityBR.png,5000.0,Door,4th House Upgrade (Right Room),HouseDoorSimplicityBR,Mu7FQYgoRajRuL5BD
white simple door,https://acnhcdn.com/latest/HouseDoorIcon/HouseDoorSimpleAR.png,5000.0,Door,4th House Upgrade (Right Room),HouseDoorSimpleAR,q4CQF3zCDhorZ7fAc
white vertical-panes door,https://acnhcdn.com/latest/HouseDoorIcon/HouseDoorVerticalWindowGR.png,5000.0,Door,4th House Upgrade (Right Room),HouseDoorVerticalWindowGR,CxFPdgKzKg2ifRx62
white windowed door,https://acnhcdn.com/latest/HouseDoorIcon/HouseDoorWindowHR.png,5000.0,Door,4th House Upgrade (Right Room),HouseDoorWindowHR,ZovDjWHe8YSZZKinn
white wooden door,https://acnhcdn.com/latest/HouseDoorIcon/HouseDoorStandardHR.png,5000.0,Door,4th House Upgrade (Right Room),HouseDoorStandardHR,h2ja68uKd7TxdEwQE
white zen door,https://acnhcdn.com/latest/HouseDoorIcon/HouseDoorJapaneseGR.png,5000.0,Door,4th House Upgrade (Right Room),HouseDoorJapaneseGR,wY7gy8YD2Y8ojnDnm
windowed door,https://acnhcdn.com/latest/HouseDoorIcon/HouseDoorWindowAR.png,5000.0,Door,4th House Upgrade (Right Room),HouseDoorWindowAR,28wnpfEyGZCvdDsmc
wooden door,https://acnhcdn.com/latest/HouseDoorIcon/HouseDoorStandardAR.png,5000.0,Door,4th House Upgrade (Right Room),HouseDoorStandardAR,4ovKGY9ZoiujvqkS8
yellow basic door,https://acnhcdn.com/latest/HouseDoorIcon/HouseDoorCercleWindowCR.png,5000.0,Door,4th House Upgrade (Right Room),HouseDoorCercleWindowCR,yoMGH8LhL7mFWZiPD
yellow common door,https://acnhcdn.com/latest/HouseDoorIcon/HouseDoorReliefER.png,5000.0,Door,4th House Upgrade (Right Room),HouseDoorReliefER,5ZKFC4ePpoYDqqJSu
yellow fancy door,https://acnhcdn.com/latest/HouseDoorIcon/HouseDoorCarvingFR.png,5000.0,Door,4th House Upgrade (Right Room),HouseDoorCarvingFR,iNTxu4FaB6TC9pjni
yellow imperial door,https://acnhcdn.com/latest/HouseDoorIcon/HouseDoorChineseDR.png,5000.0,Door,4th House Upgrade (Right Room),HouseDoorChineseDR,dBGXJ8LnHwDZciTRS
yellow iron door,https://acnhcdn.com/latest/HouseDoorIcon/HouseDoorIronDR.png,5000.0,Door,4th House Upgrade (Right Room),HouseDoorIronDR,wELe85t5gE9e5fZ7H
yellow simple door,https://acnhcdn.com/latest/HouseDoorIcon/HouseDoorSimpleFR.png,5000.0,Door,4th House Upgrade (Right Room),HouseDoorSimpleFR,t8gHx6QjK9tFMmMna
yellow vertical-panes door,https://acnhcdn.com/latest/HouseDoorIcon/HouseDoorVerticalWindowER.png,5000.0,Door,4th House Upgrade (Right Room),HouseDoorVerticalWindowER,Aszgp3pAbCC75LNHd
yellow zen door,https://acnhcdn.com/latest/HouseDoorIcon/HouseDoorJapaneseBR.png,5000.0,Door,4th House Upgrade (Right Room),HouseDoorJapaneseBR,yHJcPMRBWKZofvC4H
zen door,https://acnhcdn.com/latest/HouseDoorIcon/HouseDoorJapaneseAR.png,5000.0,Door,4th House Upgrade (Right Room),HouseDoorJapaneseAR,jGJNCRi6kcXXTD67g
blue steel staircase,http://acnhcdn.com/drivesync/bridgearamp/NewCanvas1wdqferbgf%20%20.png,228000.0,Incline,Resident Services Upgrade,SlopeIronStairBlue,wEC52Lc5cf8TcamMB
blue-plank ramp,http://acnhcdn.com/drivesync/bridgearamp/NewCanvas1wr3t453y46ujyk%2Cj.png,128000.0,Incline,Resident Services Upgrade,SlopeWoodBlue,gHnYrhHS9A7MrPdpr
brick staircase,http://acnhcdn.com/drivesync/bridgearamp/NewCanvas1dafsgdb.png,198000.0,Incline,Resident Services Upgrade,SlopeBrickStair,A8AfTzxqpvzfcMeC5
log staircase,http://acnhcdn.com/drivesync/bridgearamp/NewCanvas1awr3t45y6u5jky.png,168000.0,Incline,Resident Services Upgrade,SlopeWoodStair,wk6oQREwMmRAmkTWJ
natural ramp,http://acnhcdn.com/drivesync/bridgearamp/NewCanvas1qewt453yw46ujyk.png,98000.0,Incline,Resident Services Upgrade,SlopeNatural,m7jAPxsGCRgSWo6Ng
red steel staircase,http://acnhcdn.com/drivesync/bridgearamp/NewCanvas1wretehryjm.png,228000.0,Incline,Resident Services Upgrade,SlopeIronStair,2nygbmutbmBfuzEXp
stone staircase,http://acnhcdn.com/drivesync/bridgearamp/NewCanvas1ewfweaf.png,168000.0,Incline,Resident Services Upgrade,SlopeStoneStair,4zszj8KsBNe2XgeGq
white-plank ramp,http://acnhcdn.com/drivesync/bridgearamp/NewCanvas1qwr3t4y56ujj.png,128000.0,Incline,Resident Services Upgrade,SlopeWood,aR8pTDNtanxDQt7MY
black large mailbox,https://acnhcdn.com/latest/HousePostIcon/FtrPostLargeBlack.png,5000.0,Mailbox,3rd House Upgrade (Left Room),FtrPostLargeBlack,MfwnWmtJuJDAvc2Lz
black ordinary mailbox,https://acnhcdn.com/latest/HousePostIcon/FtrPostStandardBlack.png,5000.0,Mailbox,3rd House Upgrade (Left Room),FtrPostStandardBlack,mrnKiTGF6ra4B8X2T
black square mailbox,https://acnhcdn.com/latest/HousePostIcon/FtrPostSquareBlack.png,5000.0,Mailbox,3rd House Upgrade (Left Room),FtrPostSquareBlack,EePwSJwYCpQZacFqi
blue large mailbox,https://acnhcdn.com/latest/HousePostIcon/FtrPostLargeBlue.png,5000.0,Mailbox,3rd House Upgrade (Left Room),FtrPostLargeBlue,PXyHoT3WdZxgZNngW
blue ordinary mailbox,https://acnhcdn.com/latest/HousePostIcon/FtrPostStandardBlue.png,5000.0,Mailbox,3rd House Upgrade (Left Room),FtrPostStandardBlue,RzqDEHhw3HSGjpavY
blue square mailbox,https://acnhcdn.com/latest/HousePostIcon/FtrPostSquareBlue.png,5000.0,Mailbox,3rd House Upgrade (Left Room),FtrPostSquareBlue,cP7bYmszxmrmW2ygL
blue wooden mailbox,https://acnhcdn.com/latest/HousePostIcon/FtrPostWoodBlue.png,5000.0,Mailbox,3rd House Upgrade (Left Room),FtrPostWoodBlue,hc333N34upcNjSabw
chic wooden mailbox,https://acnhcdn.com/latest/HousePostIcon/FtrPostWoodDark.png,5000.0,Mailbox,3rd House Upgrade (Left Room),FtrPostWoodDark,f2YBipw25G8BAxwSt
green large mailbox,https://acnhcdn.com/latest/HousePostIcon/FtrPostLargeGreen.png,5000.0,Mailbox,3rd House Upgrade (Left Room),FtrPostLargeGreen,MkQ6G3TQ7YqhQToAi
green ordinary mailbox,https://acnhcdn.com/latest/HousePostIcon/FtrPostStandardGreen.png,5000.0,Mailbox,3rd House Upgrade (Left Room),FtrPostStandardGreen,ujFMEsLrnERfkwfP9
green square mailbox,https://acnhcdn.com/latest/HousePostIcon/FtrPostSquareGreen.png,5000.0,Mailbox,3rd House Upgrade (Left Room),FtrPostSquareGreen,xuTEi6Do6tN46d3q5
green wooden mailbox,https://acnhcdn.com/latest/HousePostIcon/FtrPostWoodGreen.png,5000.0,Mailbox,3rd House Upgrade (Left Room),FtrPostWoodGreen,6bxdrutijtpzKv39F
large mailbox,https://acnhcdn.com/latest/HousePostIcon/FtrPostLarge.png,5000.0,Mailbox,3rd House Upgrade (Left Room),FtrPostLarge,9mei7SoYtX9WhJqBx
ordinary mailbox,https://acnhcdn.com/latest/HousePostIcon/FtrPostStandard.png,5000.0,Mailbox,3rd House Upgrade (Left Room),FtrPostStandard,WiXx9pYfimxQTSAuF
pink large mailbox,https://acnhcdn.com/latest/HousePostIcon/FtrPostLargePink.png,5000.0,Mailbox,3rd House Upgrade (Left Room),FtrPostLargePink,442cvvb6XZ2ykmMy9
pink ordinary mailbox,https://acnhcdn.com/latest/HousePostIcon/FtrPostStandardPink.png,5000.0,Mailbox,3rd House Upgrade (Left Room),FtrPostStandardPink,TimXNFMGAu2gEdSHg
pink square mailbox,https://acnhcdn.com/latest/HousePostIcon/FtrPostSquarePink.png,5000.0,Mailbox,3rd House Upgrade (Left Room),FtrPostSquarePink,wM9frkMp4Bw3j8siW
pink wooden mailbox,https://acnhcdn.com/latest/HousePostIcon/FtrPostWoodPink.png,5000.0,Mailbox,3rd House Upgrade (Left Room),FtrPostWoodPink,rFbXYtTBoJmXaHs8o
red large mailbox,https://acnhcdn.com/latest/HousePostIcon/FtrPostLargeRed.png,5000.0,Mailbox,3rd House Upgrade (Left Room),FtrPostLargeRed,dd7zAjPBuZzeepDg4
red ordinary mailbox,https://acnhcdn.com/latest/HousePostIcon/FtrPostStandardRed.png,5000.0,Mailbox,3rd House Upgrade (Left Room),FtrPostStandardRed,TBRuBdRZM6YmQPNHp
red square mailbox,https://acnhcdn.com/latest/HousePostIcon/FtrPostSquareRed.png,5000.0,Mailbox,3rd House Upgrade (Left Room),FtrPostSquareRed,hnC7jsEoSKbk5RsEy
red wooden mailbox,https://acnhcdn.com/latest/HousePostIcon/FtrPostWoodRed.png,5000.0,Mailbox,3rd House Upgrade (Left Room),FtrPostWoodRed,wuakRPNugQ72t832X
rustic mailbox,https://acnhcdn.com/latest/HousePostIcon/FtrPostSimple.png,5000.0,Mailbox,Tent,FtrPostSimple,vhd8waS64LR47ty8Q
square mailbox,https://acnhcdn.com/latest/HousePostIcon/FtrPostSquare.png,5000.0,Mailbox,3rd House Upgrade (Left Room),FtrPostSquare,BKJKu7xjhMajA2aFy
white large mailbox,https://acnhcdn.com/latest/HousePostIcon/FtrPostLargeWhite.png,5000.0,Mailbox,3rd House Upgrade (Left Room),FtrPostLargeWhite,uEXJbNeCvpXGjCokH
white ordinary mailbox,https://acnhcdn.com/latest/HousePostIcon/FtrPostStandardWhite.png,5000.0,Mailbox,3rd House Upgrade (Left Room),FtrPostStandardWhite,QYJ4Xh4GSSi4iYzMb
white square mailbox,https://acnhcdn.com/latest/HousePostIcon/FtrPostSquareWhite.png,5000.0,Mailbox,3rd House Upgrade (Left Room),FtrPostSquareWhite,62DZnrMMYjrk5jbS5
white wooden mailbox,https://acnhcdn.com/latest/HousePostIcon/FtrPostWoodWhite.png,5000.0,Mailbox,3rd House Upgrade (Left Room),FtrPostWoodWhite,hs8QMbn7caa6z85ha
wooden mailbox,https://acnhcdn.com/latest/HousePostIcon/FtrPostWood.png,5000.0,Mailbox,3rd House Upgrade (Left Room),FtrPostWood,iqx2M7qtMQjSr73dq
yellow large mailbox,https://acnhcdn.com/latest/HousePostIcon/FtrPostLargeYellow.png,5000.0,Mailbox,3rd House Upgrade (Left Room),FtrPostLargeYellow,Ed6P9B4Y7y6TA99YS
yellow ordinary mailbox,https://acnhcdn.com/latest/HousePostIcon/FtrPostStandardYellow.png,5000.0,Mailbox,3rd House Upgrade (Left Room),FtrPostStandardYellow,egLw54yP3orauEyFd
yellow square mailbox,https://acnhcdn.com/latest/HousePostIcon/FtrPostSquareYellow.png,5000.0,Mailbox,3rd House Upgrade (Left Room),FtrPostSquareYellow,Me97eMZ28yf3j8S8v
yellow wooden mailbox,https://acnhcdn.com/latest/HousePostIcon/FtrPostWoodYellow.png,5000.0,Mailbox,3rd House Upgrade (Left Room),FtrPostWoodYellow,ZDcPaCBz24tNYiGe4
aqua tile roof,https://acnhcdn.com/latest/HouseRoofIcon/HouseRoofPA04StandardE.png,5000.0,Roofing,Initial House,HouseRoofPA04StandardE,Qnx2RexRkQSfFnLuB
beige curved shingles,https://acnhcdn.com/latest/HouseRoofIcon/HouseRoofPA04WesterntileF.png,5000.0,Roofing,4th House Upgrade (Right Room),HouseRoofPA04WesterntileF,jX9sAaudmHztd6WoQ
beige stone roof,https://acnhcdn.com/latest/HouseRoofIcon/HouseRoofPA04StoneB.png,5000.0,Roofing,4th House Upgrade (Right Room),HouseRoofPA04StoneB,rJ4yqFWLmk6ykB5Et
black curved shingles,https://acnhcdn.com/latest/HouseRoofIcon/HouseRoofPA04WesterntileH.png,5000.0,Roofing,4th House Upgrade (Right Room),HouseRoofPA04WesterntileH,BdGehD5vw6WxG8efX
black stone roof,https://acnhcdn.com/latest/HouseRoofIcon/HouseRoofPA04StoneH.png,5000.0,Roofing,4th House Upgrade (Right Room),HouseRoofPA04StoneH,hyshRxYSTue2YG2zE
black thatch roof,https://acnhcdn.com/latest/HouseRoofIcon/HouseRoofPA04ThatchedH.png,5000.0,Roofing,4th House Upgrade (Right Room),HouseRoofPA04ThatchedH,53msS63AkP5L46Bq7
black tile roof,https://acnhcdn.com/latest/HouseRoofIcon/HouseRoofPA04StandardH.png,5000.0,Roofing,Initial House,HouseRoofPA04StandardH,aEXiJy3tnSJWNTBkv
blue curved shingles,https://acnhcdn.com/latest/HouseRoofIcon/HouseRoofPA04WesterntileE.png,5000.0,Roofing,4th House Upgrade (Right Room),HouseRoofPA04WesterntileE,mprPiQG9puuaCguod
blue stone roof,https://acnhcdn.com/latest/HouseRoofIcon/HouseRoofPA04StoneE.png,5000.0,Roofing,4th House Upgrade (Right Room),HouseRoofPA04StoneE,2q8sqokbgGi3mebNb
blue tile roof,https://acnhcdn.com/latest/HouseRoofIcon/HouseRoofPA04StandardF.png,5000.0,Roofing,Initial House,HouseRoofPA04StandardF,B7gS5WW3ksnrfNeXK
brown curved shingles,https://acnhcdn.com/latest/HouseRoofIcon/HouseRoofPA04WesterntileG.png,5000.0,Roofing,4th House Upgrade (Right Room),HouseRoofPA04WesterntileG,zKQZJpWoGzgw7orRW
brown stone roof,https://acnhcdn.com/latest/HouseRoofIcon/HouseRoofPA04StoneG.png,5000.0,Roofing,4th House Upgrade (Right Room),HouseRoofPA04StoneG,mapwfPNGnhg62uQkt
brown thatch roof,https://acnhcdn.com/latest/HouseRoofIcon/HouseRoofPA04ThatchedB.png,5000.0,Roofing,4th House Upgrade (Right Room),HouseRoofPA04ThatchedB,N9gATxvMvWX5HLEhS
deep-green thatch roof,https://acnhcdn.com/latest/HouseRoofIcon/HouseRoofPA04ThatchedG.png,5000.0,Roofing,4th House Upgrade (Right Room),HouseRoofPA04ThatchedG,vc6xgYJWGgA9cTkB7
fresh-grass thatch roof,https://acnhcdn.com/latest/HouseRoofIcon/HouseRoofPA04ThatchedD.png,5000.0,Roofing,4th House Upgrade (Right Room),HouseRoofPA04ThatchedD,Z5NELbfAsKrPcwy5L
golden-brown thatch roof,https://acnhcdn.com/latest/HouseRoofIcon/HouseRoofPA04ThatchedA.png,5000.0,Roofing,4th House Upgrade (Right Room),HouseRoofPA04ThatchedA,roxKGs7uRQw2pw8to
gray thatch roof,https://acnhcdn.com/latest/HouseRoofIcon/HouseRoofPA04ThatchedE.png,5000.0,Roofing,4th House Upgrade (Right Room),HouseRoofPA04ThatchedE,PpodDcgiEgAJiDiSS
green curved shingles,https://acnhcdn.com/latest/HouseRoofIcon/HouseRoofPA04WesterntileD.png,5000.0,Roofing,4th House Upgrade (Right Room),HouseRoofPA04WesterntileD,zH9xBNwrWkv4JfBH3
green stone roof,https://acnhcdn.com/latest/HouseRoofIcon/HouseRoofPA04StoneF.png,5000.0,Roofing,4th House Upgrade (Right Room),HouseRoofPA04StoneF,T85hEMqZDuz32hnS2
green tile roof,https://acnhcdn.com/latest/HouseRoofIcon/HouseRoofPA04StandardD.png,5000.0,Roofing,Initial House,HouseRoofPA04StandardD,pEWWGqpXPdLucubvS
gray stone roof,https://acnhcdn.com/latest/HouseRoofIcon/HouseRoofPA04StoneA.png,5000.0,Roofing,4th House Upgrade (Right Room),HouseRoofPA04StoneA,ab33Skrb5b7oeha7y
orange curved shingles,https://acnhcdn.com/latest/HouseRoofIcon/HouseRoofPA04WesterntileA.png,5000.0,Roofing,4th House Upgrade (Right Room),HouseRoofPA04WesterntileA,yfLcN39wQrmNt8WHH
orange stone roof,https://acnhcdn.com/latest/HouseRoofIcon/HouseRoofPA04StoneC.png,5000.0,Roofing,4th House Upgrade (Right Room),HouseRoofPA04StoneC,ifhZHe9jHujeiSgAu
orange thatch roof,https://acnhcdn.com/latest/HouseRoofIcon/HouseRoofPA04ThatchedC.png,5000.0,Roofing,4th House Upgrade (Right Room),HouseRoofPA04ThatchedC,KehTqxnW4g25qgMzj
pink curved shingles,https://acnhcdn.com/latest/HouseRoofIcon/HouseRoofPA04WesterntileB.png,5000.0,Roofing,4th House Upgrade (Right Room),HouseRoofPA04WesterntileB,Pcg6fSeBJ5C92kLPs
pink tile roof,https://acnhcdn.com/latest/HouseRoofIcon/HouseRoofPA04StandardB.png,5000.0,Roofing,Initial House,HouseRoofPA04StandardB,ve7xChDBdMDgb6nTS
purple tile roof,https://acnhcdn.com/latest/HouseRoofIcon/HouseRoofPA04StandardG.png,5000.0,Roofing,Initial House,HouseRoofPA04StandardG,3dBXpZsj6tD2dBzwj
red stone roof,https://acnhcdn.com/latest/HouseRoofIcon/HouseRoofPA04StoneD.png,5000.0,Roofing,4th House Upgrade (Right Room),HouseRoofPA04StoneD,zPrrQagfzwkhtnAZT
red tile roof,https://acnhcdn.com/latest/HouseRoofIcon/HouseRoofPA04StandardA.png,5000.0,Roofing,Initial House,HouseRoofPA04StandardA,uifwByFWdDXnTJ4vp
white thatch roof,https://acnhcdn.com/latest/HouseRoofIcon/HouseRoofPA04ThatchedF.png,5000.0,Roofing,4th House Upgrade (Right Room),HouseRoofPA04ThatchedF,CGCfToQFCeeeMkRWc
yellow curved shingles,https://acnhcdn.com/latest/HouseRoofIcon/HouseRoofPA04WesterntileC.png,5000.0,Roofing,4th House Upgrade (Right Room),HouseRoofPA04WesterntileC,n5Gc39GsgiLg4ofb2
yellow tile roof,https://acnhcdn.com/latest/HouseRoofIcon/HouseRoofPA04StandardC.png,5000.0,Roofing,Initial House,HouseRoofPA04StandardC,2aQvQYwCsSQyRGyvF
beige stucco exterior,https://acnhcdn.com/latest/HouseWallIcon/HouseWallPA04StuccoB.png,5000.0,Siding,5th House Upgrade (2nd Floor),HouseWallPA04StuccoB,qbKmPn2exhSsqLCw5
black chalet exterior,https://acnhcdn.com/latest/HouseWallIcon/HouseWallPA04WoodframeH.png,5000.0,Siding,5th House Upgrade (2nd Floor),HouseWallPA04WoodframeH,kYAfpnwSRtZfZs4SG
black common exterior,https://acnhcdn.com/latest/HouseWallIcon/HouseWallPA04StandardH.png,5000.0,Siding,5th House Upgrade (2nd Floor),HouseWallPA04StandardH,di7Pmwx9aDN4v4Xfc
black stucco exterior,https://acnhcdn.com/latest/HouseWallIcon/HouseWallPA04StuccoH.png,5000.0,Siding,5th House Upgrade (2nd Floor),HouseWallPA04StuccoH,gJeYNSQ4cBQuMiJXS
blue cobblestone exterior,https://acnhcdn.com/latest/HouseWallIcon/HouseWallPA04StoneF.png,5000.0,Siding,5th House Upgrade (2nd Floor),HouseWallPA04StoneF,eTg7RcPdjkGPBeWL4
blue stucco exterior,https://acnhcdn.com/latest/HouseWallIcon/HouseWallPA04StuccoE.png,5000.0,Siding,5th House Upgrade (2nd Floor),HouseWallPA04StuccoE,g6d8pc3feddvfd3wm
blue-trim common exterior,https://acnhcdn.com/latest/HouseWallIcon/HouseWallPA04StandardC.png,5000.0,Siding,5th House Upgrade (2nd Floor),HouseWallPA04StandardC,9gtBjJE4tYb6wQczz
brown chalet exterior,https://acnhcdn.com/latest/HouseWallIcon/HouseWallPA04WoodframeB.png,5000.0,Siding,5th House Upgrade (2nd Floor),HouseWallPA04WoodframeB,xAmRhhZacLmi3ySCm
brown cobblestone exterior,https://acnhcdn.com/latest/HouseWallIcon/HouseWallPA04StoneC.png,5000.0,Siding,5th House Upgrade (2nd Floor),HouseWallPA04StoneC,NL3LEQdCu2TtcE9eW
chalet exterior,https://acnhcdn.com/latest/HouseWallIcon/HouseWallPA04WoodframeA.png,5000.0,Siding,5th House Upgrade (2nd Floor),HouseWallPA04WoodframeA,RBTZCSQfgD2vQH3Ze
chic cobblestone exterior,https://acnhcdn.com/latest/HouseWallIcon/HouseWallPA04StoneB.png,5000.0,Siding,5th House Upgrade (2nd Floor),HouseWallPA04StoneB,Lms2QszBWsfaCCxGf
cobblestone exterior,https://acnhcdn.com/latest/HouseWallIcon/HouseWallPA04StoneA.png,5000.0,Siding,5th House Upgrade (2nd Floor),HouseWallPA04StoneA,ZH4zSM5t8CkRN6WL7
common exterior,https://acnhcdn.com/latest/HouseWallIcon/HouseWallPA04StandardA.png,5000.0,Siding,5th House Upgrade (2nd Floor),HouseWallPA04StandardA,tvSkijt9ictdZ5haB
cream chalet exterior,https://acnhcdn.com/latest/HouseWallIcon/HouseWallPA04WoodframeG.png,5000.0,Siding,5th House Upgrade (2nd Floor),HouseWallPA04WoodframeG,KAwpDuD4BQAodaghb
gray cobblestone exterior,https://acnhcdn.com/latest/HouseWallIcon/HouseWallPA04StoneH.png,5000.0,Siding,5th House Upgrade (2nd Floor),HouseWallPA04StoneH,8GYy5WLx9jCpap6uY
gray stucco exterior,https://acnhcdn.com/latest/HouseWallIcon/HouseWallPA04StuccoC.png,5000.0,Siding,5th House Upgrade (2nd Floor),HouseWallPA04StuccoC,niRaBvHzn59TEuTtu
gray-trim common exterior,https://acnhcdn.com/latest/HouseWallIcon/HouseWallPA04StandardD.png,5000.0,Siding,5th House Upgrade (2nd Floor),HouseWallPA04StandardD,JfXXtqNSk5D2jYMYf
green cobblestone exterior,https://acnhcdn.com/latest/HouseWallIcon/HouseWallPA04StoneG.png,5000.0,Siding,5th House Upgrade (2nd Floor),HouseWallPA04StoneG,Jiy9DpvuhLX6skBrR
light-blue chalet exterior,https://acnhcdn.com/latest/HouseWallIcon/HouseWallPA04WoodframeD.png,5000.0,Siding,5th House Upgrade (2nd Floor),HouseWallPA04WoodframeD,9SCJMuao7JJBS3iry
orange chalet exterior,https://acnhcdn.com/latest/HouseWallIcon/HouseWallPA04WoodframeF.png,5000.0,Siding,5th House Upgrade (2nd Floor),HouseWallPA04WoodframeF,ug4QTydifE3YXJqHR
orange cobblestone exterior,https://acnhcdn.com/latest/HouseWallIcon/HouseWallPA04StoneE.png,5000.0,Siding,5th House Upgrade (2nd Floor),HouseWallPA04StoneE,Xs4kXRbnMnnkzzdGm
pink common exterior,https://acnhcdn.com/latest/HouseWallIcon/HouseWallPA04StandardF.png,5000.0,Siding,5th House Upgrade (2nd Floor),HouseWallPA04StandardF,ceKL4XwfZzkGoYpg9
pink stucco exterior,https://acnhcdn.com/latest/HouseWallIcon/HouseWallPA04StuccoG.png,5000.0,Siding,5th House Upgrade (2nd Floor),HouseWallPA04StuccoG,xmPeJk2bKkAWYtF64
red chalet exterior,https://acnhcdn.com/latest/HouseWallIcon/HouseWallPA04WoodframeC.png,5000.0,Siding,5th House Upgrade (2nd Floor),HouseWallPA04WoodframeC,cA9eF8iCxf8nJhZMy
red cobblestone exterior,https://acnhcdn.com/latest/HouseWallIcon/HouseWallPA04StoneD.png,5000.0,Siding,5th House Upgrade (2nd Floor),HouseWallPA04StoneD,xXRQfdAGyLJCXSbY6
red common exterior,https://acnhcdn.com/latest/HouseWallIcon/HouseWallPA04StandardG.png,5000.0,Siding,5th House Upgrade (2nd Floor),HouseWallPA04StandardG,cwEx7XyAwefNQJ8Rr
red stucco exterior,https://acnhcdn.com/latest/HouseWallIcon/HouseWallPA04StuccoD.png,5000.0,Siding,5th House Upgrade (2nd Floor),HouseWallPA04StuccoD,c27kqMPWnha8RjEki
red-trim common exterior,https://acnhcdn.com/latest/HouseWallIcon/HouseWallPA04StandardB.png,5000.0,Siding,5th House Upgrade (2nd Floor),HouseWallPA04StandardB,ckT8w7sPNqY2aRMcH
white stucco exterior,https://acnhcdn.com/latest/HouseWallIcon/HouseWallPA04StuccoA.png,5000.0,Siding,5th House Upgrade (2nd Floor),HouseWallPA04StuccoA,QkWc3tQAiWrNhewAw
yellow chalet exterior,https://acnhcdn.com/latest/HouseWallIcon/HouseWallPA04WoodframeE.png,5000.0,Siding,5th House Upgrade (2nd Floor),HouseWallPA04WoodframeE,t7eP9mfhqemhFXnBh
yellow common exterior,https://acnhcdn.com/latest/HouseWallIcon/HouseWallPA04StandardE.png,5000.0,Siding,5th House Upgrade (2nd Floor),HouseWallPA04StandardE,BGfRq5YPPAt93qsms
yellow stucco exterior,https://acnhcdn.com/latest/HouseWallIcon/HouseWallPA04StuccoF.png,5000.0,Siding,5th House Upgrade (2nd Floor),HouseWallPA04StuccoF,78XQwM8DMwK8YsJig
