_id,Name,Icon Image,Critterpedia Image,Furniture Image,Sell,Where/How,Shadow,Catch Difficulty,Vision,Total Catches to Unlock,Spawn Rates,NH Jan,NH Feb,NH Mar,NH Apr,NH May,NH Jun,NH Jul,NH Aug,NH Sep,NH Oct,NH Nov,NH Dec,SH Jan,SH Feb,SH Mar,SH Apr,SH May,SH Jun,SH Jul,SH Aug,SH Sep,SH Oct,SH Nov,SH Dec,Size,Surface,Description,Catch phrase,HHA Base Points,HHA Category,Color 1,Color 2,Lighting Type,Icon Filename,Critterpedia Filename,Furniture Filename,Internal ID,Unique Entry ID
56.0,anchovy,https://acnhcdn.com/latest/MenuIcon/Fish81.png,https://acnhcdn.com/latest/BookFishIcon/FishAntyobiCropped.png,https://acnhcdn.com/latest/FtrIcon/FtrFishAntyobi.png,200.0,Sea,Small,Very Easy,Very Wide,0.0,2–5,4 AM – 9 PM,4 AM – 9 PM,4 AM – 9 PM,4 AM – 9 PM,4 AM – 9 PM,4 AM – 9 PM,4 AM – 9 PM,4 AM – 9 PM,4 AM – 9 PM,4 AM – 9 PM,4 AM – 9 PM,4 AM – 9 PM,4 AM – 9 PM,4 AM – 9 PM,4 AM – 9 PM,4 AM – 9 PM,4 AM – 9 PM,4 AM – 9 PM,4 AM – 9 PM,4 AM – 9 PM,4 AM – 9 PM,4 AM – 9 PM,4 AM – 9 PM,4 AM – 9 PM,1x1,No,"There are more than 140 species of anchovy, but they do all have some things in common. They are small and feed by simply swimming with their mouths open to filter food particles from the sea. (In my sleepier moments, I sometimes wish I could do that...)",I caught an anchovy! Stay away from my pizza!,71.0,Pet,Blue,Red,No lighting,Fish81,FishAntyobi,FtrFishAntyobi,4201.0,LzuWkSQP55uEpRCP5
36.0,angelfish,https://acnhcdn.com/latest/MenuIcon/Fish30.png,https://acnhcdn.com/latest/BookFishIcon/FishAngelfishCropped.png,https://acnhcdn.com/latest/FtrIcon/FtrFishAngelfish.png,3000.0,River,Small,Easy,Medium,20.0,2–5,NA,NA,NA,NA,4 PM – 9 AM,4 PM – 9 AM,4 PM – 9 AM,4 PM – 9 AM,4 PM – 9 AM,4 PM – 9 AM,NA,NA,4 PM – 9 AM,4 PM – 9 AM,4 PM – 9 AM,4 PM – 9 AM,NA,NA,NA,NA,NA,NA,4 PM – 9 AM,4 PM – 9 AM,1x1,Yes,"The angelfish is truly a beautiful creature. Just look at the elegance of those fins!Despite the name, however, these lovelies are known to be rather aggressive. They've no qualms about relentlessly pursuing fish much smaller than themselves! Why, they even attack their own kin! It seems no fish is safe around these ""angelic"" bullies. It makes one wonder who comes up with these names. Appearances— and names— can be deceiving.",I caught an angelfish! That other fish told me to do it!,71.0,Pet,Yellow,Black,Fluorescent,Fish30,FishAngelfish,FtrFishAngelfish,2247.0,XTCFCk2SiuY5YXLZ7
44.0,arapaima,https://acnhcdn.com/latest/MenuIcon/Fish36.png,https://acnhcdn.com/latest/BookFishIcon/FishPirarukuCropped.png,https://acnhcdn.com/latest/FtrIcon/FtrFishPiraruku.png,10000.0,River,XX-Large,Very Hard,Narrow,50.0,1,NA,NA,NA,NA,NA,4 PM – 9 AM,4 PM – 9 AM,4 PM – 9 AM,4 PM – 9 AM,NA,NA,NA,4 PM – 9 AM,4 PM – 9 AM,4 PM – 9 AM,NA,NA,NA,NA,NA,NA,NA,NA,4 PM – 9 AM,3x2,No,"The stately arapaima is quite large. Indeed, it is among the largest freshwater fish there are. Furthermore, these fascinating fish make quite the family unit. That is to say, male arapaimas protect their young by holding them gently in their mouths. Meanwhile, female arapaimas swim circles around these full-mouthed fathers fending off predators. It simply goes to show that cold-blooded creatures can be heartwarming too.",I caught an arapaima! How did it get here? Arapaiknow!,71.0,Pet,Black,Blue,No lighting,Fish36,FishPiraruku,FtrFishPiraruku,2253.0,mZy4BES54bqwi97br
41.0,arowana,https://acnhcdn.com/latest/MenuIcon/Fish33.png,https://acnhcdn.com/latest/BookFishIcon/FishArowanaCropped.png,https://acnhcdn.com/latest/FtrIcon/FtrFishArowana.png,10000.0,River,Large,Very Hard,Medium,50.0,1–2,NA,NA,NA,NA,NA,4 PM – 9 AM,4 PM – 9 AM,4 PM – 9 AM,4 PM – 9 AM,NA,NA,NA,4 PM – 9 AM,4 PM – 9 AM,4 PM – 9 AM,NA,NA,NA,NA,NA,NA,NA,NA,4 PM – 9 AM,2x1,Yes,"It would seem your angling expertise knows no bounds! This beauteous arowana fetches a pretty Bell, though I'd venture to say that its true price is beyond measure. The arowana has been on the endangered-species list for some time. It's up to us to remain educated and do all we can to help preserve such magnificent creatures. Not to worry, old bean. This lovely fishy friend is in good wings here! On behalf of the museum, I thank you warmly for your unending generosity!","I caught an arowana! I'd make a joke, but I don't 'wana.",71.0,Pet,Yellow,Black,Fluorescent,Fish33,FishArowana,FtrFishArowana,2250.0,F68AvCaqddBJL7ZSN
58.0,barred knifejaw,https://acnhcdn.com/latest/MenuIcon/Fish47.png,https://acnhcdn.com/latest/BookFishIcon/FishIshidaiCropped.png,https://acnhcdn.com/latest/FtrIcon/FtrFishIshidai.png,5000.0,Sea,Medium,Hard,Medium,20.0,3–5,NA,NA,All day,All day,All day,All day,All day,All day,All day,All day,All day,NA,All day,All day,All day,All day,All day,NA,NA,NA,All day,All day,All day,All day,1x1,Yes,"Wonderful! I would love nothing more! The barred knifejaw, also called the striped beakfish, is a lovely fish with a distinctive striped pattern. It is reportedly also a very curious fish in that it has been known to approach swimmers to ""greet"" them. They also tend to be good at avoiding fishing hooks, so well done on outwitting this one!",I caught a barred knifejaw! They must have a hard time eating!,71.0,Pet,White,Black,Fluorescent,Fish47,FishIshidai,FtrFishIshidai,2265.0,X3R9SFSAaDzBF4fE3
79.0,barreleye,https://acnhcdn.com/latest/MenuIcon/Fish84.png,https://acnhcdn.com/latest/BookFishIcon/FishDemenigisuCropped.png,https://acnhcdn.com/latest/FtrIcon/FtrFishDemenigisu.png,15000.0,Sea,Small,Very Hard,Very Narrow,100.0,1,9 PM – 4 AM,9 PM – 4 AM,9 PM – 4 AM,9 PM – 4 AM,9 PM – 4 AM,9 PM – 4 AM,9 PM – 4 AM,9 PM – 4 AM,9 PM – 4 AM,9 PM – 4 AM,9 PM – 4 AM,9 PM – 4 AM,9 PM – 4 AM,9 PM – 4 AM,9 PM – 4 AM,9 PM – 4 AM,9 PM – 4 AM,9 PM – 4 AM,9 PM – 4 AM,9 PM – 4 AM,9 PM – 4 AM,9 PM – 4 AM,9 PM – 4 AM,9 PM – 4 AM,1x1,No,"The barreleye is a deep-sea fish with protuberant eyes and a clear head, so some of its organs are... visible. At first blush, a transparent head seems absurd, but there is a reason: so it can see things directly above! But I must confess - the more I learn about deep-sea fish, the happier I am to live on dry land, wot.",I caught a barreleye! Like eyeing fish in a barrel!,71.0,Pet,Black,Black,Fluorescent,Fish84,FishDemenigisu,FtrFishDemenigisu,4204.0,BpqTa4zmTjv3Nm4wE
37.0,betta,https://acnhcdn.com/latest/MenuIcon/Fish77.png,https://acnhcdn.com/latest/BookFishIcon/FishBetaCropped.png,https://acnhcdn.com/latest/FtrIcon/FtrFishBeta.png,2500.0,River,Small,Hard,Narrow,20.0,1–4,NA,NA,NA,NA,9 AM – 4 PM,9 AM – 4 PM,9 AM – 4 PM,9 AM – 4 PM,9 AM – 4 PM,9 AM – 4 PM,NA,NA,9 AM – 4 PM,9 AM – 4 PM,9 AM – 4 PM,9 AM – 4 PM,NA,NA,NA,NA,NA,NA,9 AM – 4 PM,9 AM – 4 PM,1x1,No,"The betta has long fins and beautiful coloring. It is a tropical fish popular in decorative aquariums. They're very territorial and will fight to complete exhaustion, so aquarists must keep them carefully. Rarely do such beauty and violence commingle outside the rowdiest of sunset-viewing parties.",I caught a betta! I betta not drop it!,71.0,Pet,Light blue,Black,Fluorescent,Fish77,FishBeta,FtrFishBeta,4191.0,7QcQXzwZoNGiNA94k
1.0,bitterling,https://acnhcdn.com/latest/MenuIcon/Fish0.png,https://acnhcdn.com/latest/BookFishIcon/FishTanagoCropped.png,https://acnhcdn.com/latest/FtrIcon/FtrFishTanago.png,900.0,River,X-Small,Hard,Medium,0.0,12–17,All day,All day,All day,NA,NA,NA,NA,NA,NA,NA,All day,All day,NA,NA,NA,NA,All day,All day,All day,All day,All day,NA,NA,NA,1x1,No,"Bitterlings hide their eggs inside large bivalves—like clams—where the young can stay safe until grown. The bitterling isn't being sneaky. No, their young help keep the bivalve healthy by eating invading parasites! It's a wonderful bit of evolutionary deal making, don't you think? Each one keeping the other safe... Though eating parasites does not sound like a happy childhood... Is that why the fish is so bitter?","I caught a bitterling! It's mad at me, but only a little.",71.0,Pet,Light blue,Blue,No lighting,Fish0,FishTanago,FtrFishTanago,2215.0,Drj6eLRBgg4T9KhNx
22.0,black bass,https://acnhcdn.com/latest/MenuIcon/Fish19.png,https://acnhcdn.com/latest/BookFishIcon/FishBlackbassCropped.png,https://acnhcdn.com/latest/FtrIcon/FtrFishBlackbass.png,400.0,River,Large,Medium,Medium,0.0,4–12,All day,All day,All day,All day,All day,All day,All day,All day,All day,All day,All day,All day,All day,All day,All day,All day,All day,All day,All day,All day,All day,All day,All day,All day,1x1,Yes,"The black bass is a formidably strong fish and, as such, is a common target for sport anglers. In some areas, there are even those who professionally catch just black bass! Yet in other areas where they are NOT native, they are considered an ecological nuisance. Invasive, even. One cannot help but wonder who is to blame for their invasion, hoo.",I caught a black bass! The most metal of all fish!,71.0,Pet,Green,Black,Fluorescent,Fish19,FishBlackbass,FtrFishBlackbass,2234.0,wAZvfTca7GyaTtLcQ
54.0,blowfish,https://acnhcdn.com/latest/MenuIcon/Fish73.png,https://acnhcdn.com/latest/BookFishIcon/FishFuguCropped.png,https://acnhcdn.com/latest/FtrIcon/FtrFishFugu.png,5000.0,Sea,Medium,Medium,Very Narrow,20.0,5,9 PM – 4 AM,9 PM – 4 AM,NA,NA,NA,NA,NA,NA,NA,NA,9 PM – 4 AM,9 PM – 4 AM,NA,NA,NA,NA,9 PM – 4 AM,9 PM – 4 AM,9 PM – 4 AM,9 PM – 4 AM,NA,NA,NA,NA,1x1,Yes,"As you may know, blowfish carry a deadly poison and are among the most toxic creatures on earth. What you may not have known is that poison and spines are not the limit of this animal's defenses! A predator that tries to swallow a blowfish before it inflates can find itself quickly choking. To be honest, if said predator can get past poison, spines, AND choking hazards, I feel they've earned a meal.",I caught a blowfish! I'm blown away!,71.0,Pet,Beige,Black,Fluorescent,Fish73,FishFugu,FtrFishFugu,2262.0,aDsmTcByApycafxTa
67.0,blue marlin,https://acnhcdn.com/latest/MenuIcon/Fish58.png,https://acnhcdn.com/latest/BookFishIcon/FishKajikiCropped.png,https://acnhcdn.com/latest/FtrIcon/FtrFishKajiki.png,10000.0,Pier,XX-Large,Very Hard,Narrow,50.0,1–2,All day,All day,All day,All day,NA,NA,All day,All day,All day,NA,All day,All day,All day,All day,All day,NA,All day,All day,All day,All day,All day,All day,NA,NA,2x1,Yes,"The blue marlin has a distinctive angular shape and no scales. It is an unusual relative of the tuna. These mighty fish can exceed 13 feet from bill to tail. Some accounts even have it fighting with whales! No wonder it's a popular target for sport fishing: unlike most fish, it seems like a worthy opponent.",I caught a blue marlin! Listen to this fish. it's got a point.,71.0,Pet,Blue,Black,Fluorescent,Fish58,FishKajiki,FtrFishKajiki,2275.0,jhtsYRHydAcZnd6bJ
20.0,bluegill,https://acnhcdn.com/latest/MenuIcon/Fish17.png,https://acnhcdn.com/latest/BookFishIcon/FishBlueguillCropped.png,https://acnhcdn.com/latest/FtrIcon/FtrFishBlueguill.png,180.0,River,Small,Very Easy,Very Wide,0.0,6–10,9 AM – 4 PM,9 AM – 4 PM,9 AM – 4 PM,9 AM – 4 PM,9 AM – 4 PM,9 AM – 4 PM,9 AM – 4 PM,9 AM – 4 PM,9 AM – 4 PM,9 AM – 4 PM,9 AM – 4 PM,9 AM – 4 PM,9 AM – 4 PM,9 AM – 4 PM,9 AM – 4 PM,9 AM – 4 PM,9 AM – 4 PM,9 AM – 4 PM,9 AM – 4 PM,9 AM – 4 PM,9 AM – 4 PM,9 AM – 4 PM,9 AM – 4 PM,9 AM – 4 PM,1x1,No,"The bluegill is incredibly common. A bit too common, depending upon where you are. They eat anything that fits in their mouths and are highly adaptable. The bane of fishermen in some areas, bluegill is often the only fish to be caught! But looking in its wee beady eyes, I must say I see no ill will in it...","I caught a bluegill! Do you think it calls me ""pinklung""?",71.0,Pet,Blue,Black,No lighting,Fish17,FishBlueguill,FtrFishBlueguill,2232.0,8ygccYFCrWf4hwYGR
51.0,butterfly fish,https://acnhcdn.com/latest/MenuIcon/Fish42.png,https://acnhcdn.com/latest/BookFishIcon/FishChouchouuoCropped.png,https://acnhcdn.com/latest/FtrIcon/FtrFishChouchouuo.png,1000.0,Sea,Small,Easy,Medium,0.0,4–5,NA,NA,NA,All day,All day,All day,All day,All day,All day,NA,NA,NA,All day,All day,All day,NA,NA,NA,NA,NA,NA,All day,All day,All day,1x1,No,"Ah, the butterfly fish is just charming with its beautiful colors and elegant movements. I refer to it as a butterfly fish, but it's actually a grouping in which there are over 100 types! These beautiful aquatic friends swim in schools amid coral, fluttering back and forth with the tides. The sheer awe one must experience when witnessing such a sight. It must be a dream! So much better than actual butterflies...",I caught a butterfly fish! Did it change from a caterpillar fish?,71.0,Pet,Yellow,Black,Fluorescent,Fish42,FishChouchouuo,FtrFishChouchouuo,2259.0,S4rkio2M3WB5cyy8Y
5.0,carp,https://acnhcdn.com/latest/MenuIcon/Fish5.png,https://acnhcdn.com/latest/BookFishIcon/FishKoiCropped.png,https://acnhcdn.com/latest/FtrIcon/FtrFishKoi.png,300.0,Pond,Large,Very Easy,Medium,0.0,3–9,All day,All day,All day,All day,All day,All day,All day,All day,All day,All day,All day,All day,All day,All day,All day,All day,All day,All day,All day,All day,All day,All day,All day,All day,1x1,Yes,"Oh, the carp... have you ever seen their teeth? For your sake, I hope you have not! Carp have teeth in their throat strong enough to crunch on hard things like shells and fingers! A good rule of thumb when dealing with other species is to keep your fingers out of their mouths. Although, having neither thumbs nor fingers, I am quite safe from this little fellow!",I caught a carp! If I catch another they can carpool!,71.0,Pet,Gray,Black,Fluorescent,Fish5,FishKoi,FtrFishKoi,2219.0,4DwwvGDwPQvZTn9Fb
18.0,catfish,https://acnhcdn.com/latest/MenuIcon/Fish14.png,https://acnhcdn.com/latest/BookFishIcon/FishNamazuCropped.png,https://acnhcdn.com/latest/FtrIcon/FtrFishNamazu.png,800.0,Pond,Large,Medium,Medium,0.0,6–8,NA,NA,NA,NA,4 PM – 9 AM,4 PM – 9 AM,4 PM – 9 AM,4 PM – 9 AM,4 PM – 9 AM,4 PM – 9 AM,NA,NA,4 PM – 9 AM,4 PM – 9 AM,4 PM – 9 AM,4 PM – 9 AM,NA,NA,NA,NA,NA,NA,4 PM – 9 AM,4 PM – 9 AM,1x1,Yes,"Catfish don't have scales and are rather slimy. Believe it or not, this slime helps them breathe! Some species of catfish are nocturnal, and they'll feed on almost anything. They use a suctioning action to pull in their food. Did I mention they can grow as large as you or I?",I caught a catfish! I'm more of a dogfish person...,71.0,Pet,Black,Black,Fluorescent,Fish14,FishNamazu,FtrFishNamazu,2229.0,nbPtvwf7HCQxA9Nc4
28.0,char,https://acnhcdn.com/latest/MenuIcon/Fish24.png,https://acnhcdn.com/latest/BookFishIcon/FishOoiwanaCropped.png,https://acnhcdn.com/latest/FtrIcon/FtrFishOoiwana.png,3800.0,River (clifftop),Medium,Hard,Narrow,20.0,1–4,NA,NA,4 PM – 9 AM,4 PM – 9 AM,4 PM – 9 AM,4 PM – 9 AM,NA,NA,All day,All day,All day,NA,NA,NA,All day,All day,All day,NA,NA,NA,4 PM – 9 AM,4 PM – 9 AM,4 PM – 9 AM,4 PM – 9 AM,1x1,Yes,"The char is one of the bigger first around the world, and, in the world of fish, that's quite an accomplishment! They are territorial predators, and therefore must constantly defend their 'turf' from others. So when you see a large char like this one, it is likely a skilled fighter and veteran of many battles. My feathers! I hope it never has cause to go into battle with me!",I caught a char! Now I'm gonna sit on it!,71.0,Pet,Brown,Black,Fluorescent,Fish24,FishOoiwana,FtrFishOoiwana,2239.0,ahbnwCqp3EZXa96KC
27.0,cherry salmon,https://acnhcdn.com/latest/MenuIcon/Fish23.png,https://acnhcdn.com/latest/BookFishIcon/FishYamameCropped.png,https://acnhcdn.com/latest/FtrIcon/FtrFishYamame.png,1000.0,River (clifftop),Medium,Medium,Narrow,0.0,3–9,NA,NA,4 PM – 9 AM,4 PM – 9 AM,4 PM – 9 AM,4 PM – 9 AM,NA,NA,All day,All day,All day,NA,NA,NA,All day,All day,All day,NA,NA,NA,4 PM – 9 AM,4 PM – 9 AM,4 PM – 9 AM,4 PM – 9 AM,1x1,Yes,"The cherry salmon is related to the salmon, and is known for its distinctive pattern of ""polka dots"". There polka dots disappear as they mature, but ONLY in the first of certain geographic regions. Pity the poor researchers that must make sense of the cherry salmon's fickle fashion sense.",I caught a cherry salmon! It's the perfect topper for a marlin sundae!,71.0,Pet,Brown,Black,Fluorescent,Fish23,FishYamame,FtrFishYamame,2238.0,sJyBbeLbpzn7LyzFr
49.0,clown fish,https://acnhcdn.com/latest/MenuIcon/Fish40.png,https://acnhcdn.com/latest/BookFishIcon/FishKumanomiCropped.png,https://acnhcdn.com/latest/FtrIcon/FtrFishKumanomi.png,650.0,Sea,X-Small,Medium,Medium,0.0,5–6,NA,NA,NA,All day,All day,All day,All day,All day,All day,NA,NA,NA,All day,All day,All day,NA,NA,NA,NA,NA,NA,All day,All day,All day,1x1,No,"Few can deny the delightful qualities of the clown fish. These vibrant fishes make their home among venomous anemones. It's a mutually beneficial arrangement. The clown fish finds safety in the anemone's wriggling arms, as well as leftover scraps of food. In return, clown fish ward off parasites and predators for the anemone. Thus these colorful fish remind us of the importance of maintaining good cheer among our roommates.",I caught a clown fish! How many can fit in a carfish?,71.0,Pet,Orange,Black,Fluorescent,Fish40,FishKumanomi,FtrFishKumanomi,2257.0,L9qxZaMoBhwxvpMyh
80.0,coelacanth,https://acnhcdn.com/latest/MenuIcon/Fish63.png,https://acnhcdn.com/latest/BookFishIcon/FishSirakansuCropped.png,https://acnhcdn.com/latest/FtrIcon/FtrFishSirakansu.png,15000.0,Sea (rainy days),XX-Large,Very Hard,Very Narrow,100.0,1–2,All day,All day,All day,All day,All day,All day,All day,All day,All day,All day,All day,All day,All day,All day,All day,All day,All day,All day,All day,All day,All day,All day,All day,All day,2x1,Yes,"The coelacanth is a deep-sea fish that has been around since the age of the dinosaurs. They were long thought extinct, so when living specimens were discovered, it was quite a shock! Now I'll just have to figure out where in the museum to display it— fish or fossils!",Blast from the past! I caught a coelacanth! Think positive! Be a coela-CAN!,71.0,Pet,Black,Black,Fluorescent,Fish63,FishSirakansu,FtrFishSirakansu,2284.0,NjMZQ6Xi9NswEXnHH
11.0,crawfish,https://acnhcdn.com/latest/MenuIcon/Fish10.png,https://acnhcdn.com/latest/BookFishIcon/FishZariganiCropped.png,https://acnhcdn.com/latest/FtrIcon/FtrFishZarigani.png,200.0,Pond,Small,Very Easy,Very Wide,0.0,4–12,NA,NA,NA,All day,All day,All day,All day,All day,All day,NA,NA,NA,All day,All day,All day,NA,NA,NA,NA,NA,NA,All day,All day,All day,1x1,No,"Ohoo! So you have found a crawfish. Neither crab nor lobster, crawfish evolved in an interesting manner. Beware their fearsome pinchy pinchers! Behold their many legs! I say! It is a big bug-like, eh wot...The more I look at it, the more unsettled I feel... Let's be done with this and never speak of it again, shall we?",I caught a crawfish! Or else it's a lobster and I'm a giant!,71.0,Pet,Red,Black,Fluorescent,Fish10,FishZarigani,FtrFishZarigani,2223.0,W7TrwpycmfgniZipi
3.0,crucian carp,https://acnhcdn.com/latest/MenuIcon/Fish2.png,https://acnhcdn.com/latest/BookFishIcon/FishFunaCropped.png,https://acnhcdn.com/latest/FtrIcon/FtrFishFuna.png,160.0,River,Small,Very Easy,Wide,0.0,4–12,All day,All day,All day,All day,All day,All day,All day,All day,All day,All day,All day,All day,All day,All day,All day,All day,All day,All day,All day,All day,All day,All day,All day,All day,1x1,Yes,"I wonder... Do you know how to tell the difference between a crucian carp and a standard-issue carp? It's quite easy to tell the two apart... One must simply locate the barbels. Or, rather, the lack of them! And just what is a barbel, you ask? Well, a barbel looks a little something like a mustache. A run-of-the-mill carp will sport this unsightly ""facial hair,"" while a crucian carp is considerably better groomed! I tried to grow a mustache when I was younger. It never did fill in quite right... All for the best in the end, as mustaches go so much better with noses than with beaks!",I caught a crucian carp! My skills are sharp!,71.0,Pet,Brown,Black,Fluorescent,Fish2,FishFuna,FtrFishFuna,328.0,Pdw7vmJz9PRM4ggbf
61.0,dab,https://acnhcdn.com/latest/MenuIcon/Fish50.png,https://acnhcdn.com/latest/BookFishIcon/FishKareiCropped.png,https://acnhcdn.com/latest/FtrIcon/FtrFishKarei.png,300.0,Sea,Medium,Easy,Medium,0.0,11–14,All day,All day,All day,All day,NA,NA,NA,NA,NA,All day,All day,All day,NA,NA,NA,All day,All day,All day,All day,All day,All day,All day,NA,NA,1x1,Yes,"The dab is a flatfish that bears some resemblance to the olive flounder, though their mouths are different. Personally, I am morbidly fascinated by each fish's eye placement. The dab's eyes are both on its right side, while the olive flounder's are on the left. These fish spend lots of time lying on their sides in the sand, so the odd eye placement makes some sense... But its-how can I put this? Creepy? Viscerally disturbing? Profoundly upsetting to fans of symmetry?",I caught a dab! Not bad!,71.0,Pet,Brown,Black,Fluorescent,Fish50,FishKarei,FtrFishKarei,2268.0,noA2Kfp8TaFgaLs5n
4.0,dace,https://acnhcdn.com/latest/MenuIcon/Fish3.png,https://acnhcdn.com/latest/BookFishIcon/FishUguiCropped.png,https://acnhcdn.com/latest/FtrIcon/FtrFishUgui.png,240.0,River,Medium,Easy,Wide,0.0,3–10,4 PM – 9 AM,4 PM – 9 AM,4 PM – 9 AM,4 PM – 9 AM,4 PM – 9 AM,4 PM – 9 AM,4 PM – 9 AM,4 PM – 9 AM,4 PM – 9 AM,4 PM – 9 AM,4 PM – 9 AM,4 PM – 9 AM,4 PM – 9 AM,4 PM – 9 AM,4 PM – 9 AM,4 PM – 9 AM,4 PM – 9 AM,4 PM – 9 AM,4 PM – 9 AM,4 PM – 9 AM,4 PM – 9 AM,4 PM – 9 AM,4 PM – 9 AM,4 PM – 9 AM,1x1,Yes,"Dace are shiny little fish that enjoy freshwater streams with gravelly bottoms and plenty of sunlight. What a fishy paradise...until the larger fish move in and begin eating the dace! Sadly, the shiny dace are easy for other fish to spot, which makes them a popular snack. However, this particular specimen here has no need to worry. There's a strict ""No Eating Your Neighbor"" policy at this institution.",I caught a dace! Hope I have some space!,71.0,Pet,Brown,Black,Fluorescent,Fish3,FishUgui,FtrFishUgui,2217.0,dWmXFdnjByWT5nEok
42.0,dorado,https://acnhcdn.com/latest/MenuIcon/Fish34.png,https://acnhcdn.com/latest/BookFishIcon/FishDoladoCropped.png,https://acnhcdn.com/latest/FtrIcon/FtrFishDolado.png,15000.0,River,X-Large,Very Hard,Narrow,100.0,1–2,NA,NA,NA,NA,NA,4 AM – 9 PM,4 AM – 9 PM,4 AM – 9 PM,4 AM – 9 PM,NA,NA,NA,4 AM – 9 PM,4 AM – 9 PM,4 AM – 9 PM,NA,NA,NA,NA,NA,NA,NA,NA,4 AM – 9 PM,2x1,Yes,"Woo-hoo! So shiny! This massive fish's name, dorado, means ""golden"" in Spanish— a fitting title. They are also quite valuable, I understand. I congratulate you on your top-notch angling! They are rather large, eh wot? It makes one wonder what all they might feed on... Fowl, perhaps?! One quivers at the very thought! Well, it'll be safe behind glass, no doubt. Quite safe, hoo","I caught a dorado! I say ""dorado,"" you say ""doraydo.""",71.0,Pet,Yellow,Black,Fluorescent,Fish34,FishDolado,FtrFishDolado,2251.0,G7ZwD67cRMHBwTSKH
77.0,football fish,https://acnhcdn.com/latest/MenuIcon/Fish56.png,https://acnhcdn.com/latest/BookFishIcon/FishChouchinankouCropped.png,https://acnhcdn.com/latest/FtrIcon/FtrFishChouchinankou.png,2500.0,Sea,Large,Very Easy,Wide,20.0,6,4 PM – 9 AM,4 PM – 9 AM,4 PM – 9 AM,NA,NA,NA,NA,NA,NA,NA,4 PM – 9 AM,4 PM – 9 AM,NA,NA,NA,NA,4 PM – 9 AM,4 PM – 9 AM,4 PM – 9 AM,4 PM – 9 AM,4 PM – 9 AM,NA,NA,NA,2x1,Yes,The football fish is a strange and grotesque deep-sea fish with a lantern-like light on its forehead. Its light is apparently powered by luminous bacteria and other glowing microorganisms. One theory says it can spray these luminescent sidekicks when prey approaches in order to dazzle them...The deep contains many mysteries...as well as some things that are just sort of odd and off-putting.,I caught a football fish! Some countries call it a soccer fish!,71.0,Pet,Black,Black,Emission,Fish56,FishChouchinankou,FtrFishChouchinankou,2273.0,vQHfve6DygtcYqwdi
16.0,freshwater goby,https://acnhcdn.com/latest/MenuIcon/Fish12.png,https://acnhcdn.com/latest/BookFishIcon/FishDonkoCropped.png,https://acnhcdn.com/latest/FtrIcon/FtrFishDonko.png,400.0,River,Small,Very Easy,Medium,0.0,2–5,4 PM – 9 AM,4 PM – 9 AM,4 PM – 9 AM,4 PM – 9 AM,4 PM – 9 AM,4 PM – 9 AM,4 PM – 9 AM,4 PM – 9 AM,4 PM – 9 AM,4 PM – 9 AM,4 PM – 9 AM,4 PM – 9 AM,4 PM – 9 AM,4 PM – 9 AM,4 PM – 9 AM,4 PM – 9 AM,4 PM – 9 AM,4 PM – 9 AM,4 PM – 9 AM,4 PM – 9 AM,4 PM – 9 AM,4 PM – 9 AM,4 PM – 9 AM,4 PM – 9 AM,1x1,Yes,"The freshwater goby is an unassuming specimen. But beneath that calm, fish exterior, true gluttony resides! It will eat anything that will fit in its mouth...And its mouth is quite the gaping maw, so I recommend you refrain from drawing attention to yourself!",I caught a freshwater goby! Time to go bye-bye!,71.0,Pet,Brown,Black,Fluorescent,Fish12,FishDonko,FtrFishDonko,2227.0,SfXYNdtaid6hdQhvZ
15.0,frog,https://acnhcdn.com/latest/MenuIcon/Fish11.png,https://acnhcdn.com/latest/BookFishIcon/FishKaeruCropped.png,https://acnhcdn.com/latest/FtrIcon/FtrFishKaeru.png,120.0,Pond,Small,Easy,Very Wide,0.0,7–9,NA,NA,NA,NA,All day,All day,All day,All day,NA,NA,NA,NA,All day,All day,NA,NA,NA,NA,NA,NA,NA,NA,All day,All day,1x1,No,"I understand that frogs converse with fellow frogs through a number of varied calls, as it were. Ribbit! My prince has arrived! Gribbit riiibbit! This pond is tragic! Ribbity rib't! I think you're splendid! Hoo hoo, of course I have no clue what they're saying, but I like to think if I practice enough, I might!",I caught a frog! Or it's a new neighbor...and I have some apologizing to do.,71.0,Pet,Green,Black,Fluorescent,Fish11,FishKaeru,FtrFishKaeru,2226.0,LcQLs85qPPdLajLje
43.0,gar,https://acnhcdn.com/latest/MenuIcon/Fish35.png,https://acnhcdn.com/latest/BookFishIcon/FishGaCropped.png,https://acnhcdn.com/latest/FtrIcon/FtrFishGa.png,6000.0,Pond,X-Large,Hard,Wide,50.0,1–2,NA,NA,NA,NA,NA,4 PM – 9 AM,4 PM – 9 AM,4 PM – 9 AM,4 PM – 9 AM,NA,NA,NA,4 PM – 9 AM,4 PM – 9 AM,4 PM – 9 AM,NA,NA,NA,NA,NA,NA,NA,NA,4 PM – 9 AM,2x1,Yes,"Hoo hoo! So you have snagged a gar. Did you know this beastly fish can grow up to nine feet long? Indeed, the gar is a remnant of times long past— a living fossil, if you will. It not only has sharp teeth and armor-like scalesn, it has the ability to take breaths of air as well! Ah, to look upon this unusual fish is to get a glimpse of our prehistoric past.",I caught a gar! Yar! It's a gar! Har har!,71.0,Pet,Brown,Black,Fluorescent,Fish35,FishGa,FtrFishGa,2252.0,x5yAYQgMJW9Kf7WyM
19.0,giant snakehead,https://acnhcdn.com/latest/MenuIcon/Fish16.png,https://acnhcdn.com/latest/BookFishIcon/FishRaigyoCropped.png,https://acnhcdn.com/latest/FtrIcon/FtrFishRaigyo.png,5500.0,Pond,Large,Hard,Medium,50.0,2,NA,NA,NA,NA,NA,9 AM – 4 PM,9 AM – 4 PM,9 AM – 4 PM,NA,NA,NA,NA,9 AM – 4 PM,9 AM – 4 PM,NA,NA,NA,NA,NA,NA,NA,NA,NA,9 AM – 4 PM,2x1,Yes,"The giant snakehead is quite a sight to behold, wot! One glance conjurs up visions of its namesake. This resilient creature can even find a home in the mud, where it is able to breathe. As a matter of fact, it dislikes cold weather, so during wintertime the mud serves as its temporary home. I hear that they eat anything that swims past their head. While odd, I feel a sense of owlship with them.",I caught a giant snakehead! Um...but I asked for a medium?,71.0,Pet,Black,Black,Fluorescent,Fish16,FishRaigyo,FtrFishRaigyo,2231.0,KyWQRd8W2FePM42wB
68.0,giant trevally,https://acnhcdn.com/latest/MenuIcon/Fish70.png,https://acnhcdn.com/latest/BookFishIcon/FishRouninajiCropped.png,https://acnhcdn.com/latest/FtrIcon/FtrFishGT.png,4500.0,Pier,X-Large,Very Hard,Very Narrow,20.0,1,NA,NA,NA,NA,All day,All day,All day,All day,All day,All day,NA,NA,All day,All day,All day,All day,NA,NA,NA,NA,NA,NA,All day,All day,2x1,Yes,"The giant trevally, as befits its name, can reach six feet in length and 180 pounds! Its size and strength have made it a favored opponent for anglers since time immemorial. They are also ingenious hunters, sometimes taking advantage of other predators to distract their prey. There have even been documented cases of them attacking —gulp— birds.","I caught a giant trevally! Yeah, I'm pretty well-trevalled.",71.0,Pet,Black,Black,Fluorescent,Fish70,FishRouninaji,FtrFishGT,2276.0,53qtm8cMH4RfqJiAH
29.0,golden trout,https://acnhcdn.com/latest/MenuIcon/Fish79.png,https://acnhcdn.com/latest/BookFishIcon/FishGoldenTorautoCropped.png,https://acnhcdn.com/latest/FtrIcon/FtrFishGoldenTorauto.png,15000.0,River (clifftop),Medium,Very Hard,Very Narrow,100.0,1,NA,NA,4 PM – 9 AM,4 PM – 9 AM,4 PM – 9 AM,NA,NA,NA,4 PM – 9 AM,4 PM – 9 AM,4 PM – 9 AM,NA,NA,NA,4 PM – 9 AM,4 PM – 9 AM,4 PM – 9 AM,NA,NA,NA,4 PM – 9 AM,4 PM – 9 AM,4 PM – 9 AM,NA,1x1,Yes,"The golden trout is a beautifully colored fish that can only live in very clean waters. They are difficult to come across since they are found only in high mountain streams. As a side note, I find it much easier to appreciate fish that aren't such prima donnas about everything.",I caught a golden trout! But the real treasure? Friendship.,71.0,Pet,Brown,Black,Fluorescent,Fish79,FishGoldenTorauto,FtrFishGoldenTorauto,4193.0,wwGzR7FzWNJ7cDz9X
7.0,goldfish,https://acnhcdn.com/latest/MenuIcon/Fish7.png,https://acnhcdn.com/latest/BookFishIcon/FishKingyoCropped.png,https://acnhcdn.com/latest/FtrIcon/FtrFishKingyo.png,1300.0,Pond,X-Small,Easy,Medium,0.0,1–4,All day,All day,All day,All day,All day,All day,All day,All day,All day,All day,All day,All day,All day,All day,All day,All day,All day,All day,All day,All day,All day,All day,All day,All day,1x1,No,"Goldfish are so cute and delicate... but do you know how big they can get? Why, they can grow up to... a foot in length! Well, sometimes. The size of the tank they're kept in tends to restrict their growth. And just how big will this goldfish get in our large museum tank? I look forward to finding out!",I caught a goldfish! It's worth its weight in fish!,71.0,Pet,Red,Light blue,No lighting,Fish7,FishKingyo,FtrFishKingyo,329.0,5NwmwhEQxBNZCPiBR
74.0,great white shark,https://acnhcdn.com/latest/MenuIcon/Fish62.png,https://acnhcdn.com/latest/BookFishIcon/FishSameCropped.png,https://acnhcdn.com/latest/FtrIcon/FtrFishSame.png,15000.0,Sea,X-Large w/Fin,Very Hard,Narrow,50.0,2,NA,NA,NA,NA,NA,4 PM – 9 AM,4 PM – 9 AM,4 PM – 9 AM,4 PM – 9 AM,NA,NA,NA,4 PM – 9 AM,4 PM – 9 AM,4 PM – 9 AM,NA,NA,NA,NA,NA,NA,NA,NA,4 PM – 9 AM,3x2,No,"Great white sharks are obviously known first and foremost for their biting. They are masters of the craft! They do lose teeth regularly through biting-related activities, but, luckily, those teeth grow back quickly. In fact, their missing teeth can be regrown in a single day. Just imagine their tooth-fairy-related income!",I caught a great white shark! Watch out for its jaws!,71.0,Pet,Blue,Blue,No lighting,Fish62,FishSame,FtrFishSame,2280.0,EPypAeJGuTDGFJRnx
34.0,guppy,https://acnhcdn.com/latest/MenuIcon/Fish29.png,https://acnhcdn.com/latest/BookFishIcon/FishGuppiCropped.png,https://acnhcdn.com/latest/FtrIcon/FtrFishGuppi.png,1300.0,River,X-Small,Easy,Medium,0.0,2–3,NA,NA,NA,9 AM – 4 PM,9 AM – 4 PM,9 AM – 4 PM,9 AM – 4 PM,9 AM – 4 PM,9 AM – 4 PM,9 AM – 4 PM,9 AM – 4 PM,NA,9 AM – 4 PM,9 AM – 4 PM,9 AM – 4 PM,9 AM – 4 PM,9 AM – 4 PM,NA,NA,NA,NA,9 AM – 4 PM,9 AM – 4 PM,9 AM – 4 PM,1x1,No,"Oh my! Would you look at that! Such a beautiful, snazzy little fellow that guppy is! The shape and coloration of guppy fins are all unique. Quite eye-catching, I must say. Do you imagine they host contests for ""most snazzy""? And...do you suppose I might receive an invite?","I caught a guppy! Welcome to the team, newbie!",71.0,Pet,Blue,Black,Fluorescent,Fish29,FishGuppi,FtrFishGuppi,2245.0,WtdZnARNxnWRobej2
73.0,hammerhead shark,https://acnhcdn.com/latest/MenuIcon/Fish61.png,https://acnhcdn.com/latest/BookFishIcon/FishShumokuzameCropped.png,https://acnhcdn.com/latest/FtrIcon/FtrFishShumokuzame.png,8000.0,Sea,X-Large w/Fin,Hard,Narrow,20.0,1,NA,NA,NA,NA,NA,4 PM – 9 AM,4 PM – 9 AM,4 PM – 9 AM,4 PM – 9 AM,NA,NA,NA,4 PM – 9 AM,4 PM – 9 AM,4 PM – 9 AM,NA,NA,NA,NA,NA,NA,NA,NA,4 PM – 9 AM,2x1,Yes,"The hammerhead shark is known for its distinctive, hammer-shaped head, hence the name. Er, obviously. Anyhoot, this oddly shaped head allows the beast to see 360 degrees around itself, from top to bottom. Imagine being able to see so widely! You could check for untied shoelaces AND imminent rain simultaneously!",I caught a hammerhead shark! I hit the nail on the head!,71.0,Pet,Black,Black,Fluorescent,Fish61,FishShumokuzame,FtrFishShumokuzame,2279.0,guHT5g6H7tJEyqYzf
57.0,horse mackerel,https://acnhcdn.com/latest/MenuIcon/Fish46.png,https://acnhcdn.com/latest/BookFishIcon/FishAjiCropped.png,https://acnhcdn.com/latest/FtrIcon/FtrFishAji.png,150.0,Sea,Small,Very Easy,Wide,0.0,14–21,All day,All day,All day,All day,All day,All day,All day,All day,All day,All day,All day,All day,All day,All day,All day,All day,All day,All day,All day,All day,All day,All day,All day,All day,1x1,Yes,"Supposedly the horse mackerel derives its name from a-false-myth about its strengh as a swimmer. The gist of it is that these fish are so powerful underwater that smaller fish can ride them as steeds! It's absurd, of course. Where would these alleged fish jockeys attach a saddle, much less horseshoes? One does wish that people would construct their legends with a BIT more scientific plausibility!","I caught a horse mackerel! Of course, Mack...er...el.",71.0,Pet,Blue,Black,Fluorescent,Fish46,FishAji,FtrFishAji,2264.0,L24RYPaEcm9ZXkTui
10.0,killifish,https://acnhcdn.com/latest/MenuIcon/Fish9.png,https://acnhcdn.com/latest/BookFishIcon/FishMedakaCropped.png,https://acnhcdn.com/latest/FtrIcon/FtrFishMedaka.png,300.0,Pond,X-Small,Medium,Medium,0.0,3–4,NA,NA,NA,All day,All day,All day,All day,All day,NA,NA,NA,NA,All day,All day,NA,NA,NA,NA,NA,NA,NA,All day,All day,All day,1x1,No,"Ah, the magnificent killifish! Did you know there are over 1,000 different species? My own favorite killifish species are the mangrove, which can live on land for weeks, breathing air! And the mummichog, the first fish ever brought to space. I wonder if the killifish you've brought me is related to either those intrepid explorers?",I caught a killifish! The streams are safe again.,71.0,Pet,Yellow,Black,Fluorescent,Fish9,FishMedaka,FtrFishMedaka,2222.0,ZR9dsEApEXCjtXu3k
32.0,king salmon,https://acnhcdn.com/latest/MenuIcon/Fish28.png,https://acnhcdn.com/latest/BookFishIcon/FishKingsalmonCropped.png,https://acnhcdn.com/latest/FtrIcon/FtrFishKingsalmon.png,1800.0,River (mouth),X-Large,Hard,Medium,20.0,5,NA,NA,NA,NA,NA,NA,NA,NA,All day,NA,NA,NA,NA,NA,All day,NA,NA,NA,NA,NA,NA,NA,NA,NA,2x1,Yes,"The king salmon didn't get its name for nothing.This stately fish can weigh in at up to 130 pounds! It's clear why it's referred to as the king of salmon. I imagine even the mightiest net can catch no more than a few at a time.I must say it's a miracle to me that you didn't get dragged out to sea by this one, wot!",WOO-HOO! I caught a King salmon! Checkmate!,71.0,Pet,Gray,Black,Fluorescent,Fish28,FishKingsalmon,FtrFishKingsalmon,2243.0,Pf5cXKo8pzdB45rAA
6.0,koi,https://acnhcdn.com/latest/MenuIcon/Fish6.png,https://acnhcdn.com/latest/BookFishIcon/FishNishikigoiCropped.png,https://acnhcdn.com/latest/FtrIcon/FtrFishNishikigoi.png,4000.0,Pond,Large,Easy,Medium,20.0,1–4,4 PM – 9 AM,4 PM – 9 AM,4 PM – 9 AM,4 PM – 9 AM,4 PM – 9 AM,4 PM – 9 AM,4 PM – 9 AM,4 PM – 9 AM,4 PM – 9 AM,4 PM – 9 AM,4 PM – 9 AM,4 PM – 9 AM,4 PM – 9 AM,4 PM – 9 AM,4 PM – 9 AM,4 PM – 9 AM,4 PM – 9 AM,4 PM – 9 AM,4 PM – 9 AM,4 PM – 9 AM,4 PM – 9 AM,4 PM – 9 AM,4 PM – 9 AM,4 PM – 9 AM,1x1,Yes,"Koi are a variety of carp bred for their color mutations...starting more than a thousand years ago! Well, one glance at their impressive coloring tells you that the centuries of effort were worth it. And even today people still selectively breed koi in search of new color combinations! One marvels at the thought of what the koi may look like in another thousand years.",I caught a koi! I don't know why it's so shy... or such a bad speller...,71.0,Pet,Red,White,Fluorescent,Fish6,FishNishikigoi,FtrFishNishikigoi,2220.0,kNwjLeqjg8bFevfiG
17.0,loach,https://acnhcdn.com/latest/MenuIcon/Fish13.png,https://acnhcdn.com/latest/BookFishIcon/FishDojouCropped.png,https://acnhcdn.com/latest/FtrIcon/FtrFishDojou.png,400.0,River,Small,Easy,Wide,0.0,12–16,NA,NA,All day,All day,All day,NA,NA,NA,NA,NA,NA,NA,NA,NA,NA,NA,NA,NA,NA,NA,All day,All day,All day,NA,1x1,No,"Loaches are a large group of bottom-feeding freshwater fish. Because there are so many species, it is difficult to generalize about them all. The one thing they all have in common is perhaps their most unappealing trait; the name 'loach.' Repellent, isn't it? They should have just called it the 'cockloach' and been done with it, eh wot! Loach...loach... It just tastes terrible in the beak.",I caught a loach! It's...looking at me with reproach.,71.0,Pet,Brown,Blue,No lighting,Fish13,FishDojou,FtrFishDojou,2228.0,95yBKrQ4tdyWj4H25
69.0,mahi-mahi,https://acnhcdn.com/latest/MenuIcon/Fish82.png,https://acnhcdn.com/latest/BookFishIcon/FishShiiraCropped.png,https://acnhcdn.com/latest/FtrIcon/FtrFishShiira.png,6000.0,Pier,X-Large,Very Hard,Very Narrow,50.0,1,NA,NA,NA,NA,All day,All day,All day,All day,All day,All day,NA,NA,All day,All day,All day,All day,NA,NA,NA,NA,NA,NA,All day,All day,2x1,Yes,"The mahi-mahi is an ocean fish known for its wide, somewhat-cute face. It can reach over six feet long. It is known by different names including ""dolphinfish,"" even though it has no relation to dolphins. They live in only in warm, tropical waters...which perhaps explains the relaxed, happy look on their faces.",I caught a mahi-mahi! It's all mahine-mahine.,71.0,Pet,Yellow,Black,Fluorescent,Fish82,FishShiira,FtrFishShiira,4202.0,D7gY39QDo8BBNs2Ne
33.0,mitten crab,https://acnhcdn.com/latest/MenuIcon/Fish66.png,https://acnhcdn.com/latest/BookFishIcon/FishSyanhaiganiCropped.png,https://acnhcdn.com/latest/FtrIcon/FtrFishShanghai.png,2000.0,River,Small,Hard,Narrow,20.0,3–5,NA,NA,NA,NA,NA,NA,NA,NA,4 PM – 9 AM,4 PM – 9 AM,4 PM – 9 AM,NA,NA,NA,4 PM – 9 AM,4 PM – 9 AM,4 PM – 9 AM,NA,NA,NA,NA,NA,NA,NA,1x1,No,"The mitten crab was named for its impossibly adorable and fuzzy little pincers. These cute crustaceans embark on quite the journey. They're first born in brackish waters. Then they mature in freshwater. Finally, they travel to the ocean to create more mitten crabs!Hoo! How I delight in the thought of thousands of tiny mittened crabs scuttling about!",I caught a mitten crab! One more and I'm ready for winter!,71.0,Pet,Black,Blue,No lighting,Fish66,FishSyanhaigani,FtrFishShanghai,2244.0,s2jqSYbMWBX6qCLDm
64.0,moray eel,https://acnhcdn.com/latest/MenuIcon/Fish55.png,https://acnhcdn.com/latest/BookFishIcon/FishUtsuboCropped.png,https://acnhcdn.com/latest/FtrIcon/FtrFishUtsubo.png,2000.0,Sea,Long,Easy,Medium,20.0,2,NA,NA,NA,NA,NA,NA,NA,All day,All day,All day,NA,NA,NA,All day,All day,All day,NA,NA,NA,NA,NA,NA,NA,NA,2x1,Yes,"Despite its rather frightening features, the moray eel is really a very cowardly fish. It lives its life hiding in caves, and will only attack if you're looking for a fight. You've heard of a ""bark that is worse than the bite""? Well, the moray eel has a face that's worse than its fight!","I caught a moray eel! When you're in love, that's a moray!",71.0,Pet,Brown,Black,Fluorescent,Fish55,FishUtsubo,FtrFishUtsubo,2271.0,4nLynLTMRtoqcCfh4
52.0,Napoleonfish,https://acnhcdn.com/latest/MenuIcon/Fish43.png,https://acnhcdn.com/latest/BookFishIcon/FishNaporeonfishCropped.png,https://acnhcdn.com/latest/FtrIcon/FtrFishNaporeonfish.png,10000.0,Sea,XX-Large,Hard,Medium,50.0,1,NA,NA,NA,NA,NA,NA,4 AM – 9 PM,4 AM – 9 PM,NA,NA,NA,NA,4 AM – 9 PM,4 AM – 9 PM,NA,NA,NA,NA,NA,NA,NA,NA,NA,NA,2x1,Yes,"Quite the catch you've brought! The stately and debonair Napoleonfish is truly something to behold. Those beady eyes! That bumpy head! That bold blue-green coloring! Alas, this quirky creature is quite endangered due to a variety of factors. Needless to say, we must do our very best to take care of our lumpy friend and its environment.",I caught a Napoleonfish! It's not as big as it thinks!,71.0,Pet,Light blue,Black,Fluorescent,Fish43,FishNaporeonfish,FtrFishNaporeonfish,2260.0,dm4THC3AYR6CZ8bvJ
38.0,neon tetra,https://acnhcdn.com/latest/MenuIcon/Fish31.png,https://acnhcdn.com/latest/BookFishIcon/FishNeontetoraCropped.png,https://acnhcdn.com/latest/FtrIcon/FtrFishNeontetora.png,500.0,River,X-Small,Easy,Medium,0.0,2–3,NA,NA,NA,9 AM – 4 PM,9 AM – 4 PM,9 AM – 4 PM,9 AM – 4 PM,9 AM – 4 PM,9 AM – 4 PM,9 AM – 4 PM,9 AM – 4 PM,NA,9 AM – 4 PM,9 AM – 4 PM,9 AM – 4 PM,9 AM – 4 PM,9 AM – 4 PM,NA,NA,NA,NA,9 AM – 4 PM,9 AM – 4 PM,9 AM – 4 PM,1x1,No,"Hoo! Wonderful! The neon tetra is truly a marvel of the tropical-fish world. Just look at how tiny it is! And how very filled with...neon! I imagine its environment must be just as flashy as it is for it to have developed such colors. I wonder how flashy I might be, had I been raised somewhere even half as vibrant?",I caught a neon tetra! Wasn't hard to track.,71.0,Pet,Light blue,Black,Fluorescent,Fish31,FishNeontetora,FtrFishNeontetora,2248.0,aEyRb96wcz9m8yjFN
35.0,nibble fish,https://acnhcdn.com/latest/MenuIcon/Fish67.png,https://acnhcdn.com/latest/BookFishIcon/FishDokutaafishCropped.png,https://acnhcdn.com/latest/FtrIcon/FtrFishDoctor.png,1500.0,River,X-Small,Medium,Narrow,20.0,2,NA,NA,NA,NA,9 AM – 4 PM,9 AM – 4 PM,9 AM – 4 PM,9 AM – 4 PM,9 AM – 4 PM,NA,NA,NA,9 AM – 4 PM,9 AM – 4 PM,9 AM – 4 PM,NA,NA,NA,NA,NA,NA,NA,9 AM – 4 PM,9 AM – 4 PM,1x1,No,Nibble fish are best known for their use in a certain skin treatment. This treatment has apparently been used for thousands of years. I have never experienced said treatment because they eat your dead skin with their little toothless mouths! Can you imagine anything so repellent?! Please don't ask me any follow-up questions. Hoo.,"I caught a nibble fish! Come to think of it, I could use a bite!",71.0,Pet,Brown,Blue,No lighting,Fish67,FishDokutaafish,FtrFishDoctor,2246.0,pkPKYsMiXsTWNz4L4
78.0,oarfish,https://acnhcdn.com/latest/MenuIcon/Fish69.png,https://acnhcdn.com/latest/BookFishIcon/FishRyuuguunotukaiCropped.png,https://acnhcdn.com/latest/FtrIcon/FtrFishRyugu.png,9000.0,Sea,XX-Large,Hard,Very Narrow,50.0,1,All day,All day,All day,All day,All day,NA,NA,NA,NA,NA,NA,All day,NA,NA,NA,NA,NA,All day,All day,All day,All day,All day,All day,NA,3x2,No,"The oarfish is a long, eel-like fish that can supposedly reach up to 36 feet in length. They appear in various legends as things like messengers of the gods. It seems to me a creature like that could explain the myth of massive, ship-crushing sea serpents. It is, of course, well documented that people tend to exaggerate the size of ""the one that got away"".",I caught an oarfish! I hope I catch morefish!,71.0,Pet,Red,Blue,No lighting,Fish69,FishRyuuguunotukai,FtrFishRyugu,2283.0,qgvEPGk759xaBqwXP
70.0,ocean sunfish,https://acnhcdn.com/latest/MenuIcon/Fish60.png,https://acnhcdn.com/latest/BookFishIcon/FishManbouCropped.png,https://acnhcdn.com/latest/FtrIcon/FtrFishManbou.png,4000.0,Sea,X-Large w/Fin,Hard,Very Narrow,20.0,1,NA,NA,NA,NA,NA,NA,4 AM – 9 PM,4 AM – 9 PM,4 AM – 9 PM,NA,NA,NA,4 AM – 9 PM,4 AM – 9 PM,4 AM – 9 PM,NA,NA,NA,NA,NA,NA,NA,NA,NA,2x2,No,"The ocean sunfish is a large relative of the blowfish with an unusual shape, like a fish head with a tail. They are a fairly relaxed species, often content to ride where the currents take them. This is fortunate as, otherwise, the sight of a large head coming toward you might be alarming!",I caught an ocean sunfish! Good thing I'm wearing ocean sunscreen!,71.0,Pet,Blue,Orange,No lighting,Fish60,FishManbou,FtrFishManbou,2278.0,6BwK6LHbjFAKzgE82
62.0,olive flounder,https://acnhcdn.com/latest/MenuIcon/Fish51.png,https://acnhcdn.com/latest/BookFishIcon/FishHirameCropped.png,https://acnhcdn.com/latest/FtrIcon/FtrFishHirame.png,800.0,Sea,X-Large,Medium,Narrow,0.0,4–6,All day,All day,All day,All day,All day,All day,All day,All day,All day,All day,All day,All day,All day,All day,All day,All day,All day,All day,All day,All day,All day,All day,All day,All day,2x1,Yes,"Did you know that the olive flounder is the same shape as other fish when it hatches? But as it grows, it gets both wider and flatter, and can reach some three feet long. These flat fish spend much of their lives buried under the sandy ocean floor, waiting for prey to happen by. Imagine the surprise for said prey when they strike. It would be as if your kitchen floor were to bite you.",I caught an olive flounder! That's not the pits!,71.0,Pet,Beige,Black,Fluorescent,Fish51,FishHirame,FtrFishHirame,2269.0,TXSteKMHuQ9ZfqPXm
2.0,pale chub,https://acnhcdn.com/latest/MenuIcon/Fish1.png,https://acnhcdn.com/latest/BookFishIcon/FishOikawaCropped.png,https://acnhcdn.com/latest/FtrIcon/FtrFishOikawa.png,200.0,River,X-Small,Easy,Wide,0.0,6–9,9 AM – 4 PM,9 AM – 4 PM,9 AM – 4 PM,9 AM – 4 PM,9 AM – 4 PM,9 AM – 4 PM,9 AM – 4 PM,9 AM – 4 PM,9 AM – 4 PM,9 AM – 4 PM,9 AM – 4 PM,9 AM – 4 PM,9 AM – 4 PM,9 AM – 4 PM,9 AM – 4 PM,9 AM – 4 PM,9 AM – 4 PM,9 AM – 4 PM,9 AM – 4 PM,9 AM – 4 PM,9 AM – 4 PM,9 AM – 4 PM,9 AM – 4 PM,9 AM – 4 PM,1x1,No,"The pale chub is a river fish with simple back-and-silver coloring. Interestingly, the males' coloring becomes most vibrant when he's trying to attract a mate! Though normally plain, these fellows really know how to look stylish when they want to. Perhaps I could learn a thing or two from the pale chub...",I caught a pale chub! That name seems a bit judgy...,71.0,Pet,Blue,Blue,No lighting,Fish1,FishOikawa,FtrFishOikawa,2216.0,pCn9TLap3rWiLYfnF
24.0,pike,https://acnhcdn.com/latest/MenuIcon/Fish20.png,https://acnhcdn.com/latest/BookFishIcon/FishPaikuCropped.png,https://acnhcdn.com/latest/FtrIcon/FtrFishPaiku.png,1800.0,River,X-Large,Medium,Medium,20.0,1–2,NA,NA,NA,NA,NA,NA,NA,NA,All day,All day,All day,All day,NA,NA,All day,All day,All day,All day,NA,NA,NA,NA,NA,NA,2x1,Yes,"The pike has always reminded me a bit of salmon, although a pike can grow rather larger. These brutes can grow to over four feet long, sometimes MUCH over! Hoo hoo! It is carnivorous and preys not only on other fish, but also mammals and some waterfowl. If I were to ever meet one in the water, I would have a most difficult time keeping my wits about me.",I caught a pike! Think a swordfish would be up for a duel?,71.0,Pet,Green,Black,Fluorescent,Fish20,FishPaiku,FtrFishPaiku,2235.0,XxrB6iKQPhBkYKaXD
40.0,piranha,https://acnhcdn.com/latest/MenuIcon/Fish32.png,https://acnhcdn.com/latest/BookFishIcon/FishPiraniaCropped.png,https://acnhcdn.com/latest/FtrIcon/FtrFishPirania.png,2500.0,River,Small,Very Easy,Very Wide,20.0,1–3,NA,NA,NA,NA,NA,9 AM – 4 PM; 9 PM – 4 AM,9 AM – 4 PM; 9 PM – 4 AM,9 AM – 4 PM; 9 PM – 4 AM,9 AM – 4 PM; 9 PM – 4 AM,NA,NA,NA,9 AM – 4 PM; 9 PM – 4 AM,9 AM – 4 PM; 9 PM – 4 AM,9 AM – 4 PM; 9 PM – 4 AM,NA,NA,NA,NA,NA,NA,NA,NA,9 AM – 4 PM; 9 PM – 4 AM,1x1,Yes,"I am not exactly a fan of the piranha, despite knowing that they're mostly harmless. But those nasty, pointy teeth, Hoo. These infamous little blighters will attack when in groups. Imagine all of those hundreds of tiny teeth! To think that they're floundering about our peaceful waters, just waiting to strike. Well, never fear— I shall keep THIS one under the strictest lock and key, with nary a bathroom break allowed!",I caught a piranha! Sure hope it was the only one!,71.0,Pet,Green,Black,Fluorescent,Fish32,FishPirania,FtrFishPirania,2249.0,5C59HAFxmwNSjH4Zq
25.0,pond smelt,https://acnhcdn.com/latest/MenuIcon/Fish21.png,https://acnhcdn.com/latest/BookFishIcon/FishWakasagiCropped.png,https://acnhcdn.com/latest/FtrIcon/FtrFishWakasagi.png,400.0,River,Small,Easy,Wide,0.0,18–20,All day,All day,NA,NA,NA,NA,NA,NA,NA,NA,NA,All day,NA,NA,NA,NA,NA,All day,All day,All day,NA,NA,NA,NA,1x1,No,"For many, thinking of pond smelt inevitably leads to thoughts of ice fishing in frozen rivers and lakes. Ice fishing involves making a round hole in the ice, dropping in your fishing line, and...waiting. Not to rain on anyone else's idea of fun, but...well, perhaps I shouldn't say anything.",I caught a pond smelt! Whoever smelt it dealt it!,71.0,Pet,Orange,Blue,No lighting,Fish21,FishWakasagi,FtrFishWakasagi,2236.0,DDb2GPEjapPmbYbWG
8.0,pop-eyed goldfish,https://acnhcdn.com/latest/MenuIcon/Fish8.png,https://acnhcdn.com/latest/BookFishIcon/FishDemekinCropped.png,https://acnhcdn.com/latest/FtrIcon/FtrFishDemekin.png,1300.0,Pond,X-Small,Easy,Medium,0.0,1–2,9 AM – 4 PM,9 AM – 4 PM,9 AM – 4 PM,9 AM – 4 PM,9 AM – 4 PM,9 AM – 4 PM,9 AM – 4 PM,9 AM – 4 PM,9 AM – 4 PM,9 AM – 4 PM,9 AM – 4 PM,9 AM – 4 PM,9 AM – 4 PM,9 AM – 4 PM,9 AM – 4 PM,9 AM – 4 PM,9 AM – 4 PM,9 AM – 4 PM,9 AM – 4 PM,9 AM – 4 PM,9 AM – 4 PM,9 AM – 4 PM,9 AM – 4 PM,9 AM – 4 PM,1x1,No,"Pop-eyed goldfish have, as the name suggests, huge round eyes. But as babies they look like other goldfish! As they grow, their eyes begin to pop out and they gain their, hoo, distinct appearance... Imagine the poor fish fancier who unknowingly bought one! Their eyes might well pop out just as far!",I got a pop-eyed goldfish! It looks so...surprised!,71.0,Pet,Black,Light blue,No lighting,Fish8,FishDemekin,FtrFishDemekin,2221.0,RvqzuA438gGqRJ7NG
55.0,puffer fish,https://acnhcdn.com/latest/MenuIcon/Fish45.png,https://acnhcdn.com/latest/BookFishIcon/FishHarisenbonCropped.png,https://acnhcdn.com/latest/FtrIcon/FtrFishHarisenbon.png,250.0,Sea,Medium,Easy,Medium,0.0,7–8,NA,NA,NA,NA,NA,NA,All day,All day,All day,NA,NA,NA,All day,All day,All day,NA,NA,NA,NA,NA,NA,NA,NA,NA,1x1,Yes,"Like its cousin the blowfish, when the puffer fish feels threatened it inflates into a spiky balloon. The biggest difference between them is that the puffer fish is not deadly poisonous like its kin. So while it may look scary, the substantially reduced risk to life and limb makes it much better company.","I caught a puffer fish! I thought you would be tougher, fish!",71.0,Pet,Beige,Black,Fluorescent,Fish45,FishHarisenbon,FtrFishHarisenbon,2263.0,jNkgaybfSsv8MkaQ2
39.0,rainbowfish,https://acnhcdn.com/latest/MenuIcon/Fish80.png,https://acnhcdn.com/latest/BookFishIcon/FishRainbowfishCropped.png,https://acnhcdn.com/latest/FtrIcon/FtrFishRainbowfish.png,800.0,River,X-Small,Hard,Narrow,0.0,2–3,NA,NA,NA,NA,9 AM – 4 PM,9 AM – 4 PM,9 AM – 4 PM,9 AM – 4 PM,9 AM – 4 PM,9 AM – 4 PM,NA,NA,9 AM – 4 PM,9 AM – 4 PM,9 AM – 4 PM,9 AM – 4 PM,NA,NA,NA,NA,NA,NA,9 AM – 4 PM,9 AM – 4 PM,1x1,No,"The rainbowfish is a tropical fish known for its metallic colors and beautiful fins. There are over 50 different species, each unique and pleasing color. I must say, it does make me wish for feathers of a more exciting hue than ""underbaked brownie.""",I caught a rainbowfish! Where's my pot of goldfish?,71.0,Pet,Orange,Black,Fluorescent,Fish80,FishRainbowfish,FtrFishRainbowfish,4194.0,XJfkdS4C2MPYiscST
9.0,ranchu goldfish,https://acnhcdn.com/latest/MenuIcon/Fish85.png,https://acnhcdn.com/latest/BookFishIcon/FishRanchuCropped.png,https://acnhcdn.com/latest/FtrIcon/FtrFishRanchu.png,4500.0,Pond,Small,Hard,Narrow,20.0,1–2,9 AM – 4 PM,9 AM – 4 PM,9 AM – 4 PM,9 AM – 4 PM,9 AM – 4 PM,9 AM – 4 PM,9 AM – 4 PM,9 AM – 4 PM,9 AM – 4 PM,9 AM – 4 PM,9 AM – 4 PM,9 AM – 4 PM,9 AM – 4 PM,9 AM – 4 PM,9 AM – 4 PM,9 AM – 4 PM,9 AM – 4 PM,9 AM – 4 PM,9 AM – 4 PM,9 AM – 4 PM,9 AM – 4 PM,9 AM – 4 PM,9 AM – 4 PM,9 AM – 4 PM,1x1,No,"The ranchu goldfish is a charming relative of the goldfish with a bumpy head and stout, round body. They have ordinary heads when born, but develop impressive rectangular heads after about three years. Supposedly their head shape changes depending on factors like the size of their tank... So ranchu goldfish enthusiasts aim to raise perfectly shaped specimens and work hard to achieve this. Of course, no one asks the ranchu goldfish themselves what shape they want their heads to be...",I caught a ranchu goldfish! But I prefer balsamicu goldfish!,71.0,Pet,Red,Black,No lighting,Fish85,FishRanchu,FtrFishRanchu,5254.0,4NE2SteWKEaBYjgWb
71.0,ray,https://acnhcdn.com/latest/MenuIcon/Fish59.png,https://acnhcdn.com/latest/BookFishIcon/FishEiCropped.png,https://acnhcdn.com/latest/FtrIcon/FtrFishEi.png,3000.0,Sea,X-Large,Easy,Medium,20.0,2,NA,NA,NA,NA,NA,NA,NA,4 AM – 9 PM,4 AM – 9 PM,4 AM – 9 PM,4 AM – 9 PM,NA,NA,4 AM – 9 PM,4 AM – 9 PM,4 AM – 9 PM,4 AM – 9 PM,NA,NA,NA,NA,NA,NA,NA,2x1,Yes,"The ray is an unusually shaped fish with a flat body and a long body, somewhat related to sharks. Seen from the bottom, the mouth on its stomach appears to be smiling, which is objectively adorable. But be cautious—unlike most cute animals, some rays are extremely venomous. BEWARE THE SMILE.",I caught a ray! A few more and I'll have a tan!,71.0,Pet,Brown,Black,Fluorescent,Fish59,FishEi,FtrFishEi,2277.0,gP5F7wWFvFqiZzuGw
60.0,red snapper,https://acnhcdn.com/latest/MenuIcon/Fish49.png,https://acnhcdn.com/latest/BookFishIcon/FishTaiCropped.png,https://acnhcdn.com/latest/FtrIcon/FtrFishTai.png,3000.0,Sea,Large,Hard,Medium,0.0,5–7,All day,All day,All day,All day,All day,All day,All day,All day,All day,All day,All day,All day,All day,All day,All day,All day,All day,All day,All day,All day,All day,All day,All day,All day,1x1,Yes,"Red snapper' is the common name of dozens of fish species, and I wonder why it is so popular. Are there so many types of fish that are both a shade of red and have a tendency to snap? Were there no other names? What about 'burgundy biter'? 'Garnet grasper'? 'Puce pincher'?",I caught a red snapper! It looks pretty dapper!,71.0,Pet,Red,Black,Fluorescent,Fish49,FishTai,FtrFishTai,2267.0,iY4zfgojAfLskW4CQ
65.0,ribbon eel,https://acnhcdn.com/latest/MenuIcon/Fish71.png,https://acnhcdn.com/latest/BookFishIcon/FishHanahigeutuboCropped.png,https://acnhcdn.com/latest/FtrIcon/FtrFishHanahige.png,600.0,Sea,Long,Hard,Very Narrow,0.0,2,NA,NA,NA,NA,NA,All day,All day,All day,All day,All day,NA,NA,All day,All day,All day,All day,NA,NA,NA,NA,NA,NA,NA,All day,2x1,Yes,"The ribbon eel is related to the moray eel, though its bright coloration distinguishes it. It also has an unusual plant-like appendage at the tip of its nose that flutters as the creature moves. I like to think of it as having an extremely friendly nose that waves a greeting to those nearby!",I caught a ribbon eel! Can it tie itself into a bow?,71.0,Pet,Blue,Black,Fluorescent,Fish71,FishHanahigeutubo,FtrFishHanahige,2272.0,T9zeSBHpB5qyAZTxu
45.0,saddled bichir,https://acnhcdn.com/latest/MenuIcon/Fish68.png,https://acnhcdn.com/latest/BookFishIcon/FishEndorikeriiCropped.png,https://acnhcdn.com/latest/FtrIcon/FtrFishEndlicheri.png,4000.0,River,Large,Hard,Narrow,20.0,1,NA,NA,NA,NA,NA,9 PM – 4 AM,9 PM – 4 AM,9 PM – 4 AM,9 PM – 4 AM,NA,NA,NA,9 PM – 4 AM,9 PM – 4 AM,9 PM – 4 AM,NA,NA,NA,NA,NA,NA,NA,NA,9 PM – 4 AM,2x1,Yes,"What an elegant specimen you've found. The saddled bichir has a look entirely its own. They have poor eyesight, so they use their fine-tuned sniffers to seek out prey. Can you imagine relying solely on your sense of smell to find food? And if one nostril became clogged, would you be unable to tell how far away the scent was?",Wow! A saddled bichir! And me without my tiny riding crop...,71.0,Pet,Brown,Black,Fluorescent,Fish68,FishEndorikerii,FtrFishEndlicheri,2254.0,bcTmnwZxrw2iJsQmf
31.0,salmon,https://acnhcdn.com/latest/MenuIcon/Fish27.png,https://acnhcdn.com/latest/BookFishIcon/FishSakeCropped.png,https://acnhcdn.com/latest/FtrIcon/FtrFishSake.png,700.0,River (mouth),Large,Medium,Medium,0.0,20,NA,NA,NA,NA,NA,NA,NA,NA,All day,NA,NA,NA,NA,NA,All day,NA,NA,NA,NA,NA,NA,NA,NA,NA,2x1,Yes,"Ah, salmon! Did you know their coloration is due specifically to their diet? Indeed, this is the case! The more they fill their diet with crustaceans such as krill and shrimp, the deeper shade of pink they are. If they ate a bushel of carrots, might they turn orange?",I caught a salmon! It's all upstream from here!,71.0,Pet,Brown,Black,Fluorescent,Fish27,FishSake,FtrFishSake,2242.0,iwXhnZcSezNxqdNQf
72.0,saw shark,https://acnhcdn.com/latest/MenuIcon/Fish74.png,https://acnhcdn.com/latest/BookFishIcon/FishNokogirizameCropped.png,https://acnhcdn.com/latest/FtrIcon/FtrFishNokogiri.png,12000.0,Sea,X-Large w/Fin,Hard,Very Narrow,50.0,1,NA,NA,NA,NA,NA,4 PM – 9 AM,4 PM – 9 AM,4 PM – 9 AM,4 PM – 9 AM,NA,NA,NA,4 PM – 9 AM,4 PM – 9 AM,4 PM – 9 AM,NA,NA,NA,NA,NA,NA,NA,NA,4 PM – 9 AM,2x1,Yes,"As you might expect from the name, the saw shark is a shark with a head that resembles a saw. This unusual appendage is used both to dig potential prey out of the sand and as a weapon against said prey. Given that, it seems like a more appropriate name would have been ""shovel-sword shark,"" eh wot?",I caught a saw shark! You could call it a sea saw!,71.0,Pet,Brown,Black,Fluorescent,Fish74,FishNokogirizame,FtrFishNokogiri,2281.0,tsrT7a8cbtwZrmJTz
59.0,sea bass,https://acnhcdn.com/latest/MenuIcon/Fish48.png,https://acnhcdn.com/latest/BookFishIcon/FishSuzukiCropped.png,https://acnhcdn.com/latest/FtrIcon/FtrFishSuzuki.png,400.0,Sea,X-Large,Easy,Wide,0.0,11–18,All day,All day,All day,All day,All day,All day,All day,All day,All day,All day,All day,All day,All day,All day,All day,All day,All day,All day,All day,All day,All day,All day,All day,All day,2x1,Yes,"Sea bass is a name given to a variety of different species of saltwater fish. They are a varied bunch with some as small as four inches and some as staggeringly ginormous as eight feet! 'Sea bass' is a bit pedestrian though. Many species have better names, such as 'redbanded perch.' Or the delightfully whimsical dusky grouper! Or the potato cod! WILL NO ONE THINK OF THE PINK MAOMAO?!","I caught a sea bass! No, wait- it's at least a C+!",71.0,Pet,Gray,Black,Fluorescent,Fish48,FishSuzuki,FtrFishSuzuki,2266.0,LkA5hzibm6uiHDB9g
47.0,sea butterfly,https://acnhcdn.com/latest/MenuIcon/Fish37.png,https://acnhcdn.com/latest/BookFishIcon/FishKurioneCropped.png,https://acnhcdn.com/latest/FtrIcon/FtrFishKurione.png,1000.0,Sea,X-Small,Easy,Very Narrow,0.0,10–11,All day,All day,All day,NA,NA,NA,NA,NA,NA,NA,NA,All day,NA,NA,NA,NA,NA,All day,All day,All day,All day,NA,NA,NA,1x1,No,"Such mystery! Such grace! Did you know that the sea butterfly's scientific name is Thecosomata? A very rough translation of that is 'shell body.' Indeed, this illustrious creature is related to snails! However, it reminds me much more of an elegant feathered friend, the way it flies through the water. With such grace in flying, one shouldn't wonder if it's related to the owl, hoo hoo!",I caught a sea butterfly! Try not to confuse it for a sea moth!,71.0,Pet,White,Black,Fluorescent,Fish37,FishKurione,FtrFishKurione,2255.0,kd5beizyQGeyjeM79
48.0,sea horse,https://acnhcdn.com/latest/MenuIcon/Fish39.png,https://acnhcdn.com/latest/BookFishIcon/FishTatsunootoshigoCropped.png,https://acnhcdn.com/latest/FtrIcon/FtrFishTatsunootoshigo.png,1100.0,Sea,X-Small,Medium,Narrow,0.0,5–7,NA,NA,NA,All day,All day,All day,All day,All day,All day,All day,All day,NA,All day,All day,All day,All day,All day,NA,NA,NA,NA,All day,All day,All day,1x1,No,"Ah, a favorite of mine, to be sure! The sea horse is such a very unique creature and is indeed a fish! Though, as far as fish go, sea horses are not great swimmers. The sea horse, you see, has but a wee fin on its back, which propels it through water rather poorly. Thus these fish are often found using their prehensile tails to hold tight in amongst the sea grass. And here's one final fact for you... Sea horses have no stomach and so must constantly feed to stay alive! Indeed, the life of a land horse sounds far easier than that of the hardworking horse of the sea.",I caught a sea horse! But...where's its sea jockey?,71.0,Pet,Orange,Black,Fluorescent,Fish39,FishTatsunootoshigo,FtrFishTatsunootoshigo,2256.0,Pw5oZqC29NWEGRfyS
13.0,snapping turtle,https://acnhcdn.com/latest/MenuIcon/Fish78.png,https://acnhcdn.com/latest/BookFishIcon/FishKamitsukigameCropped.png,https://acnhcdn.com/latest/FtrIcon/FtrFishKamitukigame.png,5000.0,River,Large,Hard,Medium,0.0,2–3,NA,NA,NA,9 PM – 4 AM,9 PM – 4 AM,9 PM – 4 AM,9 PM – 4 AM,9 PM – 4 AM,9 PM – 4 AM,9 PM – 4 AM,NA,NA,9 PM – 4 AM,9 PM – 4 AM,9 PM – 4 AM,9 PM – 4 AM,NA,NA,NA,NA,NA,9 PM – 4 AM,9 PM – 4 AM,9 PM – 4 AM,1x1,No,"The snapping turtle is a large turtle known for it's crocodile-like body and long claws. No, wait-- it is better known for it's ferocious bite, which it can deliver with shocking speed for a turtle. NO, WAIT-- it is BEST known for that time one chased me across a parking lot and I had to climb on top of a car.",I caught a snapping turtle! How can it snap without fingers?,71.0,Pet,Brown,Black,No lighting,Fish78,FishKamitsukigame,FtrFishKamitukigame,4192.0,SJa3LLde3Yuz4H3D7
12.0,soft-shelled turtle,https://acnhcdn.com/latest/MenuIcon/Fish65.png,https://acnhcdn.com/latest/BookFishIcon/FishSupponCropped.png,https://acnhcdn.com/latest/FtrIcon/FtrFishSuppon.png,3750.0,River,Large,Hard,Narrow,20.0,4,NA,NA,NA,NA,NA,NA,NA,4 PM – 9 AM,4 PM – 9 AM,NA,NA,NA,NA,4 PM – 9 AM,4 PM – 9 AM,NA,NA,NA,NA,NA,NA,NA,NA,NA,1x1,No,"These relatives of common turtles will not let go when they decide to bite down on something. Although they can be quite shy, they will become a bit aggressive when threatened. They are often found in water and are very good swimmers because of the flat shape of their shells. They swim with their snouts over the surface of the water so they can breathe. Soft-shelled turtles aren't safe to hold because they are so prone to biting at the slightest movement. However, if one bites down on you, it will usually let go when you put it safely back in the water.",I caught a soft-shelled turtle! It's more sensitive than other turtles.; I caught a soft-shelled turtle! I should take a shellfie!,71.0,Pet,Green,Black,No lighting,Fish65,FishSuppon,FtrFishSuppon,2224.0,izuY2f4GtEGT3BtuR
63.0,squid,https://acnhcdn.com/latest/MenuIcon/Fish52.png,https://acnhcdn.com/latest/BookFishIcon/FishIkaCropped.png,https://acnhcdn.com/latest/FtrIcon/FtrFishIka.png,500.0,Sea,Medium,Easy,Wide,0.0,7–10,All day,All day,All day,All day,All day,All day,All day,All day,NA,NA,NA,All day,All day,All day,NA,NA,NA,All day,All day,All day,All day,All day,All day,All day,1x1,Yes,"Well, first off, squids are members of the mollusk family, just like the octopus. Many mollusks like snails and clams have shells, but the squid's body is almost completely soft. The exception is a long, narrow bit of hard material going through its main body - the last remnant of its shell. Of course, having your shell INSIDE is not a best practice. Perhaps they lost the owner's manual!","I caught a squid! It's off the hook!; I caught a squid! I had an inkling I might!; I caught a squid! Do they... not actually ""bloop""?",71.0,Pet,Beige,Black,Fluorescent,Fish52,FishIka,FtrFishIka,2270.0,qxHJ6BGgyQujkC28w
30.0,stringfish,https://acnhcdn.com/latest/MenuIcon/Fish26.png,https://acnhcdn.com/latest/BookFishIcon/FishItouCropped.png,https://acnhcdn.com/latest/FtrIcon/FtrFishItou.png,15000.0,River (clifftop),X-Large,Very Hard,Very Narrow,100.0,1,4 PM – 9 AM,4 PM – 9 AM,4 PM – 9 AM,NA,NA,NA,NA,NA,NA,NA,NA,4 PM – 9 AM,NA,NA,NA,NA,NA,4 PM – 9 AM,4 PM – 9 AM,4 PM – 9 AM,4 PM – 9 AM,NA,NA,NA,2x1,Yes,"The stringfish grows slowly, but also lives quite a long time for a fish, with up to 15 years being typical. Consequently, while it takes a while, they can get quite large-perhaps even up to six feet long! The stringfish is perhaps the best embodiment in the fish world of 'slow and steady wins the race'",OH MY GOSH! I caught a stringfish! Five more and I'll have a guitarfish!,71.0,Pet,Brown,Black,Fluorescent,Fish26,FishItou,FtrFishItou,2241.0,APXg8kSzjcmoGGWSP
46.0,sturgeon,https://acnhcdn.com/latest/MenuIcon/Fish75.png,https://acnhcdn.com/latest/BookFishIcon/FishTyouzameCropped.png,https://acnhcdn.com/latest/FtrIcon/FtrFishTyouzame.png,10000.0,River (mouth),XX-Large,Very Hard,Very Narrow,20.0,1–4,All day,All day,All day,NA,NA,NA,NA,NA,All day,All day,All day,All day,NA,NA,All day,All day,All day,All day,All day,All day,All day,NA,NA,NA,2x1,Yes,"The sturgeon is a large and long-lived fish which has changed little in the last 300 million years. One curious behavior of theirs is leaping high out of the water and falling back in on their sides. The smacking sounds of their re-entry can be heard for up to half a mile away, likely more underwater! No one knows why they do it, but I like to think it's their impression of bread popping out of a toaster!",I caught a sturgeon! Wonder if it can perform sturgery...,71.0,Pet,Black,Black,Fluorescent,Fish75,FishTyouzame,FtrFishTyouzame,4189.0,XabKYtzYDNSNrFvpw
76.0,suckerfish,https://acnhcdn.com/latest/MenuIcon/Fish83.png,https://acnhcdn.com/latest/BookFishIcon/FishKobanzameCropped.png,https://acnhcdn.com/latest/FtrIcon/FtrFishKobanzame.png,1500.0,Sea,X-Large w/Fin,Very Easy,Very Wide,20.0,2,NA,NA,NA,NA,NA,All day,All day,All day,All day,NA,NA,NA,All day,All day,All day,NA,NA,NA,NA,NA,NA,NA,NA,All day,1x1,Yes,"The suckerfish is a curious fish that likes to attach itself with its sucker mouth to larger marine animals. The benefit to the suckerfish is that it gets to eat smaller parasites and dead skin off the host's body. Amusingly, some people have used suckerfish on cords to catch large turtles with the fish's own suction! I imagine this practice is the cause of some awkward conversations between fish and turtle, eh wot","I caught a suckerfish! I thought it was a shark! Oh, wait - now I get it. ""Sucker""...",71.0,Pet,Black,Black,Fluorescent,Fish83,FishKobanzame,FtrFishKobanzame,4203.0,FPpwmMDn9rYAJazyS
50.0,surgeonfish,https://acnhcdn.com/latest/MenuIcon/Fish41.png,https://acnhcdn.com/latest/BookFishIcon/FishNanyouhagiCropped.png,https://acnhcdn.com/latest/FtrIcon/FtrFishNanyouhagi.png,1000.0,Sea,Small,Easy,Medium,0.0,2,NA,NA,NA,All day,All day,All day,All day,All day,All day,NA,NA,NA,All day,All day,All day,NA,NA,NA,NA,NA,NA,All day,All day,All day,1x1,No,"Hoo! Careful, now! These fish are particularly dangerous, despite their seemingly docile appearance. With its saturated blue and yellow tones, the surgeonfish is quite breathtaking. It's got to keep up with all the other vibrant fish that live in the coral too, I wager. Quite the competition! Its spine is sharp as a blade, so care must be taken when handling these beauties...",I caught a surgeonfish! Scalpel! Forceps! Fish hook!,71.0,Pet,Blue,Black,Fluorescent,Fish41,FishNanyouhagi,FtrFishNanyouhagi,2258.0,s7iioofF5C7PzCZyF
26.0,sweetfish,https://acnhcdn.com/latest/MenuIcon/Fish22.png,https://acnhcdn.com/latest/BookFishIcon/FishAyuCropped.png,https://acnhcdn.com/latest/FtrIcon/FtrFishAyu.png,900.0,River,Medium,Hard,Medium,0.0,5–10,NA,NA,NA,NA,NA,NA,All day,All day,All day,NA,NA,NA,All day,All day,All day,NA,NA,NA,NA,NA,NA,NA,NA,NA,1x1,Yes,"Sweetfish are the damp heralds of summer! These slippery fellows appear in numbers when it warms up. They hatch in a river, then swim to the ocean. Once mature, they return to the river where they were born. But when they return depends on the river temperature— if it's too cold their fishing season will start later. Some even say summer can't start without sweetfish despite the KEY role played by the earth's axial tilt!",I caught a sweetfish! Hope it's not artificially sweet!,71.0,Pet,Green,Black,Fluorescent,Fish22,FishAyu,FtrFishAyu,2237.0,dWgg2bjCicuiZjXW6
14.0,tadpole,https://acnhcdn.com/latest/MenuIcon/Fish64.png,https://acnhcdn.com/latest/BookFishIcon/FishOtamajakusiCropped.png,https://acnhcdn.com/latest/FtrIcon/FtrFishOtama.png,100.0,Pond,X-Small,Easy,Very Wide,0.0,5–6,NA,NA,All day,All day,All day,All day,All day,NA,NA,NA,NA,NA,All day,NA,NA,NA,NA,NA,NA,NA,All day,All day,All day,All day,1x1,No,"Undoubtedly you know that tadpoles eventually turn into frogs. I must say, I find them impossibly adorable with their squiggly little tails. But even cuter... when they sprout legs! Why, we can witness accelerated evolution in these squirmy little ones. Hoo, it makes me so emotional!",I caught a tadpole... It's just a tad small.,71.0,Pet,Black,Blue,No lighting,Fish64,FishOtamajakusi,FtrFishOtama,2225.0,rb8MsjWopKYWuQK8s
23.0,tilapia,https://acnhcdn.com/latest/MenuIcon/Fish76.png,https://acnhcdn.com/latest/BookFishIcon/FishThirapiaCropped.png,https://acnhcdn.com/latest/FtrIcon/FtrFishThirapia.png,800.0,River,Medium,Hard,Medium,0.0,7–9,NA,NA,NA,NA,NA,All day,All day,All day,All day,All day,NA,NA,All day,All day,All day,All day,NA,NA,NA,NA,NA,NA,NA,All day,1x1,Yes,"Wherever the waters are warm, the tilapia can be found. It is a highly adaptable river fish. They mainly feed on algae, but they will also eat larvae and dead fish— or whatever fits in their mouths. I will confess that, as a growing owlet, I similarly defined food as 'anything that fits in my beak.'",I caught a tilapia! It makes me happy-a!,71.0,Pet,Black,Black,Fluorescent,Fish76,FishThirapia,FtrFishThirapia,4190.0,as78rnkwY3ahrTkBY
66.0,tuna,https://acnhcdn.com/latest/MenuIcon/Fish57.png,https://acnhcdn.com/latest/BookFishIcon/FishMaguroCropped.png,https://acnhcdn.com/latest/FtrIcon/FtrFishMaguro.png,7000.0,Pier,XX-Large,Very Hard,Narrow,50.0,2,All day,All day,All day,All day,NA,NA,NA,NA,NA,NA,All day,All day,NA,NA,NA,NA,All day,All day,All day,All day,All day,All day,NA,NA,2x1,Yes,"The tuna is a large ocean fish that can reach upwards of nine feet long. Besides its great size, it's notable for continuing to swim even when it's sleeping! Well, to be fair, if it doesn't keep swimming, it won't be able to breathe and will of course die... But sleep should be restful, eh wot! If I were the tuna I would feel very hard done by!",I caught a tuna! It's a little off-key!,71.0,Pet,Blue,Black,Fluorescent,Fish57,FishMaguro,FtrFishMaguro,2274.0,4PnGXx9DSb866AeCM
75.0,whale shark,https://acnhcdn.com/latest/MenuIcon/Fish72.png,https://acnhcdn.com/latest/BookFishIcon/FishJinbeezameCropped.png,https://acnhcdn.com/latest/FtrIcon/FtrFishJinbee.png,13000.0,Sea,X-Large w/Fin,Very Hard,Very Narrow,50.0,1,NA,NA,NA,NA,NA,All day,All day,All day,All day,NA,NA,NA,All day,All day,All day,NA,NA,NA,NA,NA,NA,NA,NA,All day,3x2,No,"The mighty whale shark is the largest species of fish in the world with specimens up to 60 feet long! Unlike many of their kin in the shark family, whale sharks are nonviolent, eating only plankton and such. They grow slowly and live long, relaxed lives of filter feeding and leisure in warm waters. So if you ever have to choose a fish as a roommate, you could do worse than the whale shark. Unless you can't swim.","Thar she blows! I caught a whale shark! I'm tellin' ya, it was thiiiiiiiiiiiiiiiiiiiis big!",71.0,Pet,Black,Blue,No lighting,Fish72,FishJinbeezame,FtrFishJinbee,2282.0,r3RAtJsXENwnFvQh7
21.0,yellow perch,https://acnhcdn.com/latest/MenuIcon/Fish18.png,https://acnhcdn.com/latest/BookFishIcon/FishYellowparchCropped.png,https://acnhcdn.com/latest/FtrIcon/FtrFishYellowparch.png,300.0,River,Medium,Medium,Narrow,0.0,7–10,All day,All day,All day,NA,NA,NA,NA,NA,NA,All day,All day,All day,NA,NA,NA,All day,All day,All day,All day,All day,All day,NA,NA,NA,1x1,Yes,"The yellow perch is certainly worth squawking about. I find it a sight to behold! That jagged dorsal fin! Those brilliant stripes! Those glorious colours! Hoo, truly it is quite the specimen. I would be thrilled to witness it firsthand in its natural environment... But the yellow perch's peak season is winter, I'm afraid. (So very afraid... of winter's biting chill...)",I caught a yellow perch! Those yellow birds have to sit somewhere!,71.0,Pet,Yellow,Black,Fluorescent,Fish18,FishYellowparch,FtrFishYellowparch,2233.0,bLgE5dicZniF5zZDW
53.0,zebra turkeyfish,https://acnhcdn.com/latest/MenuIcon/Fish44.png,https://acnhcdn.com/latest/BookFishIcon/FishMinokasagoCropped.png,https://acnhcdn.com/latest/FtrIcon/FtrFishMinokasago.png,500.0,Sea,Medium,Very Easy,Wide,0.0,6–8,NA,NA,NA,All day,All day,All day,All day,All day,All day,All day,All day,NA,All day,All day,All day,All day,All day,NA,NA,NA,NA,All day,All day,All day,1x1,Yes,"The sheer brilliance and diversity found in the aquatic underworld never cease to amaze me. This zebra turkeyfish is as stunning to gaze upon as it is deadly. Those spines that are part of its defining physique are chock-full of venom. Fortunately, zebra turkeyfish are not susceptible to another's venom. Though solitary, I imagine they give one another a mean fin bump when passing each other by.","I caught a zebra turkeyfish! Land, air, water--make up your mind!",71.0,Pet,Red,Black,Fluorescent,Fish44,FishMinokasago,FtrFishMinokasago,2261.0,h7fa7Fh3Ay7vAxgE2
