Name,Framed Image,Album Image,Buy,Sell,HHA Base Points,Color 1,Color 2,Size,Source,Source Notes,Catalog,Version Added,Version Unlocked,Filename,Internal ID,Unique Entry ID
Agent K.K.,https://acnhcdn.com/latest/FtrIcon/mjk_Keiji.png,https://acnhcdn.com/latest/Audio/mjk_Keiji.png,3200.0,800.0,103.0,Brown,Orange,1x1,"K.K. concert, Nook Shopping Catalog","Possible song KK will play when choosing ""It's hard to say."" as your mood",For sale,1.0.0,1.0.0,mjk_Keiji,2472.0,omxkkikQ5jwtoGiXa
Aloha K.K.,https://acnhcdn.com/latest/FtrIcon/mjk_Aloha.png,https://acnhcdn.com/latest/Audio/mjk_Aloha.png,3200.0,800.0,103.0,Brown,Light blue,1x1,"K.K. concert, Nook Shopping Catalog","Possible song KK will play when choosing ""Laid-back."" as your mood",For sale,1.0.0,1.0.0,mjk_Aloha,2423.0,rxKK6nfmC4rWvXxCv
Animal City,https://acnhcdn.com/latest/FtrIcon/mjk_DoubutuNoMachi.png,https://acnhcdn.com/latest/Audio/mjk_DoubutuNoMachi.png,NFS,800.0,103.0,Brown,None,1x1,K.K. concert,Hidden song - only by request,Not for sale,1.0.0,1.0.0,mjk_DoubutuNoMachi,4312.0,PTLK2jL5rb7t5Rm5j
Bubblegum K.K.,https://acnhcdn.com/latest/FtrIcon/mjk_Idol.png,https://acnhcdn.com/latest/Audio/mjk_Idol.png,3200.0,800.0,103.0,Brown,Light blue,1x1,"K.K. concert, Nook Shopping Catalog","Possible song KK will play when choosing ""I feel good!"" as your mood",For sale,1.0.0,1.0.0,mjk_Idol,2492.0,ZgwCoTem6x9efZAnD
Café K.K.,https://acnhcdn.com/latest/FtrIcon/mjk_Paris.png,https://acnhcdn.com/latest/Audio/mjk_Paris.png,3200.0,800.0,103.0,Brown,Colorful,1x1,"K.K. concert, Nook Shopping Catalog","Possible song KK will play when choosing ""I feel good!"" as your mood",For sale,1.0.0,1.0.0,mjk_Paris,2454.0,ZXwXi8YnFpks2RPuK
Comrade K.K.,https://acnhcdn.com/latest/FtrIcon/mjk_ShowaKayo.png,https://acnhcdn.com/latest/Audio/mjk_ShowaKayo.png,3200.0,800.0,103.0,Brown,White,1x1,"K.K. concert, Nook Shopping Catalog","Possible song KK will play when choosing ""A little blue..."" as your mood",For sale,1.0.0,1.0.0,mjk_ShowaKayo,2448.0,5ufeoTSFwRxQTrXdq
DJ K.K.,https://acnhcdn.com/latest/FtrIcon/mjk_EuroBeat.png,https://acnhcdn.com/latest/Audio/mjk_EuroBeat.png,3200.0,800.0,103.0,Brown,Pink,1x1,"K.K. concert, Nook Shopping Catalog","Possible song KK will play when choosing ""A little grumpy..."" as your mood",For sale,1.0.0,1.0.0,mjk_EuroBeat,2443.0,6H8pzhuYdfNpD8KTd
Drivin',https://acnhcdn.com/latest/FtrIcon/mjk_Drive.png,https://acnhcdn.com/latest/Audio/mjk_Drive.png,NFS,800.0,103.0,Brown,None,1x1,K.K. concert,Hidden song - only by request,Not for sale,1.0.0,1.0.0,mjk_Drive,4314.0,at7FbmJfbKvsGHB5T
Farewell,https://acnhcdn.com/latest/FtrIcon/mjk_Sayonara.png,https://acnhcdn.com/latest/Audio/mjk_Sayonara.png,NFS,800.0,103.0,Brown,None,1x1,K.K. concert,Hidden song - only by request,Not for sale,1.0.0,1.0.0,mjk_Sayonara,4313.0,diprrz97SbCJGzXM3
Forest Life,https://acnhcdn.com/latest/FtrIcon/mjk_MoriNoSeikatsu.png,https://acnhcdn.com/latest/Audio/mjk_MoriNoSeikatsu.png,3200.0,800.0,103.0,Brown,Yellow,1x1,"K.K. concert, Nook Shopping Catalog","Possible song KK will play when choosing ""Laid-back."" as your mood",For sale,1.0.0,1.0.0,mjk_MoriNoSeikatsu,2461.0,ZM4S88gPPapGknNeR
Go K.K. Rider,https://acnhcdn.com/latest/FtrIcon/mjk_KekeRider.png,https://acnhcdn.com/latest/Audio/mjk_KekeRider.png,3200.0,800.0,103.0,Brown,White,1x1,"K.K. concert, Nook Shopping Catalog","Possible song KK will play when choosing ""A little grumpy..."" as your mood",For sale,1.0.0,1.0.0,mjk_KekeRider,2450.0,w6jLsBX6ZX4oPDwDh
Hypno K.K.,https://acnhcdn.com/latest/FtrIcon/mjk_UtataneNoYume.png,https://acnhcdn.com/latest/Audio/mjk_UtataneNoYume.png,3200.0,800.0,103.0,Brown,White,1x1,"K.K. concert, Nook Shopping Catalog","Possible song KK will play when choosing ""It's hard to say."" as your mood",For sale,1.0.0,1.0.0,mjk_UtataneNoYume,2480.0,qwHrcscJZNxD5mn8k
I Love You,https://acnhcdn.com/latest/FtrIcon/mjk_Daisuki.png,https://acnhcdn.com/latest/Audio/mjk_Daisuki.png,3200.0,800.0,103.0,Brown,Colorful,1x1,"K.K. concert, Nook Shopping Catalog","Possible song KK will play when choosing ""Laid-back."" as your mood",For sale,1.0.0,1.0.0,mjk_Daisuki,2458.0,cic3w9hqeY222ni2z
Imperial K.K.,https://acnhcdn.com/latest/FtrIcon/mjk_China.png,https://acnhcdn.com/latest/Audio/mjk_China.png,3200.0,800.0,103.0,Brown,Pink,1x1,"K.K. concert, Nook Shopping Catalog","Possible song KK will play when choosing ""A little grumpy..."" as your mood",For sale,1.0.0,1.0.0,mjk_China,2427.0,6y3ftdfGBa3oYAfrA
K.K. Adventure,https://acnhcdn.com/latest/FtrIcon/mjk_Hollywood.png,https://acnhcdn.com/latest/Audio/mjk_Hollywood.png,3200.0,800.0,103.0,Brown,Orange,1x1,"K.K. concert, Nook Shopping Catalog","Possible song KK will play when choosing ""A little grumpy..."" as your mood",For sale,1.0.0,1.0.0,mjk_Hollywood,2484.0,6FWZByesWNcjXBPQX
K.K. Aria,https://acnhcdn.com/latest/FtrIcon/mjk_Maria.png,https://acnhcdn.com/latest/Audio/mjk_Maria.png,3200.0,800.0,103.0,Brown,Blue,1x1,"K.K. concert, Nook Shopping Catalog","Possible song KK will play when choosing ""Laid-back."" as your mood",For sale,1.0.0,1.0.0,mjk_Maria,2413.0,9ZSqWa7JjfMhwPWEE
K.K. Ballad,https://acnhcdn.com/latest/FtrIcon/mjk_Ballad.png,https://acnhcdn.com/latest/Audio/mjk_Ballad.png,3200.0,800.0,103.0,Brown,Black,1x1,"K.K. concert, Nook Shopping Catalog","Possible song KK will play when choosing ""A little blue..."" as your mood",For sale,1.0.0,1.0.0,mjk_Ballad,2447.0,awbEqrBQ52aCi4YKj
K.K. Bazaar,https://acnhcdn.com/latest/FtrIcon/mjk_Roma.png,https://acnhcdn.com/latest/Audio/mjk_Roma.png,3200.0,800.0,103.0,Brown,Black,1x1,"K.K. concert, Nook Shopping Catalog","Possible song KK will play when choosing ""A little grumpy..."" as your mood",For sale,1.0.0,1.0.0,mjk_Roma,2486.0,yJdhdZPjGQSs4xL7a
K.K. Birthday,https://acnhcdn.com/latest/FtrIcon/mjk_BirthdaySong.png,https://acnhcdn.com/latest/Audio/mjk_BirthdaySong.png,NFS,800.0,103.0,Brown,Light blue,1x1,K.K. concert,Received on your first time seeing KK perform during your birthday,Not for sale,1.0.0,1.0.0,mjk_BirthdaySong,2495.0,xrFkTdiZ9fHkYMvDr
K.K. Blues,https://acnhcdn.com/latest/FtrIcon/mjk_Blues.png,https://acnhcdn.com/latest/Audio/mjk_Blues.png,3200.0,800.0,103.0,Brown,White,1x1,"K.K. concert, Nook Shopping Catalog","Possible song KK will play when choosing ""It's hard to say."" as your mood",For sale,1.0.0,1.0.0,mjk_Blues,2436.0,HtTcKk7AdJLrmwXXK
K.K. Bossa,https://acnhcdn.com/latest/FtrIcon/mjk_Bossa.png,https://acnhcdn.com/latest/Audio/mjk_Bossa.png,3200.0,800.0,103.0,Brown,White,1x1,"K.K. concert, Nook Shopping Catalog","Possible song KK will play when choosing ""Laid-back."" as your mood",For sale,1.0.0,1.0.0,mjk_Bossa,2415.0,Bu3tGw6JnhnMEabz2
K.K. Calypso,https://acnhcdn.com/latest/FtrIcon/mjk_Caripso.png,https://acnhcdn.com/latest/Audio/mjk_Caripso.png,3200.0,800.0,103.0,Brown,White,1x1,"K.K. concert, Nook Shopping Catalog","Possible song KK will play when choosing ""I feel good!"" as your mood",For sale,1.0.0,1.0.0,mjk_Caripso,2416.0,g7TbqwnzRw64kcmso
K.K. Casbah,https://acnhcdn.com/latest/FtrIcon/mjk_Turkey.png,https://acnhcdn.com/latest/Audio/mjk_Turkey.png,3200.0,800.0,103.0,Brown,Beige,1x1,"K.K. concert, Nook Shopping Catalog","Possible song KK will play when choosing ""A little grumpy..."" as your mood",For sale,1.0.0,1.0.0,mjk_Turkey,2428.0,CuWyihNkLbL5rwbYZ
K.K. Chorale,https://acnhcdn.com/latest/FtrIcon/mjk_Sanbika.png,https://acnhcdn.com/latest/Audio/mjk_Sanbika.png,3200.0,800.0,103.0,Brown,Beige,1x1,"K.K. concert, Nook Shopping Catalog","Possible song KK will play when choosing ""A little blue..."" as your mood",For sale,1.0.0,1.0.0,mjk_Sanbika,2405.0,rijxxXt45dqkXze5A
K.K. Condor,https://acnhcdn.com/latest/FtrIcon/mjk_Peru.png,https://acnhcdn.com/latest/Audio/mjk_Peru.png,3200.0,800.0,103.0,Brown,Beige,1x1,"K.K. concert, Nook Shopping Catalog","Possible song KK will play when choosing ""A little blue..."" as your mood",For sale,1.0.0,1.0.0,mjk_Peru,2425.0,EoALBg9oEc9NmJpaf
K.K. Country,https://acnhcdn.com/latest/FtrIcon/mjk_Country.png,https://acnhcdn.com/latest/Audio/mjk_Country.png,3200.0,800.0,103.0,Brown,Black,1x1,"K.K. concert, Nook Shopping Catalog","Possible song KK will play when choosing ""I feel good!"" as your mood",For sale,1.0.0,1.0.0,mjk_Country,2445.0,rN2cyPLzaZaMGmrwj
K.K. Cruisin',https://acnhcdn.com/latest/FtrIcon/mjk_Urban.png,https://acnhcdn.com/latest/Audio/mjk_Urban.png,3200.0,800.0,103.0,Brown,Black,1x1,"K.K. concert, Nook Shopping Catalog","Possible song KK will play when choosing ""A little grumpy..."" as your mood",For sale,1.0.0,1.0.0,mjk_Urban,2439.0,hPBjqhB66YBw6Tz4n
K.K. D&B,https://acnhcdn.com/latest/FtrIcon/mjk_Drumnbass.png,https://acnhcdn.com/latest/Audio/mjk_Drumnbass.png,3200.0,800.0,103.0,Brown,Colorful,1x1,"K.K. concert, Nook Shopping Catalog","Possible song KK will play when choosing ""It's hard to say."" as your mood",For sale,1.0.0,1.0.0,mjk_Drumnbass,2441.0,rkBHJtfrcabbt57bD
K.K. Dirge,https://acnhcdn.com/latest/FtrIcon/mjk_KowaiUta.png,https://acnhcdn.com/latest/Audio/mjk_KowaiUta.png,3200.0,800.0,103.0,Brown,Black,1x1,"K.K. concert, Nook Shopping Catalog","Possible song KK will play when choosing ""A little blue..."" as your mood",For sale,1.0.0,1.0.0,mjk_KowaiUta,2451.0,2DDYNvo8uNo5zNPo8
K.K. Disco,https://acnhcdn.com/latest/FtrIcon/mjk_Disco.png,https://acnhcdn.com/latest/Audio/mjk_Disco.png,3200.0,800.0,103.0,Brown,Colorful,1x1,"K.K. concert, Nook Shopping Catalog","Possible song KK will play when choosing ""I feel good!"" as your mood",For sale,1.0.0,1.0.0,mjk_Disco,2494.0,tAZn6EXuFip47sbbo
K.K. Dixie,https://acnhcdn.com/latest/FtrIcon/mjk_Dixie.png,https://acnhcdn.com/latest/Audio/mjk_Dixie.png,3200.0,800.0,103.0,Brown,Colorful,1x1,"K.K. concert, Nook Shopping Catalog","Possible song KK will play when choosing ""I feel good!"" as your mood",For sale,1.0.0,1.0.0,mjk_Dixie,2464.0,bCL6Df8hoG7kooXcL
K.K. Étude,https://acnhcdn.com/latest/FtrIcon/mjk_Etude.png,https://acnhcdn.com/latest/Audio/mjk_Etude.png,3200.0,800.0,103.0,Brown,Black,1x1,"K.K. concert, Nook Shopping Catalog","Possible song KK will play when choosing ""A little blue..."" as your mood",For sale,1.0.0,1.0.0,mjk_Etude,2411.0,PgDmhWq5W4ciF6TW5
K.K. Faire,https://acnhcdn.com/latest/FtrIcon/mjk_Haisai.png,https://acnhcdn.com/latest/Audio/mjk_Haisai.png,3200.0,800.0,103.0,Brown,Orange,1x1,"K.K. concert, Nook Shopping Catalog","Possible song KK will play when choosing ""Laid-back."" as your mood",For sale,1.0.0,1.0.0,mjk_Haisai,2422.0,3i2RNpZeHPhxq6bPY
K.K. Flamenco,https://acnhcdn.com/latest/FtrIcon/mjk_Flamenco.png,https://acnhcdn.com/latest/Audio/mjk_Flamenco.png,3200.0,800.0,103.0,Brown,Red,1x1,"K.K. concert, Nook Shopping Catalog","Possible song KK will play when choosing ""A little grumpy..."" as your mood",For sale,1.0.0,1.0.0,mjk_Flamenco,2490.0,KXRPPacevShYgCh33
K.K. Folk,https://acnhcdn.com/latest/FtrIcon/mjk_Minyo.png,https://acnhcdn.com/latest/Audio/mjk_Minyo.png,3200.0,800.0,103.0,Brown,Colorful,1x1,"K.K. concert, Nook Shopping Catalog","Possible song KK will play when choosing ""It's hard to say."" as your mood",For sale,1.0.0,1.0.0,mjk_Minyo,2430.0,L9SqkeaoQNXGphs6H
K.K. Fusion,https://acnhcdn.com/latest/FtrIcon/mjk_Fusion.png,https://acnhcdn.com/latest/Audio/mjk_Fusion.png,3200.0,800.0,103.0,Brown,Colorful,1x1,"K.K. concert, Nook Shopping Catalog","Possible song KK will play when choosing ""Laid-back."" as your mood",For sale,1.0.0,1.0.0,mjk_Fusion,2410.0,Lx9Kk9gmmori3huxC
K.K. Groove,https://acnhcdn.com/latest/FtrIcon/mjk_Raregroove.png,https://acnhcdn.com/latest/Audio/mjk_Raregroove.png,3200.0,800.0,103.0,Brown,Blue,1x1,"K.K. concert, Nook Shopping Catalog","Possible song KK will play when choosing ""I feel good!"" as your mood",For sale,1.0.0,1.0.0,mjk_Raregroove,2488.0,7ss8K3czErhJNQiXJ
K.K. Gumbo,https://acnhcdn.com/latest/FtrIcon/mjk_NewOrleans.png,https://acnhcdn.com/latest/Audio/mjk_NewOrleans.png,3200.0,800.0,103.0,Brown,Beige,1x1,"K.K. concert, Nook Shopping Catalog","Possible song KK will play when choosing ""It's hard to say."" as your mood",For sale,1.0.0,1.0.0,mjk_NewOrleans,2434.0,nPNjtqN3AJdfxLuAx
K.K. House,https://acnhcdn.com/latest/FtrIcon/mjk_House.png,https://acnhcdn.com/latest/Audio/mjk_House.png,3200.0,800.0,103.0,Brown,Pink,1x1,"K.K. concert, Nook Shopping Catalog","Possible song KK will play when choosing ""A little grumpy..."" as your mood",For sale,1.0.0,1.0.0,mjk_House,2478.0,DoMmMBQBeXm7sTGPm
K.K. Island,https://acnhcdn.com/latest/FtrIcon/mjk_DoubutsuNoShima.png,https://acnhcdn.com/latest/Audio/mjk_DoubutsuNoShima.png,3200.0,800.0,103.0,Brown,Light blue,1x1,"K.K. concert, Nook Shopping Catalog","Possible song KK will play when choosing ""Laid-back."" as your mood",For sale,1.0.0,1.0.0,mjk_DoubutsuNoShima,2482.0,LrdjwBdn7hS2NXeW2
K.K. Jazz,https://acnhcdn.com/latest/FtrIcon/mjk_Jazz.png,https://acnhcdn.com/latest/Audio/mjk_Jazz.png,3200.0,800.0,103.0,Brown,Light blue,1x1,"K.K. concert, Nook Shopping Catalog","Possible song KK will play when choosing ""Laid-back."" as your mood",For sale,1.0.0,1.0.0,mjk_Jazz,2409.0,eRNA3ktNpPi8qB5Yx
K.K. Jongara,https://acnhcdn.com/latest/FtrIcon/mjk_Jongara.png,https://acnhcdn.com/latest/Audio/mjk_Jongara.png,3200.0,800.0,103.0,Brown,Light blue,1x1,"K.K. concert, Nook Shopping Catalog","Possible song KK will play when choosing ""A little grumpy..."" as your mood",For sale,1.0.0,1.0.0,mjk_Jongara,2489.0,2tqAXsz3eiAFcZ5aS
K.K. Lament,https://acnhcdn.com/latest/FtrIcon/mjk_Enka.png,https://acnhcdn.com/latest/Audio/mjk_Enka.png,3200.0,800.0,103.0,Brown,Gray,1x1,"K.K. concert, Nook Shopping Catalog","Possible song KK will play when choosing ""A little blue..."" as your mood",For sale,1.0.0,1.0.0,mjk_Enka,2449.0,LLDo3zTdcLf3JRexf
K.K. Love Song,https://acnhcdn.com/latest/FtrIcon/mjk_LoveSong.png,https://acnhcdn.com/latest/Audio/mjk_LoveSong.png,3200.0,800.0,103.0,Brown,White,1x1,"K.K. concert, Nook Shopping Catalog","Possible song KK will play when choosing ""Laid-back."" as your mood",For sale,1.0.0,1.0.0,mjk_LoveSong,2440.0,Zi4kijYWbE3taJy67
K.K. Lullaby,https://acnhcdn.com/latest/FtrIcon/mjk_Lullaby.png,https://acnhcdn.com/latest/Audio/mjk_Lullaby.png,3200.0,800.0,103.0,Brown,Green,1x1,"K.K. concert, Nook Shopping Catalog","Possible song KK will play when choosing ""A little blue..."" as your mood",For sale,1.0.0,1.0.0,mjk_Lullaby,2412.0,WpCHmL6DBXK7RWQNJ
K.K. Mambo,https://acnhcdn.com/latest/FtrIcon/mjk_Mambo.png,https://acnhcdn.com/latest/Audio/mjk_Mambo.png,3200.0,800.0,103.0,Brown,Red,1x1,"K.K. concert, Nook Shopping Catalog","Possible song KK will play when choosing ""I feel good!"" as your mood",For sale,1.0.0,1.0.0,mjk_Mambo,2418.0,LftoxEHoft5xpn8ZK
K.K. Marathon,https://acnhcdn.com/latest/FtrIcon/mjk_Gamelan.png,https://acnhcdn.com/latest/Audio/mjk_Gamelan.png,3200.0,800.0,103.0,Brown,Colorful,1x1,"K.K. concert, Nook Shopping Catalog","Possible song KK will play when choosing ""It's hard to say."" as your mood",For sale,1.0.0,1.0.0,mjk_Gamelan,2465.0,EAeRF5hCvgZvpf24R
K.K. March,https://acnhcdn.com/latest/FtrIcon/mjk_March.png,https://acnhcdn.com/latest/Audio/mjk_March.png,3200.0,800.0,103.0,Brown,Pink,1x1,"K.K. concert, Nook Shopping Catalog","Possible song KK will play when choosing ""I feel good!"" as your mood",For sale,1.0.0,1.0.0,mjk_March,2406.0,ZYeSh5EHDgX9bEY4L
K.K. Mariachi,https://acnhcdn.com/latest/FtrIcon/mjk_Senor.png,https://acnhcdn.com/latest/Audio/mjk_Senor.png,3200.0,800.0,103.0,Brown,Orange,1x1,"K.K. concert, Nook Shopping Catalog","Possible song KK will play when choosing ""I feel good!"" as your mood",For sale,1.0.0,1.0.0,mjk_Senor,2456.0,yK4cu9gRJDzAchPip
K.K. Metal,https://acnhcdn.com/latest/FtrIcon/mjk_Metal.png,https://acnhcdn.com/latest/Audio/mjk_Metal.png,3200.0,800.0,103.0,Brown,Purple,1x1,"K.K. concert, Nook Shopping Catalog","Possible song KK will play when choosing ""A little grumpy..."" as your mood",For sale,1.0.0,1.0.0,mjk_Metal,2474.0,TNdpcZiy6ZXb2sie3
K.K. Milonga,https://acnhcdn.com/latest/FtrIcon/mjk_Milonga.png,https://acnhcdn.com/latest/Audio/mjk_Milonga.png,3200.0,800.0,103.0,Brown,Red,1x1,"K.K. concert, Nook Shopping Catalog","Possible song KK will play when choosing ""A little blue..."" as your mood",For sale,1.0.0,1.0.0,mjk_Milonga,2487.0,bphgD53QrTdSQWrsw
K.K. Moody,https://acnhcdn.com/latest/FtrIcon/mjk_Bolero.png,https://acnhcdn.com/latest/Audio/mjk_Bolero.png,3200.0,800.0,103.0,Brown,Orange,1x1,"K.K. concert, Nook Shopping Catalog","Possible song KK will play when choosing ""Laid-back."" as your mood",For sale,1.0.0,1.0.0,mjk_Bolero,2491.0,D3WoTWs7t3uojthok
K.K. Oasis,https://acnhcdn.com/latest/FtrIcon/mjk_Maharaja.png,https://acnhcdn.com/latest/Audio/mjk_Maharaja.png,3200.0,800.0,103.0,Brown,Colorful,1x1,"K.K. concert, Nook Shopping Catalog","Possible song KK will play when choosing ""It's hard to say."" as your mood",For sale,1.0.0,1.0.0,mjk_Maharaja,2485.0,X45bf37FawXymbRTR
K.K. Parade,https://acnhcdn.com/latest/FtrIcon/mjk_Parade.png,https://acnhcdn.com/latest/Audio/mjk_Parade.png,3200.0,800.0,103.0,Brown,Colorful,1x1,"K.K. concert, Nook Shopping Catalog","Possible song KK will play when choosing ""I feel good!"" as your mood",For sale,1.0.0,1.0.0,mjk_Parade,2455.0,vaxtch9tWPZTeJKBf
K.K. Ragtime,https://acnhcdn.com/latest/FtrIcon/mjk_RagTime.png,https://acnhcdn.com/latest/Audio/mjk_RagTime.png,3200.0,800.0,103.0,Brown,Gray,1x1,"K.K. concert, Nook Shopping Catalog","Possible song KK will play when choosing ""I feel good!"" as your mood",For sale,1.0.0,1.0.0,mjk_RagTime,2433.0,Rz7khNvFcekonfDC8
K.K. Rally,https://acnhcdn.com/latest/FtrIcon/mjk_Ondo.png,https://acnhcdn.com/latest/Audio/mjk_Ondo.png,3200.0,800.0,103.0,Brown,Red,1x1,"K.K. concert, Nook Shopping Catalog","Possible song KK will play when choosing ""It's hard to say."" as your mood",For sale,1.0.0,1.0.0,mjk_Ondo,2473.0,qPCRJqX3uM66bDrDb
K.K. Reggae,https://acnhcdn.com/latest/FtrIcon/mjk_Reggae.png,https://acnhcdn.com/latest/Audio/mjk_Reggae.png,3200.0,800.0,103.0,Brown,Colorful,1x1,"K.K. concert, Nook Shopping Catalog","Possible song KK will play when choosing ""Laid-back."" as your mood",For sale,1.0.0,1.0.0,mjk_Reggae,2419.0,BeXTGzse56iMWrovn
K.K. Rock,https://acnhcdn.com/latest/FtrIcon/mjk_Rock.png,https://acnhcdn.com/latest/Audio/mjk_Rock.png,3200.0,800.0,103.0,Brown,Black,1x1,"K.K. concert, Nook Shopping Catalog","Possible song KK will play when choosing ""A little grumpy..."" as your mood",For sale,1.0.0,1.0.0,mjk_Rock,2431.0,dGWQ49YGhQ6uxxdth
K.K. Rockabilly,https://acnhcdn.com/latest/FtrIcon/mjk_KekeBilly.png,https://acnhcdn.com/latest/Audio/mjk_KekeBilly.png,3200.0,800.0,103.0,Brown,Light blue,1x1,"K.K. concert, Nook Shopping Catalog","Possible song KK will play when choosing ""I feel good!"" as your mood",For sale,1.0.0,1.0.0,mjk_KekeBilly,2471.0,DogQSJB5472T5PTgX
K.K. Safari,https://acnhcdn.com/latest/FtrIcon/mjk_Afro.png,https://acnhcdn.com/latest/Audio/mjk_Afro.png,3200.0,800.0,103.0,Brown,Orange,1x1,"K.K. concert, Nook Shopping Catalog","Possible song KK will play when choosing ""A little grumpy..."" as your mood",For sale,1.0.0,1.0.0,mjk_Afro,2429.0,YxQuKist5jbDN6YeX
K.K. Salsa,https://acnhcdn.com/latest/FtrIcon/mjk_Salsa.png,https://acnhcdn.com/latest/Audio/mjk_Salsa.png,3200.0,800.0,103.0,Brown,Red,1x1,"K.K. concert, Nook Shopping Catalog","Possible song KK will play when choosing ""I feel good!"" as your mood",For sale,1.0.0,1.0.0,mjk_Salsa,2417.0,hMAkxLymhpg5Zt6Xm
K.K. Samba,https://acnhcdn.com/latest/FtrIcon/mjk_Samba.png,https://acnhcdn.com/latest/Audio/mjk_Samba.png,3200.0,800.0,103.0,Brown,Light blue,1x1,"K.K. concert, Nook Shopping Catalog","Possible song KK will play when choosing ""I feel good!"" as your mood",For sale,1.0.0,1.0.0,mjk_Samba,2414.0,XYFSnTG8QFbGXZJ79
K.K. Ska,https://acnhcdn.com/latest/FtrIcon/mjk_Ska.png,https://acnhcdn.com/latest/Audio/mjk_Ska.png,3200.0,800.0,103.0,Brown,Black,1x1,"K.K. concert, Nook Shopping Catalog","Possible song KK will play when choosing ""I feel good!"" as your mood",For sale,1.0.0,1.0.0,mjk_Ska,2420.0,TMiRa4nHYSbtCx4Em
K.K. Sonata,https://acnhcdn.com/latest/FtrIcon/mjk_Sonata.png,https://acnhcdn.com/latest/Audio/mjk_Sonata.png,3200.0,800.0,103.0,Brown,White,1x1,"K.K. concert, Nook Shopping Catalog","Possible song KK will play when choosing ""A little blue..."" as your mood",For sale,1.0.0,1.0.0,mjk_Sonata,2479.0,zxHYzEN2Q7gt5JYMm
K.K. Song,https://acnhcdn.com/latest/FtrIcon/mjk_KekeSong.png,https://acnhcdn.com/latest/Audio/mjk_KekeSong.png,3200.0,800.0,103.0,Brown,Colorful,1x1,"K.K. concert, Nook Shopping Catalog","Possible song KK will play when choosing ""It's hard to say."" as your mood",For sale,1.0.0,1.0.0,mjk_KekeSong,2457.0,xjLPmvzuXaBSZx4Fy
K.K. Soul,https://acnhcdn.com/latest/FtrIcon/mjk_Soul.png,https://acnhcdn.com/latest/Audio/mjk_Soul.png,3200.0,800.0,103.0,Brown,Black,1x1,"K.K. concert, Nook Shopping Catalog","Possible song KK will play when choosing ""It's hard to say."" as your mood",For sale,1.0.0,1.0.0,mjk_Soul,2438.0,mXvujh5YZscWL5pKg
K.K. Steppe,https://acnhcdn.com/latest/FtrIcon/mjk_Cossack.png,https://acnhcdn.com/latest/Audio/mjk_Cossack.png,3200.0,800.0,103.0,Brown,Colorful,1x1,"K.K. concert, Nook Shopping Catalog","Possible song KK will play when choosing ""A little grumpy..."" as your mood",For sale,1.0.0,1.0.0,mjk_Cossack,2426.0,mGhDWyj7f83gryu4g
K.K. Stroll,https://acnhcdn.com/latest/FtrIcon/mjk_Osanpo.png,https://acnhcdn.com/latest/Audio/mjk_Osanpo.png,3200.0,800.0,103.0,Brown,White,1x1,"K.K. concert, Nook Shopping Catalog","Possible song KK will play when choosing ""Laid-back."" as your mood",For sale,1.0.0,1.0.0,mjk_Osanpo,2481.0,QmR5zsjrqjsYdDcYy
K.K. Swing,https://acnhcdn.com/latest/FtrIcon/mjk_Swing.png,https://acnhcdn.com/latest/Audio/mjk_Swing.png,3200.0,800.0,103.0,Brown,Beige,1x1,"K.K. concert, Nook Shopping Catalog","Possible song KK will play when choosing ""Laid-back."" as your mood",For sale,1.0.0,1.0.0,mjk_Swing,2408.0,BxCLYKFj8yeJMqxwD
K.K. Synth,https://acnhcdn.com/latest/FtrIcon/mjk_Electronica.png,https://acnhcdn.com/latest/Audio/mjk_Electronica.png,3200.0,800.0,103.0,Brown,White,1x1,"K.K. concert, Nook Shopping Catalog","Possible song KK will play when choosing ""Laid-back."" as your mood",For sale,1.0.0,1.0.0,mjk_Electronica,2493.0,S7sa9ugfRSHNPr9zX
K.K. Tango,https://acnhcdn.com/latest/FtrIcon/mjk_Tango.png,https://acnhcdn.com/latest/Audio/mjk_Tango.png,3200.0,800.0,103.0,Brown,Black,1x1,"K.K. concert, Nook Shopping Catalog","Possible song KK will play when choosing ""A little grumpy..."" as your mood",For sale,1.0.0,1.0.0,mjk_Tango,2421.0,9gwFYo6HKxqfxnimX
K.K. Technopop,https://acnhcdn.com/latest/FtrIcon/mjk_TechnoBeat.png,https://acnhcdn.com/latest/Audio/mjk_TechnoBeat.png,3200.0,800.0,103.0,Brown,Black,1x1,"K.K. concert, Nook Shopping Catalog","Possible song KK will play when choosing ""It's hard to say."" as your mood",For sale,1.0.0,1.0.0,mjk_TechnoBeat,2442.0,opZrX852viqZH7RJX
K.K. Waltz,https://acnhcdn.com/latest/FtrIcon/mjk_Waltz.png,https://acnhcdn.com/latest/Audio/mjk_Waltz.png,3200.0,800.0,103.0,Brown,Red,1x1,"K.K. concert, Nook Shopping Catalog","Possible song KK will play when choosing ""A little blue..."" as your mood",For sale,1.0.0,1.0.0,mjk_Waltz,2407.0,pYKWYuRTejcTphjzd
K.K. Western,https://acnhcdn.com/latest/FtrIcon/mjk_Western.png,https://acnhcdn.com/latest/Audio/mjk_Western.png,3200.0,800.0,103.0,Brown,Gray,1x1,"K.K. concert, Nook Shopping Catalog","Possible song KK will play when choosing ""A little blue..."" as your mood",For sale,1.0.0,1.0.0,mjk_Western,2452.0,AnjsMygxJozFjZCGC
King K.K.,https://acnhcdn.com/latest/FtrIcon/mjk_Daimyo.png,https://acnhcdn.com/latest/Audio/mjk_Daimyo.png,3200.0,800.0,103.0,Brown,Yellow,1x1,"K.K. concert, Nook Shopping Catalog","Possible song KK will play when choosing ""A little blue..."" as your mood",For sale,1.0.0,1.0.0,mjk_Daimyo,2466.0,B6siK6dLxCJACfGZY
Lucky K.K.,https://acnhcdn.com/latest/FtrIcon/mjk_Irish.png,https://acnhcdn.com/latest/Audio/mjk_Irish.png,3200.0,800.0,103.0,Brown,White,1x1,"K.K. concert, Nook Shopping Catalog","Possible song KK will play when choosing ""A little grumpy..."" as your mood",For sale,1.0.0,1.0.0,mjk_Irish,2424.0,jCGA9eAgRjkLuNf2q
Marine Song 2001,https://acnhcdn.com/latest/FtrIcon/mjk_HunaUta2001.png,https://acnhcdn.com/latest/Audio/mjk_HunaUta2001.png,3200.0,800.0,103.0,Brown,Light blue,1x1,"K.K. concert, Nook Shopping Catalog","Possible song KK will play when choosing ""Laid-back."" as your mood",For sale,1.0.0,1.0.0,mjk_HunaUta2001,2468.0,F8BvgZMycRgAjJv2A
Mountain Song,https://acnhcdn.com/latest/FtrIcon/mjk_Alpine.png,https://acnhcdn.com/latest/Audio/mjk_Alpine.png,3200.0,800.0,103.0,Brown,Light blue,1x1,"K.K. concert, Nook Shopping Catalog","Possible song KK will play when choosing ""I feel good!"" as your mood",For sale,1.0.0,1.0.0,mjk_Alpine,2467.0,5gDvnQ4uLnLwL85MK
Mr. K.K.,https://acnhcdn.com/latest/FtrIcon/mjk_Sensei.png,https://acnhcdn.com/latest/Audio/mjk_Sensei.png,3200.0,800.0,103.0,Brown,Beige,1x1,"K.K. concert, Nook Shopping Catalog","Possible song KK will play when choosing ""Laid-back."" as your mood",For sale,1.0.0,1.0.0,mjk_Sensei,2453.0,tGCobmkpe7AKsPmyn
My Place,https://acnhcdn.com/latest/FtrIcon/mjk_BokuNoBasho.png,https://acnhcdn.com/latest/Audio/mjk_BokuNoBasho.png,3200.0,800.0,103.0,Brown,Green,1x1,"K.K. concert, Nook Shopping Catalog","Possible song KK will play when choosing ""Laid-back."" as your mood",For sale,1.0.0,1.0.0,mjk_BokuNoBasho,2460.0,gQvdSw38P4QZwpkCh
Neapolitan,https://acnhcdn.com/latest/FtrIcon/mjk_Napolitan.png,https://acnhcdn.com/latest/Audio/mjk_Napolitan.png,3200.0,800.0,103.0,Brown,Black,1x1,"K.K. concert, Nook Shopping Catalog","Possible song KK will play when choosing ""I feel good!"" as your mood",For sale,1.0.0,1.0.0,mjk_Napolitan,2469.0,GDhwzHPsaEws6ciix
Only Me,https://acnhcdn.com/latest/FtrIcon/mjk_OnlyMe.png,https://acnhcdn.com/latest/Audio/mjk_OnlyMe.png,3200.0,800.0,103.0,Brown,Gray,1x1,"K.K. concert, Nook Shopping Catalog","Possible song KK will play when choosing ""A little blue..."" as your mood",For sale,1.0.0,1.0.0,mjk_OnlyMe,2444.0,wwhnr7dEdx36E8SRv
Pondering,https://acnhcdn.com/latest/FtrIcon/mjk_KangaeChu.png,https://acnhcdn.com/latest/Audio/mjk_KangaeChu.png,3200.0,800.0,103.0,Brown,Black,1x1,"K.K. concert, Nook Shopping Catalog","Possible song KK will play when choosing ""Laid-back."" as your mood",For sale,1.0.0,1.0.0,mjk_KangaeChu,2463.0,Gkk2Ck8DK627tiZkS
Rockin' K.K.,https://acnhcdn.com/latest/FtrIcon/mjk_RocknRoll.png,https://acnhcdn.com/latest/Audio/mjk_RocknRoll.png,3200.0,800.0,103.0,Brown,Black,1x1,"K.K. concert, Nook Shopping Catalog","Possible song KK will play when choosing ""A little grumpy..."" as your mood",For sale,1.0.0,1.0.0,mjk_RocknRoll,2432.0,asXTn3mfi7tzowcuj
Soulful K.K.,https://acnhcdn.com/latest/FtrIcon/mjk_Gospel.png,https://acnhcdn.com/latest/Audio/mjk_Gospel.png,3200.0,800.0,103.0,Brown,Orange,1x1,"K.K. concert, Nook Shopping Catalog","Possible song KK will play when choosing ""Laid-back."" as your mood",For sale,1.0.0,1.0.0,mjk_Gospel,2437.0,g2F79ptmGzFrrFf55
Space K.K.,https://acnhcdn.com/latest/FtrIcon/mjk_Minimal.png,https://acnhcdn.com/latest/Audio/mjk_Minimal.png,3200.0,800.0,103.0,Brown,White,1x1,"K.K. concert, Nook Shopping Catalog","Possible song KK will play when choosing ""It's hard to say."" as your mood",For sale,1.0.0,1.0.0,mjk_Minimal,2483.0,WbnqF3FqDQYJwfXed
Spring Blossoms,https://acnhcdn.com/latest/FtrIcon/mjk_HaruNoKomorebi.png,https://acnhcdn.com/latest/Audio/mjk_HaruNoKomorebi.png,3200.0,800.0,103.0,Brown,Pink,1x1,"K.K. concert, Nook Shopping Catalog","Possible song KK will play when choosing ""I feel good!"" as your mood",For sale,1.0.0,1.0.0,mjk_HaruNoKomorebi,2476.0,q4ZmbxwwgjaNzvR4e
Stale Cupcakes,https://acnhcdn.com/latest/FtrIcon/mjk_BlueOnigiri.png,https://acnhcdn.com/latest/Audio/mjk_BlueOnigiri.png,3200.0,800.0,103.0,Brown,Blue,1x1,"K.K. concert, Nook Shopping Catalog","Possible song KK will play when choosing ""A little blue..."" as your mood",For sale,1.0.0,1.0.0,mjk_BlueOnigiri,2475.0,wh9i62k97gw3B34ER
Steep Hill,https://acnhcdn.com/latest/FtrIcon/mjk_NiDanZaka.png,https://acnhcdn.com/latest/Audio/mjk_NiDanZaka.png,3200.0,800.0,103.0,Brown,Orange,1x1,"K.K. concert, Nook Shopping Catalog","Possible song KK will play when choosing ""A little blue..."" as your mood",For sale,1.0.0,1.0.0,mjk_NiDanZaka,2470.0,v3WHjrpgdgeZ3jaFC
Surfin' K.K.,https://acnhcdn.com/latest/FtrIcon/mjk_Eleki.png,https://acnhcdn.com/latest/Audio/mjk_Eleki.png,3200.0,800.0,103.0,Brown,Blue,1x1,"K.K. concert, Nook Shopping Catalog","Possible song KK will play when choosing ""A little grumpy..."" as your mood",For sale,1.0.0,1.0.0,mjk_Eleki,2446.0,HEX474yLBRZ5xY5Pv
The K. Funk,https://acnhcdn.com/latest/FtrIcon/mjk_Funk.png,https://acnhcdn.com/latest/Audio/mjk_Funk.png,3200.0,800.0,103.0,Brown,Orange,1x1,"K.K. concert, Nook Shopping Catalog","Possible song KK will play when choosing ""It's hard to say."" as your mood",For sale,1.0.0,1.0.0,mjk_Funk,2435.0,8ciaF2Yxuhc5Jqpar
To the Edge,https://acnhcdn.com/latest/FtrIcon/mjk_NamiNami.png,https://acnhcdn.com/latest/Audio/mjk_NamiNami.png,3200.0,800.0,103.0,Brown,White,1x1,"K.K. concert, Nook Shopping Catalog","Possible song KK will play when choosing ""It's hard to say."" as your mood",For sale,1.0.0,1.0.0,mjk_NamiNami,2462.0,P5ABGwMHvnYiFHcQN
Two Days Ago,https://acnhcdn.com/latest/FtrIcon/mjk_Ototoi.png,https://acnhcdn.com/latest/Audio/mjk_Ototoi.png,3200.0,800.0,103.0,Brown,Black,1x1,"K.K. concert, Nook Shopping Catalog","Possible song KK will play when choosing ""A little blue..."" as your mood",For sale,1.0.0,1.0.0,mjk_Ototoi,2459.0,AzAHbHLA9oY2ihxrq
Wandering,https://acnhcdn.com/latest/FtrIcon/mjk_Horo.png,https://acnhcdn.com/latest/Audio/mjk_Horo.png,3200.0,800.0,103.0,Brown,Gray,1x1,"K.K. concert, Nook Shopping Catalog","Possible song KK will play when choosing ""Laid-back."" as your mood",For sale,1.0.0,1.0.0,mjk_Horo,2477.0,eDgjD4iS8sHZ64k3k
Welcome Horizons,https://acnhcdn.com/latest/FtrIcon/mjk_MainTheme.png,https://acnhcdn.com/latest/Audio/mjk_MainTheme.png,NFS,800.0,103.0,Brown,None,1x1,K.K. concert,Received on your first time seeing KK perform,Not for sale,1.0.0,1.0.0,mjk_MainTheme,4318.0,eBR8TwgdbAKWEQc3T
Hazure01,,,3200.0,800.0,0.0,None,None,1x1,K.K. concert,Played by K.K. if you request something he doesn't have (does not give take-home track),Not in catalog,1.0.0,1.0.0,mjk_Miss1,4315.0,yzpTLMjxFrMMyPe9t
Hazure02,,,3200.0,800.0,0.0,None,None,1x1,K.K. concert,Played by K.K. if you request something he doesn't have (does not give take-home track),Not in catalog,1.0.0,1.0.0,mjk_Miss2,4316.0,oeZ6a9qJA54fyuwA3
Hazure03,,,3200.0,800.0,0.0,None,None,1x2,K.K. concert,Played by K.K. if you request something he doesn't have (does not give take-home track),Not in catalog,1.0.0,1.0.0,mjk_Miss3,4317.0,cXrvAEgQstHcnP5Zf
