Name,Inventory Image,Storage Image,DIY,Stack Size,Buy,Sell,Miles Price,Source,Source Notes,HHA Base Points,Tag,Color 1,Color 2,Version Added,Version Unlocked,Filename,Internal ID,Unique Entry ID
acorn,https://acnhcdn.com/latest/MenuIcon/DIYAcorn.png,https://acnhcdn.com/latest/FtrIcon/DIYAcorn.png,No,30.0,NFS,200.0,NA,Hardwood Tree,Shaking; Only available during Fall,0.0,NA,None,None,1.0.0,1.0.0,DIYAcorn,5727.0,LWRPyLkySfCNkDvdv
apple,https://acnhcdn.com/latest/MenuIcon/Apple.png,https://acnhcdn.com/latest/FtrIcon/Apple.png,No,10.0,400.0,500.0,NA,Apple Tree,,0.0,NA,None,None,1.0.0,1.0.0,Apple,2213.0,iTWs2LBrcFu8XyDMF
apple tree,https://acnhcdn.com/latest/MenuIcon/PltApple.png,,No,1.0,NFS,300.0,NA,Planting an apple,,0.0,Plants,None,None,1.0.0,1.0.0,PltApple4,3360.0,4BFZn59FMC5eyCKXS
Aquarius fragment,https://acnhcdn.com/latest/MenuIcon/StarpieceAquarius.png,https://acnhcdn.com/latest/FtrIcon/StarpieceAquarius.png,No,10.0,NFS,500.0,NA,Wishing on shooting stars,"Only available during the Aquarius Zodiac, January 20 - February 18",0.0,NA,None,None,1.0.0,1.0.0,StarpieceAquarius,5986.0,sHWduQNusYLWRjhzb
arched tile path permit,https://acnhcdn.com/latest/MenuIcon/Helmet.png,,No,1.0,NFS,NA,2000.0,Nook Miles Redemption,Found under the Special tab of the Nook Miles Redemption service.,0.0,NA,None,None,1.0.0,1.0.0,FtrGroundMakerStonePattern,8776.0,yDajuWo93WGgTR4bJ
Aries fragment,https://acnhcdn.com/latest/MenuIcon/StarpieceAries.png,https://acnhcdn.com/latest/FtrIcon/StarpieceAries.png,No,10.0,NFS,500.0,NA,Wishing on shooting stars,"Only available during the Aries Zodiac, March 21 - April 19",0.0,NA,None,None,1.0.0,1.0.0,StarpieceAries,5988.0,D5JE2Ypt5vZ3C4EM6
bamboo piece,https://acnhcdn.com/latest/MenuIcon/DIYBamboo.png,https://acnhcdn.com/latest/FtrIcon/DIYBamboo.png,No,30.0,NFS,80.0,NA,Chopping a bamboo tree,,0.0,NA,None,None,1.0.0,1.0.0,DIYBamboo,2501.0,RJpF9Apqi52AqPP25
bamboo shoot,https://acnhcdn.com/latest/MenuIcon/BanbooShoot.png,https://acnhcdn.com/latest/FtrIcon/BambooShoot.png,No,10.0,NFS,250.0,NA,Dig Spot; Daisy Mae,Near a bamboo tree,0.0,NA,None,None,1.0.0,1.0.0,BambooShoot,2295.0,kTmS9FFMxJFuCS7vr
bamboo tree,https://acnhcdn.com/latest/MenuIcon/PltBamboo.png,,No,1.0,NFS,1500.0,NA,Planting a bamboo shoot,,0.0,Plants,None,None,1.0.0,1.0.0,PltBamboo4,2815.0,m6And8qdTfySMh9kR
Bell bag,https://acnhcdn.com/latest/MenuIcon/MoneyBag069.png,https://acnhcdn.com/latest/FtrIcon/PhotoStudioBellBag.png,No,99.0,NFS,NA,NA,Glowing dig spot,,0.0,NA,None,None,1.0.0,1.0.0,PhotoStudioBellBag,7731.0,MwHcZBfqcJ5vJzRqZ
Bell voucher,https://acnhcdn.com/latest/MenuIcon/BellExchangeTicket.png,,No,1.0,NFS,3000.0,500.0,Nook Miles Redemption,Found under the Special tab of the Nook Miles Redemption service.,103.0,NA,None,None,1.0.0,1.0.0,BellExchangeTicket,9964.0,Ekx2qXMQw3nrBxbwC
birthday cupcake,https://acnhcdn.com/latest/MenuIcon/BdayCupcake.png,https://acnhcdn.com/latest/FtrIcon/BirthdayCupcake.png,No,10.0,NFS,200.0,NA,Birthday,,0.0,Seasonal Decor,None,None,1.0.0,1.0.0,BirthdayCupcake,2779.0,Q5HRfFvkBvPw8TFPR
black cosmos,https://acnhcdn.com/latest/MenuIcon/Cosmos5.png,https://acnhcdn.com/latest/FtrIcon/FlwCosmosBlack.png,No,10.0,NFS,240.0,NA,Picking flowers,,87.0,Plants,Black,Green,1.0.0,1.0.0,FlwCosmosBlack,2875.0,QveR5KriJ63ZvAmQs
black lilies,https://acnhcdn.com/latest/MenuIcon/Yuri5.png,https://acnhcdn.com/latest/FtrIcon/FlwYuriBlack.png,No,10.0,NFS,80.0,NA,Picking flowers,,87.0,Plants,Black,Green,1.0.0,1.0.0,FlwYuriBlack,2999.0,GJEkbwJexHSSq3Kvp
black roses,https://acnhcdn.com/latest/MenuIcon/Rose6.png,https://acnhcdn.com/latest/FtrIcon/FlwRoseBlack.png,No,10.0,NFS,240.0,NA,Picking flowers,,87.0,Plants,Black,Green,1.0.0,1.0.0,FlwRoseBlack,2955.0,RAxXqgdwa6Jb3fKFX
black tulips,https://acnhcdn.com/latest/MenuIcon/Turip5.png,https://acnhcdn.com/latest/FtrIcon/FlwTulipBlack.png,No,10.0,NFS,80.0,NA,Picking flowers,,87.0,Plants,Black,Green,1.0.0,1.0.0,FlwTulipBlack,2903.0,WGvGEjXRYjucLHity
black wrapping paper,https://acnhcdn.com/latest/MenuIcon/WPaperBlack.png,https://acnhcdn.com/latest/FtrIcon/WPaperBlack.png,No,10.0,160.0,40.0,NA,Nook's Cranny,,0.0,NA,None,None,1.0.0,1.0.0,WPaperBlack,7698.0,e726AGFuzKwPdeNZu
black-cosmos plant,https://acnhcdn.com/latest/MenuIcon/PltCosmos5.png,,No,1.0,NFS,240.0,NA,Red/red cosmos,,0.0,Plants,None,None,1.0.0,1.0.0,PltCosmosBlack3,3834.0,o54h94yBpGiSSfKkr
black-lily plant,https://acnhcdn.com/latest/MenuIcon/PltYuri5.png,,No,1.0,NFS,80.0,NA,Red/red lilies,,0.0,Plants,None,None,1.0.0,1.0.0,PltYuriBlack3,3896.0,RgsTH72gphGY6AHsK
black-rose plant,https://acnhcdn.com/latest/MenuIcon/PltRose6.png,,No,1.0,NFS,240.0,NA,Red/red roses,,0.0,Plants,None,None,1.0.0,1.0.0,PltRoseBlack3,3874.0,suqNAcWRFj6JJZKuk
black-tulip plant,https://acnhcdn.com/latest/MenuIcon/PltTurip5.png,,No,1.0,NFS,80.0,NA,Red/red tulips,,0.0,Plants,None,None,1.0.0,1.0.0,PltTulipBlack3,3848.0,2aiEhGHeGqQG725zX
Blathers's tent marker,https://acnhcdn.com/latest/MenuIcon/TentWhite.png,,No,1.0,NFS,NA,NA,Tom Nook,,0.0,NA,None,None,1.0.0,1.0.0,MuseumTent,2755.0,57HSnpzwFHuTfBiyf
blue hyacinths,https://acnhcdn.com/latest/MenuIcon/Hyacinth6.png,https://acnhcdn.com/latest/FtrIcon/FlwHyacinthBlue.png,No,10.0,NFS,80.0,NA,Picking flowers,,87.0,Plants,Blue,Green,1.0.0,1.0.0,FlwHyacinthBlue,3748.0,K6yui8FLmJvwNcfL4
blue ornament,https://acnhcdn.com/latest/MenuIcon/ChristmasOrnamentB.png,https://acnhcdn.com/latest/FtrIcon/DIYOrnamentBlue.png,No,30.0,NFS,50.0,NA,Cedar Tree,Shaking decorated trees; Only available during the Festive Season,0.0,NA,None,None,1.0.0,1.0.0,DIYOrnamentBlue,5731.0,s38Tms3PpjpWGnFtn
blue pansies,https://acnhcdn.com/latest/MenuIcon/Pansi5.png,https://acnhcdn.com/latest/FtrIcon/FlwPansyBlue.png,No,10.0,NFS,80.0,NA,Picking flowers,,87.0,Plants,Blue,Green,1.0.0,1.0.0,FlwPansyBlue,2927.0,mNBAQ7xCjndP63TW8
blue roses,https://acnhcdn.com/latest/MenuIcon/Rose7.png,https://acnhcdn.com/latest/FtrIcon/FlwRoseBlue.png,No,10.0,NFS,1000.0,NA,Picking flowers,,87.0,Plants,Blue,Green,1.0.0,1.0.0,FlwRoseBlue,2959.0,C39ncDcJ44My6qoQm
blue windflowers,https://acnhcdn.com/latest/MenuIcon/Anemone5.png,https://acnhcdn.com/latest/FtrIcon/FlwAnemonesBlue.png,No,10.0,NFS,80.0,NA,Picking flowers,,87.0,Plants,Blue,Green,1.0.0,1.0.0,FlwAnemonesBlue,3717.0,JmHWXFZvvgpJYrg8Z
blue wrapping paper,https://acnhcdn.com/latest/MenuIcon/WPaperBlue.png,https://acnhcdn.com/latest/FtrIcon/WPaperBlue.png,No,10.0,160.0,40.0,NA,Nook's Cranny,,0.0,NA,None,None,1.0.0,1.0.0,WPaperBlue,7692.0,FK3PwoipGayPzS4SW
blue-hyacinth plant,https://acnhcdn.com/latest/MenuIcon/PltHyacinth6.png,,No,1.0,NFS,80.0,NA,White/white hyacinths,,0.0,Plants,None,None,1.0.0,1.0.0,PltHyacinthBlue3,3920.0,MNT54SyQWEWfaQAc6
blue-hydrangea bush,https://acnhcdn.com/latest/MenuIcon/PltHydrangeaBlue.png,,No,1.0,560.0,140.0,NA,Digging up a fully grown bush,,0.0,NA,None,None,1.2.0,1.2.0,PltHydrangeaBlue2,3800.0,trgrtapDMZkkyDfiz
blue-hydrangea nursery,https://acnhcdn.com/latest/MenuIcon/PltHydrangeaBlue.png,,No,1.0,280.0,70.0,NA,Planting a bush start,,0.0,NA,None,None,1.2.0,1.2.0,PltHydrangeaBlue0,12749.0,dGy5iDQkBijsuNMLM
blue-hydrangea start,https://acnhcdn.com/latest/ShopPlant/SeedHydrangeaBlue.png,https://acnhcdn.com/latest/FtrIcon/SeedHydrangeaBlue.png,No,10.0,280.0,70.0,NA,Leif,,0.0,NA,None,None,1.2.0,1.2.0,SeedHydrangeaBlue,3798.0,GNsNR4uHsjm4B7XJr
blue-pansy plant,https://acnhcdn.com/latest/MenuIcon/PltPansi5.png,,No,1.0,NFS,80.0,NA,White/white pansies,,0.0,Plants,None,None,1.0.0,1.0.0,PltPansyBlue3,3860.0,Zd4CiamQfSEbYcymn
blue-rose plant,https://acnhcdn.com/latest/MenuIcon/PltRose7.png,,No,1.0,NFS,1000.0,NA,Orange/orange roses,,0.0,Plants,None,None,1.0.0,1.0.0,PltRoseBlue3,3876.0,XXDs7bACfxsb5ospo
blue-windflower plant,https://acnhcdn.com/latest/MenuIcon/PltAnemone5.png,,No,1.0,NFS,80.0,NA,"White/white windflowers
Orange/white windflowers",,0.0,Plants,None,None,1.0.0,1.0.0,PltAnemonesBlue3,3902.0,A4yXEFxhamZ2fCfmG
boot,https://acnhcdn.com/latest/MenuIcon/Boots.png,https://acnhcdn.com/latest/FtrIcon/TrashBoot.png,No,1.0,40.0,10.0,NA,Fishing,Medium shadow,0.0,NA,None,None,1.0.0,1.0.0,TrashBoot,3469.0,7jBpMwNw25uQW345e
brick path permit,https://acnhcdn.com/latest/MenuIcon/Helmet.png,,No,1.0,NFS,NA,2000.0,Nook Miles Redemption,Found under the Special tab of the Nook Miles Redemption service.,0.0,NA,None,None,1.0.0,1.0.0,FtrGroundMakerBrick,8774.0,oHZbjoqc3QKK6WLCC
bridge construction kit,https://acnhcdn.com/latest/MenuIcon/TentWhite.png,,Yes,1.0,NFS,NA,NA,Tom Nook,,0.0,Outdoors Decor,None,None,1.0.0,1.0.0,BridgeLogReserveKit,7211.0,qT8ewTJpgMGSEENoY
bridge marker kit,https://acnhcdn.com/latest/MenuIcon/TentWhite.png,,No,1.0,NFS,NA,NA,Tom Nook,,0.0,NA,None,None,1.0.0,1.0.0,BridgeReserveKit,4310.0,nS86mCT42JirpqqPY
brown wrapping paper,https://acnhcdn.com/latest/MenuIcon/WPaperBrown.png,https://acnhcdn.com/latest/FtrIcon/WPaperBrown.png,No,10.0,160.0,40.0,NA,Nook's Cranny,,0.0,NA,None,None,1.0.0,1.0.0,WPaperBrown,7696.0,hJhmHZLzeNSDBEoSo
campsite construction kit,https://acnhcdn.com/latest/MenuIcon/TentWhite.png,,Yes,1.0,NFS,NA,NA,Tom Nook,,0.0,NA,None,None,1.0.0,1.0.0,CampsiteReserveKit,5166.0,ezCup9En25XEqADNt
campsite moving kit,https://acnhcdn.com/latest/MenuIcon/TentWhite.png,,No,1.0,NFS,NA,NA,Tom Nook,,0.0,NA,None,None,1.0.0,1.0.0,MovingKitCampsite,6841.0,ZXGmQ8gab2KnTmP5a
Cancer fragment,https://acnhcdn.com/latest/MenuIcon/StarpieceCancer.png,https://acnhcdn.com/latest/FtrIcon/StarpieceCancer.png,No,10.0,NFS,500.0,NA,Wishing on shooting stars,"Only available during the Cancer Zodiac, June 21 - July 22",0.0,NA,None,None,1.0.0,1.0.0,StarpieceCancer,5991.0,SmqC4auAEN7GSNraA
Capricorn fragment,https://acnhcdn.com/latest/MenuIcon/StarpieceCapricornus.png,https://acnhcdn.com/latest/FtrIcon/StarpieceCapricornus.png,No,10.0,NFS,500.0,NA,Wishing on shooting stars,"Only available during the Capricorn Zodiac, December 23 - January 19",0.0,NA,None,None,1.0.0,1.0.0,StarpieceCapricornus,5985.0,Yv5hZXu5AkG7sWNQ6
cedar sapling,https://acnhcdn.com/latest/MenuIcon/SeedlingConifer.png,https://acnhcdn.com/latest/FtrIcon/SeedCedar.png,No,10.0,640.0,160.0,NA,Nook's Cranny,,0.0,Plants,None,None,1.0.0,1.0.0,SeedCedar,2800.0,LP6TnsveSD3AGAMmQ
cedar tree,https://acnhcdn.com/latest/MenuIcon/PltConifer.png,,No,1.0,NFS,240.0,NA,Planting a cedar sapling,,0.0,Plants,None,None,1.0.0,1.0.0,PltCedar4,2805.0,scFwAJ9XXGD3G6NbX
chartreuse wrapping paper,https://acnhcdn.com/latest/MenuIcon/WPaperLightGreen.png,https://acnhcdn.com/latest/FtrIcon/WPaperLightGreen.png,No,10.0,160.0,40.0,NA,Nook's Cranny,,0.0,NA,None,None,1.0.0,1.0.0,WPaperLightGreen,7686.0,RWcJQMBA79cybhZDM
cherry,https://acnhcdn.com/latest/MenuIcon/Cherry.png,https://acnhcdn.com/latest/FtrIcon/Cherry.png,No,10.0,400.0,500.0,NA,Cherry Tree,,0.0,NA,None,None,1.0.0,1.0.0,Cherry,2287.0,vAujDBhEiEHX39WDn
cherry tree,https://acnhcdn.com/latest/MenuIcon/PltCherry.png,,No,1.0,NFS,300.0,NA,Planting a cherry,,0.0,Plants,None,None,1.0.0,1.0.0,PltCherry4,3381.0,GhjdFWs3sFftbtd2W
cherry-blossom petal,https://acnhcdn.com/latest/MenuIcon/Sakurapetal.png,https://acnhcdn.com/latest/FtrIcon/Sakurapetal.png,No,10.0,NFS,NA,NA,Catching with a net,Only available during the Cherry-Blossom Season,0.0,NA,None,None,1.0.0,1.0.0,Sakurapetal,5859.0,7hYtxcDFLTySLx8Nz
clay,https://acnhcdn.com/latest/MenuIcon/OreClay.png,https://acnhcdn.com/latest/FtrIcon/DIYClay.png,No,30.0,NFS,100.0,NA,Hitting a rock,,0.0,NA,None,None,1.0.0,1.0.0,DIYClay,3090.0,3yoCRN4WNjdYKQEJB
cliff construction permit,https://acnhcdn.com/latest/MenuIcon/ToolCliffMaker.png,,No,1.0,NFS,NA,6000.0,Nook Miles Redemption,Found under the Special tab of the Nook Miles Redemption service.,0.0,NA,None,None,1.0.0,1.0.0,FtrCliffMaker,8781.0,WQsguRuMd9bwEFu5j
clump of weeds,https://acnhcdn.com/latest/MenuIcon/Weed.png,https://acnhcdn.com/latest/FtrIcon/PltWeed.png,No,99.0,NFS,10.0,NA,On ground,,0.0,Plants,None,None,1.0.0,1.0.0,PltWeed,2624.0,GEtNwS4vwNF7oBvw9
coconut,https://acnhcdn.com/latest/MenuIcon/Coconut.png,https://acnhcdn.com/latest/FtrIcon/Coconut.png,No,10.0,NFS,250.0,NA,Coconut Tree,,0.0,NA,None,None,1.0.0,1.0.0,Coconut,2288.0,eHNoTML3CsNoaHoZ9
coconut tree,https://acnhcdn.com/latest/MenuIcon/PltPalm.png,,No,1.0,NFS,500.0,NA,Planting a coconut,,0.0,Plants,None,None,1.0.0,1.0.0,PltPalm4,2810.0,c4FSMaXCEqboxnQzT
coin,https://acnhcdn.com/latest/MenuIcon/Coin.png,https://acnhcdn.com/latest/FtrIcon/PhotoStudioBell.png,No,9.0,NFS,0.0,NA,Shaking a hardwood or cedar tree,,0.0,NA,None,None,1.0.0,1.0.0,PhotoStudioBell,7730.0,jNjH659eycYXADzaq
communicator,https://acnhcdn.com/latest/MenuIcon/PirateQuest.png,,No,10.0,NFS,222.0,NA,Dive spot,Only available while on a quest for Gulliver,,,None,None,1.3.0,1.3.0,PirateQuest,13105.0,4MLwWcvfFjET6hgMc
communicator part,https://acnhcdn.com/latest/MenuIcon/JohnyParts.png,,No,10.0,NFS,20.0,NA,Clam dig spot,Only available while on a quest for Gulliver,0.0,NA,None,None,1.0.0,1.0.0,JohnnyQuest1,2381.0,XiM7GBuMGY9HReqm2
conch,https://acnhcdn.com/latest/MenuIcon/Shell1.png,https://acnhcdn.com/latest/FtrIcon/ShellDriftHora.png,No,10.0,NFS,700.0,NA,Beach,,0.0,NA,None,None,1.0.0,1.0.0,ShellDriftHora,1376.0,rtDktiz93Crc46m5c
coral,https://acnhcdn.com/latest/MenuIcon/Shell3.png,https://acnhcdn.com/latest/FtrIcon/ShellDriftSango.png,No,10.0,NFS,500.0,NA,Beach,,0.0,NA,None,None,1.0.0,1.0.0,ShellDriftSango,1380.0,4CHLh45qehAS8wHpb
cowrie,https://acnhcdn.com/latest/MenuIcon/Shell7.png,https://acnhcdn.com/latest/FtrIcon/ShellDriftTakara.png,No,10.0,NFS,60.0,NA,Beach,,0.0,NA,None,None,1.0.0,1.0.0,ShellDriftTakara,1382.0,zxAax3FMiJMX9Chet
custom design path permit,https://acnhcdn.com/latest/MenuIcon/Helmet.png,,No,1.0,NFS,NA,2300.0,Nook Miles Redemption,Found under the Special tab of the Nook Miles Redemption service.,0.0,NA,None,None,1.0.0,1.0.0,FtrGroundMakerMydesign,9771.0,gsKtaovfLwrynQzh2
Custom Design Pro Editor,,,No,1.0,NFS,NA,800.0,Nook Miles Redemption,,0.0,NA,None,None,1.0.0,1.0.0,HowtoBookMydesingPro,12185.0,MMYBdDHWn2kW2Maze
customizable phone case kit,https://acnhcdn.com/latest/MenuIcon/SmartphoneCase.png,,No,1.0,NFS,9000.0,1800.0,Nook Miles Redemption,Found under the Special tab of the Nook Miles Redemption service.,0.0,Home Appliances,None,None,1.0.0,1.0.0,SmartphoneCase,8760.0,nwyFbGaLtmPjknPTY
customization kit,https://acnhcdn.com/latest/MenuIcon/RemakeKit.png,https://acnhcdn.com/latest/FtrIcon/RemakeKit.png,No,50.0,600.0,150.0,NA,Nook's Cranny,,0.0,Supplies,None,None,1.0.0,1.0.0,RemakeKit,2513.0,Ld3gGWdjsFZscs6Qq
dark dirt path permit,https://acnhcdn.com/latest/MenuIcon/Helmet.png,,No,1.0,NFS,NA,2000.0,Nook Miles Redemption,Found under the Special tab of the Nook Miles Redemption service.,0.0,NA,None,None,1.0.0,1.0.0,FtrGroundMakerDarkSoil,8775.0,E6p3k7jqPy5nQZqkx
delivery,https://acnhcdn.com/latest/MenuIcon/Cardboard.png,,No,1.0,NFS,222.0,NA,Delivering item for a villager,,0.0,NA,None,None,1.0.0,1.0.0,DummyCardboard,4645.0,dSEW4GQniyS8P6SnE
delivery box,https://acnhcdn.com/latest/MenuIcon/Present2.png,,No,1.0,NFS,NA,NA,Nook Shopping,,0.0,NA,None,None,1.0.0,1.0.0,QuestWrappingBox,4245.0,KGs8SGuNQXerMe7xC
DIY for Beginners,https://acnhcdn.com/latest/MenuIcon/BookRecipe.png,https://acnhcdn.com/latest/FtrIcon/DIYbook1.png,No,1.0,480.0,NA,NA,Nook's Cranny,,0.0,NA,None,None,1.0.0,1.0.0,DIYbook1,5603.0,Xg3ZJkcs2GKKj629h
earth egg,https://acnhcdn.com/latest/MenuIcon/EggGround.png,https://acnhcdn.com/latest/FtrIcon/EggGround.png,No,30.0,NFS,200.0,NA,Dig Spot,Only available during Bunny Day,0.0,NA,None,None,1.1.0,1.1.0a,EggGround,12509.0,GfuzxkKwqvLMLq4TJ
egg message bottle,https://acnhcdn.com/latest/MenuIcon/MessageBottleEgg.png,,No,1.0,NFS,NA,NA,Beach,Only available during Bunny Day,0.0,NA,None,None,1.1.0,1.1.0a,MessageBottleEgg,12544.0,AQictTWfneH93yYQM
elegant mushroom,https://acnhcdn.com/latest/MenuIcon/Mush0.png,https://acnhcdn.com/latest/FtrIcon/MushSplendid.png,No,10.0,NFS,10000.0,NA,On ground,Only available during Mushroom Season,0.0,NA,None,None,1.0.0,1.0.0,MushSplendid,3276.0,kHtGRmaZmf3foEhwz
empty can,https://acnhcdn.com/latest/MenuIcon/Can.png,https://acnhcdn.com/latest/FtrIcon/TrashCan.png,No,1.0,NFS,10.0,NA,Fishing,Small shadow,0.0,NA,None,None,1.0.0,1.0.0,TrashCan,3466.0,rqiTcqwQexTmYoPTH
fish bait,https://acnhcdn.com/latest/MenuIcon/FishBait.png,https://acnhcdn.com/latest/FtrIcon/FishBait.png,Yes,10.0,NFS,200.0,NA,Crafting ,,103.0,NA,None,None,1.0.0,1.0.0,FishBait,4549.0,Ghm4XtGMDXTpyFQSj
flat mushroom,https://acnhcdn.com/latest/MenuIcon/Mush3.png,https://acnhcdn.com/latest/FtrIcon/MushFlat.png,No,10.0,NFS,200.0,NA,On ground,Only available during Mushroom Season,0.0,NA,None,None,1.0.0,1.0.0,MushFlat,3279.0,Ym7BRDNMQF6nZL446
fossil,https://acnhcdn.com/latest/MenuIcon/Fossil.png,https://acnhcdn.com/latest/FtrIcon/Fossil.png,No,1.0,NFS,100.0,NA,Dig Spot,,0.0,NA,None,None,1.0.0,1.0.0,Fossil,2579.0,ZwqydviSR4WiRWdDA
Gemini fragment,https://acnhcdn.com/latest/MenuIcon/StarpieceGemini.png,https://acnhcdn.com/latest/FtrIcon/StarpieceGemini.png,No,10.0,NFS,500.0,NA,Wishing on shooting stars,"Only available during the Gemini Zodiac, May 21 - June 21",0.0,NA,None,None,1.0.0,1.0.0,StarpieceGemini,5990.0,FKd48SRH79uQKweuZ
giant clam,https://acnhcdn.com/latest/MenuIcon/Shell2.png,https://acnhcdn.com/latest/FtrIcon/ShellDriftSyako.png,No,10.0,NFS,900.0,NA,Beach,,0.0,NA,None,None,1.0.0,1.0.0,ShellDriftSyako,1381.0,yzrzGTGG6mdN2N4d4
gold nugget,https://acnhcdn.com/latest/MenuIcon/Gold_Ore.png,https://acnhcdn.com/latest/FtrIcon/DIYGold.png,No,30.0,NFS,10000.0,NA,Hitting a rock,,0.0,NA,None,None,1.0.0,1.0.0,DIYGold,2505.0,i7QscMET7RcTdffLC
gold ornament,https://acnhcdn.com/latest/MenuIcon/ChristmasOrnamentC.png,https://acnhcdn.com/latest/FtrIcon/DIYOrnamentGold.png,No,30.0,NFS,50.0,NA,Cedar Tree,Shaking decorated trees; Only available during the Festive Season,0.0,NA,None,None,1.0.0,1.0.0,DIYOrnamentGold,5732.0,PDc3gmJTvyra4nNb6
gold roses,https://acnhcdn.com/latest/MenuIcon/GoldenRose.png,https://acnhcdn.com/latest/FtrIcon/FlwRoseGold.png,No,10.0,NFS,1000.0,NA,Picking flowers,,87.0,Plants,Yellow,Yellow,1.0.0,1.0.0,FlwRoseGold,2963.0,6B9RaLkgxyFA72rdm
gold wrapping paper,https://acnhcdn.com/latest/MenuIcon/WPaperGold.png,https://acnhcdn.com/latest/FtrIcon/WPaperGold.png,No,10.0,160.0,40.0,NA,Nook's Cranny,,0.0,NA,None,None,1.0.0,1.0.0,WPaperGold,7695.0,nKFEifDX73E7y86s3
gold-rose plant,https://acnhcdn.com/latest/MenuIcon/PltGoldenRose.png,,No,1.0,NFS,1000.0,NA,"Black/black roses
Water with gold watering can",,0.0,Plants,None,None,1.0.0,1.0.0,PltRoseGold3,3878.0,vgqcsR2h6B96skooq
gray wrapping paper,https://acnhcdn.com/latest/MenuIcon/WPaperGray.png,https://acnhcdn.com/latest/FtrIcon/WPaperGray.png,No,10.0,160.0,40.0,NA,Nook's Cranny,,0.0,NA,None,None,1.0.0,1.0.0,WPaperGray,7697.0,yiydxSjmgGZiNBxsm
green mums,https://acnhcdn.com/latest/MenuIcon/Mum4.png,https://acnhcdn.com/latest/FtrIcon/FlwMumGreen.png,No,10.0,NFS,240.0,NA,Picking flowers,,87.0,Plants,Green,Green,1.0.0,1.0.0,FlwMumGreen,5175.0,iZDGXg9rxMCXkkRXQ
green wrapping paper,https://acnhcdn.com/latest/MenuIcon/WPaperGreen.png,https://acnhcdn.com/latest/FtrIcon/WPaperGreen.png,No,10.0,160.0,40.0,NA,Nook's Cranny,,0.0,NA,None,None,1.0.0,1.0.0,WPaperGreen,7687.0,3mskzQhZ5uWSBJ373
green-mum plant,https://acnhcdn.com/latest/MenuIcon/PltMum4.png,,No,1.0,NFS,240.0,NA,Purple/purple mums,,0.0,Plants,None,None,1.0.0,1.0.0,PltMumGreen3,3934.0,ejT89srWvyFe6eQKf
hardwood,https://acnhcdn.com/latest/MenuIcon/DIYWoodHard.png,https://acnhcdn.com/latest/FtrIcon/DIYWoodHard.png,No,30.0,NFS,60.0,NA,Chopping a tree,,0.0,NA,None,None,1.0.0,1.0.0,DIYWoodHard,2769.0,ni3n8DjyCZ9cghTD2
hardwood tree,https://acnhcdn.com/latest/MenuIcon/PltOak.png,,No,1.0,NFS,240.0,NA,Planting a sapling,,0.0,Plants,None,None,1.0.0,1.0.0,PltOak4,2799.0,iGMxqfQ39pMGzJrji
heart crystal,https://acnhcdn.com/latest/MenuIcon/Love.png,https://acnhcdn.com/latest/FtrIcon/Love.png,No,30.0,400.0,100.0,NA,Reese,Reward for helping Cyrus & Reese during Wedding Season,0.0,NA,None,None,1.2.0,1.2.1c,Love,12546.0,Seo4ym9pKPhr7A6yb
holly bush,https://acnhcdn.com/latest/MenuIcon/PltHolly.png,,No,1.0,560.0,140.0,NA,Digging up a fully grown bush,,0.0,NA,None,None,1.2.0,1.2.0,PltHolly2,3027.0,iS4C5XqHay6jggFoL
holly nursery,https://acnhcdn.com/latest/MenuIcon/PltHolly.png,,No,1.0,280.0,70.0,NA,Planting a bush start,,0.0,NA,None,None,1.2.0,1.2.0,PltHolly0,12757.0,vyJTecdJnm8PS8zh6
holly start,https://acnhcdn.com/latest/ShopPlant/SeedHolly.png,https://acnhcdn.com/latest/FtrIcon/SeedHolly.png,No,10.0,280.0,70.0,NA,Leif,,0.0,NA,None,None,1.2.0,1.2.0,SeedHolly,3024.0,ikDCfcT8TcvyPNH8Y
housing kit,https://acnhcdn.com/latest/MenuIcon/TentWhite.png,,No,1.0,NFS,NA,NA,Tom Nook,,0.0,NA,None,None,1.0.0,1.0.0,NnpcNewHousingkit,3349.0,3H4M8fad4hXPPK9tq
incline marker kit,https://acnhcdn.com/latest/MenuIcon/TentWhite.png,,No,1.0,NFS,NA,NA,Tom Nook,,0.0,NA,None,None,1.0.0,1.0.0,SlopeReserveKit,4311.0,Nmp2P7XPoEWX2tQG6
iron nugget,https://acnhcdn.com/latest/MenuIcon/OreIron.png,https://acnhcdn.com/latest/FtrIcon/DIYIron.png,No,30.0,NFS,375.0,NA,Hitting a rock,,0.0,NA,None,None,1.0.0,1.0.0,DIYIron,2511.0,smkrptPsq6cK6e7ya
large snowflake,https://acnhcdn.com/latest/MenuIcon/SnowCrystalLarge.png,https://acnhcdn.com/latest/FtrIcon/SnowCrystalLarge.png,No,10.0,NFS,NA,NA,Snowboy,Reward for making a perfect Snowboy; Only available during Winter,0.0,NA,None,None,1.0.0,1.0.0,SnowCrystalLarge,3540.0,roPJbuZmNfYv9k3Q5
large star fragment,https://acnhcdn.com/latest/MenuIcon/StarPieceRare.png,https://acnhcdn.com/latest/FtrIcon/StarpieceRare.png,No,10.0,NFS,2500.0,NA,Wishing on shooting stars,,0.0,NA,None,None,1.0.0,1.0.0,StarpieceRare,5984.0,FA6nhbrBzK7ESdoDL
leaf egg,https://acnhcdn.com/latest/MenuIcon/EggLeaf.png,https://acnhcdn.com/latest/FtrIcon/EggLeaf.png,No,30.0,NFS,200.0,NA,Hardwood Tree,Shaking decorated trees; Only available during Bunny Day,0.0,NA,None,None,1.1.0,1.1.0a,EggLeaf,12511.0,3rZgwsLcirdRrMrND
Leo fragment,https://acnhcdn.com/latest/MenuIcon/StarpieceLeo.png,https://acnhcdn.com/latest/FtrIcon/StarpieceLeo.png,No,10.0,NFS,500.0,NA,Wishing on shooting stars,"Only available during the Leo Zodiac, July 23 - August 22",0.0,NA,None,None,1.0.0,1.0.0,StarpieceLeo,5992.0,kxQAgnSXcGbYHtNLB
Libra fragment,https://acnhcdn.com/latest/MenuIcon/StarpieceLibra.png,https://acnhcdn.com/latest/FtrIcon/StarpieceLibra.png,No,10.0,NFS,500.0,NA,Wishing on shooting stars,"Only available during the Libra Zodiac, September 23 - October 23",0.0,NA,None,None,1.0.0,1.0.0,StarpieceLibra,5994.0,SRpunGqz97ZSyQeKq
light-blue wrapping paper,https://acnhcdn.com/latest/MenuIcon/WPaperLightBlue.png,https://acnhcdn.com/latest/FtrIcon/WPaperLightBlue.png,No,10.0,160.0,40.0,NA,Nook's Cranny,,0.0,NA,None,None,1.0.0,1.0.0,WPaperLightBlue,7689.0,k6ZfmjnoDpGqHWweS
lily-of-the-valley plant,https://acnhcdn.com/latest/MenuIcon/PltSuzuran.png,,No,1.0,NFS,222.0,NA,5-star town status,,0.0,Plants,None,None,1.0.0,1.0.0,PltSuzuran2,7651.0,LXttqtLN2HF8PhQbu
lost item,https://acnhcdn.com/latest/MenuIcon/Porch.png,https://acnhcdn.com/latest/FtrIcon/LostQuestBagDust.png,No,1.0,NFS,NA,NA,On ground,,0.0,NA,None,None,1.0.0,1.0.0,LostQuestBag,2374.0,uncR4zC9xppuSkiij
lost item,https://acnhcdn.com/latest/MenuIcon/Book.png,https://acnhcdn.com/latest/FtrIcon/LostQuestBookDust.png,No,1.0,NFS,NA,NA,On ground,,0.0,NA,None,None,1.0.0,1.0.0,LostQuestBook,2375.0,ymD8pZhYvP99PRiYr
lost item,https://acnhcdn.com/latest/MenuIcon/LostQuestMemo.png,https://acnhcdn.com/latest/FtrIcon/LostQuestNoteDust.png,No,1.0,NFS,NA,NA,On ground,,0.0,NA,None,None,1.0.0,1.0.0,LostQuestNote,5426.0,Fd7AxQwkCjc5RmfRW
manila clam,https://acnhcdn.com/latest/MenuIcon/ShellFishAsari.png,https://acnhcdn.com/latest/FtrIcon/FtrShellFishAsari.png,No,1.0,NFS,100.0,NA,Clam dig spot,,0.0,NA,None,None,1.0.0,1.0.0,FtrShellFishAsari,2567.0,JFoiWRD9rYYRQchWY
maple leaf,https://acnhcdn.com/latest/MenuIcon/AutumnLeaf.png,https://acnhcdn.com/latest/FtrIcon/AutumnLeaf.png,No,10.0,NFS,NA,NA,Catching with a net,Only available during Maple Leaf Season,0.0,NA,None,None,1.0.0,1.0.0,AutumnLeaf,7374.0,iNPeEEqdSxkjKFPDS
medicine,https://acnhcdn.com/latest/MenuIcon/Medicine.png,https://acnhcdn.com/latest/FtrIcon/ItemMedicine.png,Yes,10.0,400.0,100.0,NA,Nook's Cranny,,0.0,Hospital,None,None,1.0.0,1.0.0,ItemMedicine,2777.0,3pirDraBT9LTcGCDc
message bottle,https://acnhcdn.com/latest/MenuIcon/BottleRecipe.png,,No,1.0,NFS,NA,NA,Beach,,0.0,NA,None,None,1.0.0,1.0.0,MessageBottle,5793.0,euJRD9W3hqTR3YeGC
mint wrapping paper,https://acnhcdn.com/latest/MenuIcon/WPaperMint.png,https://acnhcdn.com/latest/FtrIcon/WPaperMint.png,No,10.0,160.0,40.0,NA,Nook's Cranny,,0.0,NA,None,None,1.0.0,1.0.0,WPaperMint,7688.0,J7HrFYe8eAajkNBPk
money tree,https://acnhcdn.com/latest/MenuIcon/PltMoney.png,,No,1.0,NFS,240.0,NA,Burying bells in a glowing spot,,0.0,Plants,None,None,1.0.0,1.0.0,PltMoney4,4426.0,ePzXeAjEBZXBhxuAF
moving kit,https://acnhcdn.com/latest/MenuIcon/TentWhite.png,,No,1.0,NFS,NA,NA,Tom Nook,,0.0,NA,None,None,1.0.0,1.0.0,MovingKitPlayer,5358.0,MyYYwJYdNvcGSEoFZ
museum moving kit,https://acnhcdn.com/latest/MenuIcon/TentWhite.png,,No,1.0,NFS,NA,NA,Tom Nook,,0.0,NA,None,None,1.0.0,1.0.0,MovingKitMuseum,5361.0,nrLWMtL3jGmWYDAQM
navy wrapping paper,https://acnhcdn.com/latest/MenuIcon/WPaperNavy.png,https://acnhcdn.com/latest/FtrIcon/WPaperNavy.png,No,10.0,160.0,40.0,NA,Nook's Cranny,,0.0,NA,None,None,1.0.0,1.0.0,WPaperNavy,7691.0,Ms5AhyNbJL5DuZrh2
Nook Miles Ticket,https://acnhcdn.com/latest/MenuIcon/PlaneTicket.png,,No,10.0,NFS,10000.0,2000.0,Nook Miles Redemption,Found under the Special tab of the Nook Miles Redemption service.,171.0,NA,None,None,1.0.0,1.0.0,MilePlaneTicket,5851.0,FAn9xRZvpBRAad3E6
old tire,https://acnhcdn.com/latest/MenuIcon/Tire.png,https://acnhcdn.com/latest/FtrIcon/TrashTire.png,No,1.0,NFS,10.0,NA,Fishing,Large shadow,0.0,NA,None,None,1.0.0,1.0.0,TrashTire,3470.0,3S8juGp87QfHvtpyq
orange,https://acnhcdn.com/latest/MenuIcon/Orange.png,https://acnhcdn.com/latest/FtrIcon/Orange.png,No,10.0,400.0,500.0,NA,Orange Tree,,0.0,NA,None,None,1.0.0,1.0.0,Orange,2214.0,T54w2hgHB3Edytw3f
orange cosmos,https://acnhcdn.com/latest/MenuIcon/Cosmos4.png,https://acnhcdn.com/latest/FtrIcon/FlwCosmosOrange.png,No,10.0,NFS,80.0,NA,Picking flowers,,87.0,Plants,Orange,Green,1.0.0,1.0.0,FlwCosmosOrange,2871.0,Hvp5sHy7uPHnH2Qda
orange hyacinths,https://acnhcdn.com/latest/MenuIcon/Hyacinth3.png,https://acnhcdn.com/latest/FtrIcon/FlwHyacinthOrange.png,No,10.0,NFS,80.0,NA,Picking flowers,,87.0,Plants,Orange,Green,1.0.0,1.0.0,FlwHyacinthOrange,3741.0,H7pirF6ynSFrpgLMN
orange lilies,https://acnhcdn.com/latest/MenuIcon/Yuri3.png,https://acnhcdn.com/latest/FtrIcon/FlwYuriOrange.png,No,10.0,NFS,80.0,NA,Picking flowers,,87.0,Plants,Orange,Green,1.0.0,1.0.0,FlwYuriOrange,2995.0,Y8kaixfp7SEvzCDCd
orange pansies,https://acnhcdn.com/latest/MenuIcon/Pansi4.png,https://acnhcdn.com/latest/FtrIcon/FlwPansyRedYellow.png,No,10.0,NFS,80.0,NA,Picking flowers,,87.0,Plants,Red,Green,1.0.0,1.0.0,FlwPansyRedYellow,2919.0,atQLxZD4CSqYsaNkM
orange roses,https://acnhcdn.com/latest/MenuIcon/Rose4.png,https://acnhcdn.com/latest/FtrIcon/FlwRoseOrange.png,No,10.0,NFS,80.0,NA,Picking flowers,,87.0,Plants,Orange,Green,1.0.0,1.0.0,FlwRoseOrange,2947.0,MsnwoMvrqgeH2ZrG6
orange tree,https://acnhcdn.com/latest/MenuIcon/PltOrange.png,,No,1.0,NFS,300.0,NA,Planting an orange,,0.0,Plants,None,None,1.0.0,1.0.0,PltOrange4,3365.0,RjcKphnD5xgCxeMFM
orange tulips,https://acnhcdn.com/latest/MenuIcon/Turip6.png,https://acnhcdn.com/latest/FtrIcon/FlwTulipOrange.png,No,10.0,NFS,80.0,NA,Picking flowers,,87.0,Plants,Orange,Green,1.0.0,1.0.0,FlwTulipOrange,2895.0,h9SC924x9vkjSAsBC
orange windflowers,https://acnhcdn.com/latest/MenuIcon/Anemone2.png,https://acnhcdn.com/latest/FtrIcon/FlwAnemonesOrange.png,No,10.0,NFS,40.0,NA,Picking flowers,,87.0,Plants,Orange,Green,1.0.0,1.0.0,FlwAnemonesOrange,3713.0,dCQyoCdY9JFYxHXbR
orange wrapping paper,https://acnhcdn.com/latest/MenuIcon/WPaperOrange.png,https://acnhcdn.com/latest/FtrIcon/WPaperOrange.png,No,10.0,160.0,40.0,NA,Nook's Cranny,,0.0,NA,None,None,1.0.0,1.0.0,WPaperOrange,7685.0,brMQqHjgqsMz5kdtb
orange-cosmos plant,https://acnhcdn.com/latest/MenuIcon/PltCosmos4.png,,No,1.0,NFS,80.0,NA,Red/yellow cosmos,,0.0,Plants,None,None,1.0.0,1.0.0,PltCosmosOrange3,3832.0,ZMn3hzNpMRg9vkW7E
orange-hyacinth plant,https://acnhcdn.com/latest/MenuIcon/PltHyacinth3.png,,No,1.0,NFS,80.0,NA,Red/yellow hyacinths,,0.0,Plants,None,None,1.0.0,1.0.0,PltHyacinthOrange3,3916.0,Qm6vasEvBMXEaWDgF
orange-lily plant,https://acnhcdn.com/latest/MenuIcon/PltYuri3.png,,No,1.0,NFS,80.0,NA,Red/yellow lilies,,0.0,Plants,None,None,1.0.0,1.0.0,PltYuriOrange3,3894.0,b2dp3BnCjLEQTcyHt
orange-pansy plant,https://acnhcdn.com/latest/MenuIcon/PltPansi4.png,,No,1.0,NFS,80.0,NA,Red/yellow pansies,,0.0,Plants,None,None,1.0.0,1.0.0,PltPansyRedYellow3,3856.0,NN4tLZwnXJA7nsQJF
orange-rose plant,https://acnhcdn.com/latest/MenuIcon/PltRose4.png,,No,1.0,NFS,80.0,NA,Red/yellow roses,,0.0,Plants,None,None,1.0.0,1.0.0,PltRoseOrange3,3870.0,WN72HFoZ3fyhwQ5NG
orange-tea-olive bush,https://acnhcdn.com/latest/MenuIcon/PltBushOsmathusOrange.png,,No,1.0,560.0,140.0,NA,Digging up a fully grown bush,,0.0,NA,None,None,1.2.0,1.2.0,PltBushOsmathusOrange2,12482.0,ijnrJoK6XMityJZDM
orange-tea-olive nursery,https://acnhcdn.com/latest/MenuIcon/PltBushOsmathusOrange.png,,No,1.0,280.0,70.0,NA,Planting a bush start,,0.0,NA,None,None,1.2.0,1.2.0,PltBushOsmathusOrange0,12754.0,YiNQSEMBSiYzc45YQ
orange-tea-olive start,https://acnhcdn.com/latest/ShopPlant/SeedBushOsmathusOrange.png,https://acnhcdn.com/latest/FtrIcon/SeedBushOsmathusOrange.png,No,10.0,280.0,70.0,NA,Leif,,0.0,NA,None,None,1.2.0,1.2.0,SeedBushOsmathusOrange,12480.0,QRyD9Q4f7vzqQdeCs
orange-tulip plant,https://acnhcdn.com/latest/MenuIcon/PltTurip6.png,,No,1.0,NFS,80.0,NA,Red/yellow tulips,,0.0,Plants,None,None,1.0.0,1.0.0,PltTulipOrange3,3844.0,iYi6dRqA3vA8fb4oZ
orange-windflower bag,https://acnhcdn.com/latest/MenuIcon/SeedPaperbag3.png,https://acnhcdn.com/latest/FtrIcon/SeedAnemonesOrange.png,No,10.0,240.0,60.0,NA,Nook's Cranny,,0.0,Plants,None,None,1.0.0,1.0.0,SeedAnemonesOrange,3714.0,HuPd5NbyLkkFvigEo
orange-windflower plant,https://acnhcdn.com/latest/MenuIcon/PltAnemone2.png,,No,1.0,NFS,40.0,NA,Seed bag,,0.0,Plants,None,None,1.0.0,1.0.0,PltAnemonesOrange3,3900.0,E9PAkZEzQ3HaJiRqy
peach,https://acnhcdn.com/latest/MenuIcon/Peach.png,https://acnhcdn.com/latest/FtrIcon/Peach.png,No,10.0,400.0,500.0,NA,Peach Tree,,0.0,NA,None,None,1.0.0,1.0.0,Peach,2286.0,qjF3dwhQy3e2LiWtr
peach tree,https://acnhcdn.com/latest/MenuIcon/PltPeach.png,,No,1.0,NFS,300.0,NA,Planting a peach,,0.0,Plants,None,None,1.0.0,1.0.0,PltPeach4,3375.0,jr4TgJyTJyZ933o6T
pear,https://acnhcdn.com/latest/MenuIcon/Pear.png,https://acnhcdn.com/latest/FtrIcon/Pear.png,No,10.0,400.0,500.0,NA,Pear Tree,,0.0,NA,None,None,1.0.0,1.0.0,Pear,2285.0,pnTL7PHd4rtyzkanu
pear tree,https://acnhcdn.com/latest/MenuIcon/PltPear.png,,No,1.0,NFS,300.0,NA,Planting a pear,,0.0,Plants,None,None,1.0.0,1.0.0,PltPear4,3370.0,7kQWGcj7EmNqj8KiL
pearl,https://acnhcdn.com/latest/MenuIcon/Pearl.png,,No,30.0,NFS,10000.0,NA,Diving,,251.0,NA,None,None,1.3.0,1.3.0,Pearl,12968.0,EtiYMntRoS8RN53Rn
pine cone,https://acnhcdn.com/latest/MenuIcon/DIYPinecone.png,https://acnhcdn.com/latest/FtrIcon/DIYPinecone.png,No,30.0,NFS,200.0,NA,Cedar Tree,Shaking; Only available during Fall,0.0,NA,None,None,1.0.0,1.0.0,DIYPinecone,5728.0,pKvkjhsyir2FimNts
pink cosmos,https://acnhcdn.com/latest/MenuIcon/Cosmos3.png,https://acnhcdn.com/latest/FtrIcon/FlwCosmosPink.png,No,10.0,NFS,80.0,NA,Picking flowers,,87.0,Plants,Pink,Green,1.0.0,1.0.0,FlwCosmosPink,2867.0,898Ts8bbEr7iNZzGG
pink hyacinths,https://acnhcdn.com/latest/MenuIcon/Hyacinth4.png,https://acnhcdn.com/latest/FtrIcon/FlwHyacinthPink.png,No,10.0,NFS,80.0,NA,Picking flowers,,87.0,Plants,Pink,Green,1.0.0,1.0.0,FlwHyacinthPink,3738.0,wNbmG4DKhkErfibGX
pink lilies,https://acnhcdn.com/latest/MenuIcon/Yuri4.png,https://acnhcdn.com/latest/FtrIcon/FlwYuriPink.png,No,10.0,NFS,80.0,NA,Picking flowers,,87.0,Plants,Pink,Green,1.0.0,1.0.0,FlwYuriPink,2991.0,kiCkkhX3PNkfauJXo
pink mums,https://acnhcdn.com/latest/MenuIcon/Mum3.png,https://acnhcdn.com/latest/FtrIcon/FlwMumPink.png,No,10.0,NFS,80.0,NA,Picking flowers,,87.0,Plants,Pink,Green,1.0.0,1.0.0,FlwMumPink,3765.0,xNhBxScQvumKJeYDz
pink roses,https://acnhcdn.com/latest/MenuIcon/Rose3.png,https://acnhcdn.com/latest/FtrIcon/FlwRosePink.png,No,10.0,NFS,80.0,NA,Picking flowers,,87.0,Plants,Pink,Green,1.0.0,1.0.0,FlwRosePink,2943.0,Y3XgoGJjbP4FARKP8
pink tulips,https://acnhcdn.com/latest/MenuIcon/Turip3.png,https://acnhcdn.com/latest/FtrIcon/FlwTulipPink.png,No,10.0,NFS,80.0,NA,Picking flowers,,87.0,Plants,Pink,Green,1.0.0,1.0.0,FlwTulipPink,2891.0,xsXifs2QAihKWQneZ
pink windflowers,https://acnhcdn.com/latest/MenuIcon/Anemone3.png,https://acnhcdn.com/latest/FtrIcon/FlwAnemonesPink.png,No,10.0,NFS,80.0,NA,Picking flowers,,87.0,Plants,Pink,Green,1.0.0,1.0.0,FlwAnemonesPink,3720.0,ap2QtwXRXd3rCw99D
pink wrapping paper,https://acnhcdn.com/latest/MenuIcon/WPaperPink.png,https://acnhcdn.com/latest/FtrIcon/WPaperPink.png,No,10.0,160.0,40.0,NA,Nook's Cranny,,0.0,NA,None,None,1.0.0,1.0.0,WPaperPink,7684.0,nRfsjMz6ctyb5gpGt
pink-azalea bush,https://acnhcdn.com/latest/MenuIcon/PltAzaleaPink.png,,No,1.0,560.0,140.0,NA,Digging up a fully grown bush,,0.0,NA,None,None,1.2.0,1.2.0,PltAzaleaPink2,3788.0,jy3SJweiZ5ketX4zg
pink-azalea nursery,https://acnhcdn.com/latest/MenuIcon/PltAzaleaPink.png,,No,1.0,280.0,70.0,NA,Planting a bush start,,0.0,NA,None,None,1.2.0,1.2.0,PltAzaleaPink0,12748.0,Ez7WK3mA2WD5CeyHb
pink-azalea start,https://acnhcdn.com/latest/ShopPlant/SeedAzaleaPink.png,https://acnhcdn.com/latest/FtrIcon/SeedAzaleaPink.png,No,10.0,280.0,70.0,NA,Leif,,0.0,NA,None,None,1.2.0,1.2.0,SeedAzaleaPink,3786.0,R69MFoTNoTFaAFokq
pink-camellia bush,https://acnhcdn.com/latest/MenuIcon/PltBushCamelliaPink.png,,No,1.0,560.0,140.0,NA,Digging up a fully grown bush,,0.0,NA,None,None,1.2.0,1.2.0,PltBushCamelliaPink2,12492.0,tKaeYZdRmGtTShfmH
pink-camellia nursery,https://acnhcdn.com/latest/MenuIcon/PltBushCamelliaPink.png,,No,1.0,280.0,70.0,NA,Planting a bush start,,0.0,NA,None,None,1.2.0,1.2.0,PltBushCamelliaPink0,12756.0,dCLfqkekaY3tAFmvc
pink-camellia start,https://acnhcdn.com/latest/ShopPlant/SeedBushCamelliaPink.png,https://acnhcdn.com/latest/FtrIcon/SeedBushCamelliaPink.png,No,10.0,280.0,70.0,NA,Leif,,0.0,NA,None,None,1.2.0,1.2.0,SeedBushCamelliaPink,12490.0,nWKkXpxtQqLCtmPEG
pink-cosmos plant,https://acnhcdn.com/latest/MenuIcon/PltCosmos3.png,,No,1.0,NFS,80.0,NA,Red/white cosmos,,0.0,Plants,None,None,1.0.0,1.0.0,PltCosmosPink3,3830.0,sPeds6o4kAXvts6mc
pink-hyacinth plant,https://acnhcdn.com/latest/MenuIcon/PltHyacinth4.png,,No,1.0,NFS,80.0,NA,Red/white hyacinths,,0.0,Plants,None,None,1.0.0,1.0.0,PltHyacinthPink3,3914.0,3w8JnddzGnc2yb4LF
pink-hydrangea bush,https://acnhcdn.com/latest/MenuIcon/PltHydrangeaPink.png,,No,1.0,560.0,140.0,NA,Digging up a fully grown bush,,0.0,NA,None,None,1.2.0,1.2.0,PltHydrangeaPink2,3796.0,t3sEjgXcrmrJ9WbS7
pink-hydrangea nursery,https://acnhcdn.com/latest/MenuIcon/PltHydrangeaPink.png,,No,1.0,280.0,70.0,NA,Planting a bush start,,0.0,NA,None,None,1.2.0,1.2.0,PltHydrangeaPink0,12750.0,6FZYjcB7o4msQZhhM
pink-hydrangea start,https://acnhcdn.com/latest/ShopPlant/SeedHydrangeaPink.png,https://acnhcdn.com/latest/FtrIcon/SeedHydrangeaPink.png,No,10.0,280.0,70.0,NA,Leif,,0.0,NA,None,None,1.2.0,1.2.0,SeedHydrangeaPink,3794.0,MeN5MT4W7J4dbcWcC
pink-lily plant,https://acnhcdn.com/latest/MenuIcon/PltYuri4.png,,No,1.0,NFS,80.0,NA,Red/white lilies,,0.0,Plants,None,None,1.0.0,1.0.0,PltYuriPink3,3892.0,iRrTAcjkNBukdsAQm
pink-mum plant,https://acnhcdn.com/latest/MenuIcon/PltMum3.png,,No,1.0,NFS,80.0,NA,Red/white mums,,0.0,Plants,None,None,1.0.0,1.0.0,PltMumPink3,3930.0,yP44c6mMQC7u5udxv
pink-rose plant,https://acnhcdn.com/latest/MenuIcon/PltRose3.png,,No,1.0,NFS,80.0,NA,Red/white roses,,0.0,Plants,None,None,1.0.0,1.0.0,PltRosePink3,3868.0,wpLag9jyPSoMr6wcW
pink-tulip plant,https://acnhcdn.com/latest/MenuIcon/PltTurip3.png,,No,1.0,NFS,80.0,NA,Red/white tulips,,0.0,Plants,None,None,1.0.0,1.0.0,PltTulipPink3,3842.0,usSvXn26PTCuavTHo
pink-windflower plant,https://acnhcdn.com/latest/MenuIcon/PltAnemone3.png,,No,1.0,NFS,80.0,NA,Red/orange windflowers,,0.0,Plants,None,None,1.0.0,1.0.0,PltAnemonesPink3,3904.0,YJfanQias2fdR9t9X
Pisces fragment,https://acnhcdn.com/latest/MenuIcon/StarpiecePisces.png,https://acnhcdn.com/latest/FtrIcon/StarpiecePisces.png,No,10.0,NFS,500.0,NA,Wishing on shooting stars,"Only available during the Pisces Zodiac, February 19 - March 20",0.0,NA,None,None,1.0.0,1.0.0,StarpiecePisces,5987.0,nCwjX8yHBFefjAion
pitfall seed,https://acnhcdn.com/latest/MenuIcon/SeedPitfall.png,https://acnhcdn.com/latest/FtrIcon/PitfallSeed.png,Yes,10.0,NFS,140.0,NA,Crafting,,0.0,NA,None,None,1.0.0,1.0.0,PitfallSeed,2578.0,HYdEMJJQXzoudrWDT
plot 1 housing kit,https://acnhcdn.com/latest/MenuIcon/TentWhite.png,,No,1.0,NFS,NA,NA,Tom Nook,,0.0,NA,None,None,1.0.0,1.0.0,HousingKitRcoQuestA,5827.0,2JkqabfsQ26vYe7Fp
plot 2 housing kit,https://acnhcdn.com/latest/MenuIcon/TentWhite.png,,No,1.0,NFS,NA,NA,Tom Nook,,0.0,NA,None,None,1.0.0,1.0.0,HousingKitRcoQuestB,5828.0,h63H2kQtzWceBt57Y
plot 3 housing kit,https://acnhcdn.com/latest/MenuIcon/TentWhite.png,,No,1.0,NFS,NA,NA,Tom Nook,,0.0,NA,None,None,1.0.0,1.0.0,HousingKitRcoQuestC,5829.0,5JGfxP3vczLy755Y4
Pocket Organization Guide,https://acnhcdn.com/latest/MenuIcon/HowtoBookExpansion.png,,No,1.0,NFS,NA,5000.0,Nook Miles Redemption,,0.0,NA,None,None,1.0.0,1.0.0,HowtoBookPocketExpansion,9052.0,rMYGGvqwXxrzrA2FG
present,https://acnhcdn.com/latest/MenuIcon/Present.png,,No,1.0,NFS,222.0,NA,Mail,,0.0,Seasonal Decor,None,None,1.0.0,1.0.0,DummyPresentbox,4480.0,eKkBqvy3TwbZbNQWZ
present (black),https://acnhcdn.com/latest/MenuIcon/WBagBlack.png,https://acnhcdn.com/latest/FtrIcon/DummyWrappingBlack.png,No,1.0,NFS,NA,NA,Wrapping a present,,0.0,NA,None,None,1.0.0,1.0.0,DummyWrappingBlack,7714.0,Fz8reyFJoWrSLQSvq
present (blue),https://acnhcdn.com/latest/MenuIcon/WBagBlue.png,https://acnhcdn.com/latest/FtrIcon/DummyWrappingBlue.png,No,1.0,NFS,NA,NA,Wrapping a present,,0.0,NA,None,None,1.0.0,1.0.0,DummyWrappingBlue,7708.0,f38mKJ6yzmhtjyWXS
present (brown),https://acnhcdn.com/latest/MenuIcon/WBagBrown.png,https://acnhcdn.com/latest/FtrIcon/DummyWrappingBrown.png,No,1.0,NFS,NA,NA,Wrapping a present,,0.0,NA,None,None,1.0.0,1.0.0,DummyWrappingBrown,7712.0,hwkpJC9vq2AYKrhqe
present (chartreuse),https://acnhcdn.com/latest/MenuIcon/WBagLightGreen.png,https://acnhcdn.com/latest/FtrIcon/DummyWrappingLightGreen.png,No,1.0,NFS,NA,NA,Wrapping a present,,0.0,NA,None,None,1.0.0,1.0.0,DummyWrappingLightGreen,7702.0,78JwZftyosktxaKyQ
present (gold),https://acnhcdn.com/latest/MenuIcon/WBagGold.png,https://acnhcdn.com/latest/FtrIcon/DummyWrappingGold.png,No,1.0,NFS,NA,NA,Wrapping a present,,0.0,NA,None,None,1.0.0,1.0.0,DummyWrappingGold,7711.0,JzsQLAwTvEPAZ2f9x
present (gray),https://acnhcdn.com/latest/MenuIcon/WBagGary.png,https://acnhcdn.com/latest/FtrIcon/DummyWrappingGary.png,No,1.0,NFS,NA,NA,Wrapping a present,,0.0,NA,None,None,1.0.0,1.0.0,DummyWrappingGary,7713.0,fw5ehh62f4u6rvQbw
present (green),https://acnhcdn.com/latest/MenuIcon/WBagGreen.png,https://acnhcdn.com/latest/FtrIcon/DummyWrappingGreen.png,No,1.0,NFS,NA,NA,Wrapping a present,,0.0,NA,None,None,1.0.0,1.0.0,DummyWrappingGreen,7703.0,9uhhf44dFKeQ4b5zP
present (light-blue),https://acnhcdn.com/latest/MenuIcon/WBagLightBlue.png,https://acnhcdn.com/latest/FtrIcon/DummyWrappingLightBlue.png,No,1.0,NFS,NA,NA,Wrapping a present,,0.0,NA,None,None,1.0.0,1.0.0,DummyWrappingLightBlue,7705.0,gFWMoXzFEjAaBkoFi
present (mint),https://acnhcdn.com/latest/MenuIcon/WBagMint.png,https://acnhcdn.com/latest/FtrIcon/DummyWrappingMint.png,No,1.0,NFS,NA,NA,Wrapping a present,,0.0,NA,None,None,1.0.0,1.0.0,DummyWrappingMint,7704.0,uWkGsjeN7twxbeXLR
present (navy),https://acnhcdn.com/latest/MenuIcon/WBagNavy.png,https://acnhcdn.com/latest/FtrIcon/DummyWrappingNavy.png,No,1.0,NFS,NA,NA,Wrapping a present,,0.0,NA,None,None,1.0.0,1.0.0,DummyWrappingNavy,7707.0,YeKbW5aZJbTqDGemJ
present (orange),https://acnhcdn.com/latest/MenuIcon/WBagOrange.png,https://acnhcdn.com/latest/FtrIcon/DummyWrappingOrange.png,No,1.0,NFS,NA,NA,Wrapping a present,,0.0,NA,None,None,1.0.0,1.0.0,DummyWrappingOrange,7701.0,nHGaD5m8mC7s7CXvL
present (pink),https://acnhcdn.com/latest/MenuIcon/WBagPink.png,https://acnhcdn.com/latest/FtrIcon/DummyWrappingPink.png,No,1.0,NFS,NA,NA,Wrapping a present,,0.0,NA,None,None,1.0.0,1.0.0,DummyWrappingPink,7700.0,pvtYwhqa379pE76XE
present (purple),https://acnhcdn.com/latest/MenuIcon/WBagPurple.png,https://acnhcdn.com/latest/FtrIcon/DummyWrappingPurple.png,No,1.0,NFS,NA,NA,Wrapping a present,,0.0,NA,None,None,1.0.0,1.0.0,DummyWrappingPurple,7706.0,7hrL79hJbARyu7ipm
present (red),https://acnhcdn.com/latest/MenuIcon/WBagRed.png,https://acnhcdn.com/latest/FtrIcon/DummyWrappingRed.png,No,1.0,NFS,NA,NA,Wrapping a present,,0.0,NA,None,None,1.0.0,1.0.0,DummyWrappingRed,7710.0,id6zFR4kWdzBig22Z
present (white),https://acnhcdn.com/latest/MenuIcon/WBagWhite.png,https://acnhcdn.com/latest/FtrIcon/DummyWrappingWhite.png,No,1.0,NFS,NA,NA,Wrapping a present,,0.0,NA,None,None,1.0.0,1.0.0,DummyWrappingWhite,7709.0,a5AhJAfzsgzgTfMty
present (yellow),https://acnhcdn.com/latest/MenuIcon/WBagYellow.png,https://acnhcdn.com/latest/FtrIcon/DummyWrappingYellow.png,No,1.0,NFS,NA,NA,Wrapping a present,,0.0,NA,None,None,1.0.0,1.0.0,DummyWrappingYellow,7699.0,BammpXwkmiSSZ7uxz
Pretty Good Tools Recipes,https://acnhcdn.com/latest/MenuIcon/BookRecipe.png,,No,1.0,NFS,NA,3000.0,Nook Miles Redemption,,0.0,NA,None,None,1.0.0,1.0.0,DIYbookNormalTools,9221.0,qX2D6tr7ba6exWbPj
purple hyacinths,https://acnhcdn.com/latest/MenuIcon/Hyacinth5.png,https://acnhcdn.com/latest/FtrIcon/FlwHyacinthPurple.png,No,10.0,NFS,240.0,NA,Picking flowers,,87.0,Plants,Purple,Green,1.0.0,1.0.0,FlwHyacinthPurple,3751.0,9F9TFje8ycfZHtGwb
purple mums,https://acnhcdn.com/latest/MenuIcon/Mum5.png,https://acnhcdn.com/latest/FtrIcon/FlwMumPurple.png,No,10.0,NFS,80.0,NA,Picking flowers,,87.0,Plants,Purple,Green,1.0.0,1.0.0,FlwMumPurple,3762.0,Cx4oGE5eG4dByu52t
purple pansies,https://acnhcdn.com/latest/MenuIcon/Pansi3.png,https://acnhcdn.com/latest/FtrIcon/FlwPansyPurple.png,No,10.0,NFS,240.0,NA,Picking flowers,,87.0,Plants,Purple,Green,1.0.0,1.0.0,FlwPansyPurple,2923.0,j7gZeSSTHAcNjGTz7
purple roses,https://acnhcdn.com/latest/MenuIcon/Rose5.png,https://acnhcdn.com/latest/FtrIcon/FlwRosePurple.png,No,10.0,NFS,240.0,NA,Picking flowers,,87.0,Plants,Purple,Green,1.0.0,1.0.0,FlwRosePurple,2951.0,7YDMvyAt4FvfmZzpX
purple tulips,https://acnhcdn.com/latest/MenuIcon/Turip4.png,https://acnhcdn.com/latest/FtrIcon/FlwTulipPurple.png,No,10.0,NFS,240.0,NA,Picking flowers,,87.0,Plants,Purple,Green,1.0.0,1.0.0,FlwTulipPurple,2899.0,ifT7cGFbysTHCWFES
purple windflowers,https://acnhcdn.com/latest/MenuIcon/Anemone4.png,https://acnhcdn.com/latest/FtrIcon/FlwAnemonesPurple.png,No,10.0,NFS,240.0,NA,Picking flowers,,87.0,Plants,Purple,Green,1.0.0,1.0.0,FlwAnemonesPurple,3727.0,k8fi3AsuMB335GrxH
purple wrapping paper,https://acnhcdn.com/latest/MenuIcon/WPaperPurple.png,https://acnhcdn.com/latest/FtrIcon/WPaperPurple.png,No,10.0,160.0,40.0,NA,Nook's Cranny,,0.0,NA,None,None,1.0.0,1.0.0,WPaperPurple,7690.0,XYFjS9w89jxHJTJks
purple-hyacinth plant,https://acnhcdn.com/latest/MenuIcon/PltHyacinth5.png,,No,1.0,NFS,240.0,NA,Blue/blue hyacinths,,0.0,Plants,None,None,1.0.0,1.0.0,PltHyacinthPurple3,3922.0,25W3Z8QHvkuxynosQ
purple-mum plant,https://acnhcdn.com/latest/MenuIcon/PltMum5.png,,No,1.0,NFS,80.0,NA,White/white mums,,0.0,Plants,None,None,1.0.0,1.0.0,PltMumPurple3,3928.0,h5JsnSkRkX5nHgvkJ
purple-pansy plant,https://acnhcdn.com/latest/MenuIcon/PltPansi3.png,,No,1.0,NFS,240.0,NA,Blue/blue pansies,,0.0,Plants,None,None,1.0.0,1.0.0,PltPansyPurple3,3858.0,TRTMbvSzctgwWM6is
purple-rose plant,https://acnhcdn.com/latest/MenuIcon/PltRose5.png,,No,1.0,NFS,240.0,NA,White/white roses,,0.0,Plants,None,None,1.0.0,1.0.0,PltRosePurple3,3872.0,o8Z9gXXxjwrerp3Xm
purple-tulip plant,https://acnhcdn.com/latest/MenuIcon/PltTurip4.png,,No,1.0,NFS,240.0,NA,Orange/orange tulips,,0.0,Plants,None,None,1.0.0,1.0.0,PltTulipPurple3,3846.0,P5kEKdgi4EkF3Fxge
purple-windflower plant,https://acnhcdn.com/latest/MenuIcon/PltAnemone4.png,,No,1.0,NFS,240.0,NA,"Blue/blue windflowers
Blue/pink windflowers",,0.0,Plants,None,None,1.0.0,1.0.0,PltAnemonesPurple3,3908.0,K2PvXjrjRrJcxWKDZ
rare mushroom,https://acnhcdn.com/latest/MenuIcon/Mush4.png,https://acnhcdn.com/latest/FtrIcon/MushRare.png,No,10.0,NFS,16000.0,NA,Dig Spot,Near cedar and hardwood trees; Only available during Mushroom Season,0.0,NA,None,None,1.0.0,1.0.0,MushRare,3280.0,TBrdJZWSzGth68Hs9
red cosmos,https://acnhcdn.com/latest/MenuIcon/Cosmos1.png,https://acnhcdn.com/latest/FtrIcon/FlwCosmosRed.png,No,10.0,NFS,40.0,NA,Picking flowers,,87.0,Plants,Red,Green,1.0.0,1.0.0,FlwCosmosRed,2304.0,df2GEMdr8rzF848iG
red hyacinths,https://acnhcdn.com/latest/MenuIcon/Hyacinth2.png,https://acnhcdn.com/latest/FtrIcon/FlwHyacinthRed.png,No,10.0,NFS,40.0,NA,Picking flowers,,87.0,Plants,Red,Green,1.0.0,1.0.0,FlwHyacinthRed,3744.0,ch44Hxnuhc4xFnaGq
red lilies,https://acnhcdn.com/latest/MenuIcon/Yuri2.png,https://acnhcdn.com/latest/FtrIcon/FlwYuriRed.png,No,10.0,NFS,40.0,NA,Picking flowers,,87.0,Plants,Red,Green,1.0.0,1.0.0,FlwYuriRed,2983.0,Ccbkzs9BxFwttCGux
red mums,https://acnhcdn.com/latest/MenuIcon/Mum2.png,https://acnhcdn.com/latest/FtrIcon/FlwMumRed.png,No,10.0,NFS,40.0,NA,Picking flowers,,87.0,Plants,Red,Green,1.0.0,1.0.0,FlwMumRed,3768.0,YbZtSHeqdMEZfvMSj
red ornament,https://acnhcdn.com/latest/MenuIcon/ChristmasOrnamentA.png,https://acnhcdn.com/latest/FtrIcon/DIYOrnamentRed.png,No,30.0,NFS,50.0,NA,Cedar Tree,Shaking decorated trees; Only available during Festive Season,0.0,NA,None,None,1.0.0,1.0.0,DIYOrnamentRed,5730.0,n7d3HHquNv3trZZ6a
red pansies,https://acnhcdn.com/latest/MenuIcon/Pansi2.png,https://acnhcdn.com/latest/FtrIcon/FlwPansyRed.png,No,10.0,NFS,40.0,NA,Picking flowers,,87.0,Plants,Red,Green,1.0.0,1.0.0,FlwPansyRed,2911.0,nifAbNAEXppAEJ2Rc
red roses,https://acnhcdn.com/latest/MenuIcon/Rose0.png,https://acnhcdn.com/latest/FtrIcon/FlwRoseRed.png,No,10.0,NFS,40.0,NA,Picking flowers,,87.0,Plants,Red,Green,1.0.0,1.0.0,FlwRoseRed,2935.0,6whx4t9k8aztJN6a4
red tulips,https://acnhcdn.com/latest/MenuIcon/Turip0.png,https://acnhcdn.com/latest/FtrIcon/FlwTulipRed.png,No,10.0,NFS,40.0,NA,Picking flowers,,87.0,Plants,Red,Green,1.0.0,1.0.0,FlwTulipRed,2883.0,wbJwAKy9SJsuWeHLn
red windflowers,https://acnhcdn.com/latest/MenuIcon/Anemone1.png,https://acnhcdn.com/latest/FtrIcon/FlwAnemonesRed.png,No,10.0,NFS,40.0,NA,Picking flowers,,87.0,Plants,Red,Green,1.0.0,1.0.0,FlwAnemonesRed,3723.0,JRcjMczbQ6geDSWDb
red wrapping paper,https://acnhcdn.com/latest/MenuIcon/WPaperRed.png,https://acnhcdn.com/latest/FtrIcon/WPaperRed.png,No,10.0,160.0,40.0,NA,Nook's Cranny,,0.0,NA,None,None,1.0.0,1.0.0,WPaperRed,7694.0,AN7s2Q67gmpxy89Tv
red-camellia bush,https://acnhcdn.com/latest/MenuIcon/PltBushCamelliaRed.png,,No,1.0,560.0,140.0,NA,Digging up a fully grown bush,,0.0,NA,None,None,1.2.0,1.2.0,PltBushCamelliaRed2,12489.0,wBA9LGru4uetCqQsx
red-camellia nursery,https://acnhcdn.com/latest/MenuIcon/PltBushCamelliaRed.png,,No,1.0,280.0,70.0,NA,Planting a bush start,,0.0,NA,None,None,1.2.0,1.2.0,PltBushCamelliaRed0,12755.0,LPkQdZzHsh3qM3d5y
red-camellia start,https://acnhcdn.com/latest/ShopPlant/SeedBushCamelliaRed.png,https://acnhcdn.com/latest/FtrIcon/SeedBushCamelliaRed.png,No,10.0,280.0,70.0,NA,Leif,,0.0,NA,None,None,1.2.0,1.2.0,SeedBushCamelliaRed,12487.0,wZBBMZvxkDz22tpLo
red-cosmos bag,https://acnhcdn.com/latest/MenuIcon/SeedPaperbag0.png,https://acnhcdn.com/latest/FtrIcon/SeedCosmosRed.png,No,10.0,240.0,60.0,NA,Nook's Cranny,,0.0,Plants,None,None,1.0.0,1.0.0,SeedCosmosRed,2626.0,uSN5GeiPFdq4sXM9p
red-cosmos plant,https://acnhcdn.com/latest/MenuIcon/PltCosmos1.png,,No,1.0,NFS,40.0,NA,Seed bag,,0.0,Plants,None,None,1.0.0,1.0.0,PltCosmosRed3,3824.0,6DQtRdnKv3wncjoLn
red-hibiscus bush,https://acnhcdn.com/latest/MenuIcon/PltHibiscusRed.png,,No,1.0,560.0,140.0,NA,Digging up a fully grown bush,,0.0,NA,None,None,1.2.0,1.2.0,PltHibiscusRed2,3022.0,9L4XDnErnxfq4WzYC
red-hibiscus nursery,https://acnhcdn.com/latest/MenuIcon/PltHibiscusRed.png,,No,1.0,280.0,70.0,NA,Planting a bush start,,0.0,NA,None,None,1.2.0,1.2.0,PltHibiscusRed0,12752.0,5e9BLEje6guhmNMuk
red-hibiscus start,https://acnhcdn.com/latest/ShopPlant/SeedHibiscusRed.png,https://acnhcdn.com/latest/FtrIcon/SeedHibiscusRed.png,No,10.0,280.0,70.0,NA,Leif,,0.0,NA,None,None,1.2.0,1.2.0,SeedHibiscusRed,3019.0,fru8KaSmhXoKiPmxJ
red-hyacinth bag,https://acnhcdn.com/latest/MenuIcon/SeedPaperbag0.png,https://acnhcdn.com/latest/FtrIcon/SeedHyacinthRed.png,No,10.0,240.0,60.0,NA,Nook's Cranny,,0.0,Plants,None,None,1.0.0,1.0.0,SeedHyacinthRed,3745.0,4hfNdxNQWkQ9qf6QN
red-hyacinth plant,https://acnhcdn.com/latest/MenuIcon/PltHyacinth2.png,,No,1.0,NFS,40.0,NA,Seed bag,,0.0,Plants,None,None,1.0.0,1.0.0,PltHyacinthRed3,3918.0,2NJn5Znkpfj3PZ3h4
red-lily bag,https://acnhcdn.com/latest/MenuIcon/SeedPaperbag0.png,https://acnhcdn.com/latest/FtrIcon/SeedYuriRed.png,No,10.0,240.0,60.0,NA,Nook's Cranny,,0.0,Plants,None,None,1.0.0,1.0.0,SeedYuriRed,2984.0,6omvRhe5bmd4Abd3z
red-lily plant,https://acnhcdn.com/latest/MenuIcon/PltYuri2.png,,No,1.0,NFS,40.0,NA,Seed bag,,0.0,Plants,None,None,1.0.0,1.0.0,PltYuriRed3,3888.0,FpdTm8BJu2va7bxe3
red-mum bag,https://acnhcdn.com/latest/MenuIcon/SeedPaperbag0.png,https://acnhcdn.com/latest/FtrIcon/SeedMumRed.png,No,10.0,240.0,60.0,NA,Nook's Cranny,,0.0,Plants,None,None,1.0.0,1.0.0,SeedMumRed,3769.0,BZzzrHDtZyDqP9Jot
red-mum plant,https://acnhcdn.com/latest/MenuIcon/PltMum2.png,,No,1.0,NFS,40.0,NA,Seed bag,,0.0,Plants,None,None,1.0.0,1.0.0,PltMumRed3,3932.0,pdhzKEEKEWtCGLMj7
red-pansy bag,https://acnhcdn.com/latest/MenuIcon/SeedPaperbag0.png,https://acnhcdn.com/latest/FtrIcon/SeedPansyRed.png,No,10.0,240.0,60.0,NA,Nook's Cranny,,0.0,Plants,None,None,1.0.0,1.0.0,SeedPansyRed,2912.0,H2phax8XGcyfsxHyM
red-pansy plant,https://acnhcdn.com/latest/MenuIcon/PltPansi2.png,,No,1.0,NFS,40.0,NA,Seed bag,,0.0,Plants,None,None,1.0.0,1.0.0,PltPansyRed3,3852.0,BQJWgPE6ouCBiNoZn
red-rose bag,https://acnhcdn.com/latest/MenuIcon/SeedPaperbag0.png,https://acnhcdn.com/latest/FtrIcon/SeedRoseRed.png,No,10.0,240.0,60.0,NA,Nook's Cranny,,0.0,Plants,None,None,1.0.0,1.0.0,SeedRoseRed,2936.0,e7SNQmbsXKT3pkkzS
red-rose plant,https://acnhcdn.com/latest/MenuIcon/PltRose0.png,,No,1.0,NFS,40.0,NA,Seed bag,,0.0,Plants,None,None,1.0.0,1.0.0,PltRoseRed3,3864.0,A8c3nW23t98zEzuPY
red-tulip bag,https://acnhcdn.com/latest/MenuIcon/SeedPaperbag0.png,https://acnhcdn.com/latest/FtrIcon/SeedTulipRed.png,No,10.0,240.0,60.0,NA,Nook's Cranny,,0.0,Plants,None,None,1.0.0,1.0.0,SeedTulipRed,2884.0,6WnmQcHeeC9MAELud
red-tulip plant,https://acnhcdn.com/latest/MenuIcon/PltTurip0.png,,No,1.0,NFS,40.0,NA,Seed bag,,0.0,Plants,None,None,1.0.0,1.0.0,PltTulipRed3,3838.0,vq6FQiZSEprG7z24A
red-windflower bag,https://acnhcdn.com/latest/MenuIcon/SeedPaperbag0.png,https://acnhcdn.com/latest/FtrIcon/SeedAnemonesRed.png,No,10.0,240.0,60.0,NA,Nook's Cranny,,0.0,Plants,None,None,1.0.0,1.0.0,SeedAnemonesRed,3724.0,gstfXhxq6i9XsQeMu
red-windflower plant,https://acnhcdn.com/latest/MenuIcon/PltAnemone1.png,,No,1.0,NFS,40.0,NA,Seed bag,,0.0,Plants,None,None,1.0.0,1.0.0,PltAnemonesRed3,3906.0,R8JKJkD6gjEK548a2
round mushroom,https://acnhcdn.com/latest/MenuIcon/Mush1.png,https://acnhcdn.com/latest/FtrIcon/MushRound.png,No,10.0,NFS,200.0,NA,On ground,Only available during Mushroom Season,0.0,NA,None,None,1.0.0,1.0.0,MushRound,3277.0,x8LdsoLTpK3eNLsLP
rusted part,https://acnhcdn.com/latest/MenuIcon/JohnnyQuestDust1.png,https://acnhcdn.com/latest/FtrIcon/JohnnyQuestDust1.png,No,10.0,NFS,10.0,NA,Recycle Box,,0.0,NA,None,None,1.0.0,1.0.0,JohnnyQuestDust1,2389.0,eNswgjstdGpp6XoKz
Sagittarius fragment,https://acnhcdn.com/latest/MenuIcon/StarpieceSagittarius.png,https://acnhcdn.com/latest/FtrIcon/StarpieceSagittarius.png,No,10.0,NFS,500.0,NA,Wishing on shooting stars,"Only available during the Sagittarius Zodiac, November 23 - December 22",0.0,NA,None,None,1.0.0,1.0.0,StarpieceSagittarius,5996.0,9R62eP8SNmyp2BKCw
Saharah Ticket,https://acnhcdn.com/latest/MenuIcon/RollanTicket.png,https://acnhcdn.com/latest/FtrIcon/RollanTicket.png,No,5.0,NFS,100.0,NA,Saharah,,0.0,NA,None,None,1.0.0,1.0.0,RollanTicket,9261.0,hcEpSZjo7pxbNQ4B9
sand dollar,https://acnhcdn.com/latest/MenuIcon/Shell8.png,https://acnhcdn.com/latest/FtrIcon/ShellDriftSanddollar.png,No,10.0,NFS,120.0,NA,Beach,,0.0,NA,None,None,1.0.0,1.0.0,ShellDriftSanddollar,1379.0,7QMCD99jYqLWHvEnR
sand path permit,https://acnhcdn.com/latest/MenuIcon/Helmet.png,,No,1.0,NFS,NA,2000.0,Nook Miles Redemption,Found under the Special tab of the Nook Miles Redemption service.,0.0,NA,None,None,1.0.0,1.0.0,FtrGroundMakerSand,8777.0,Pw8J67aWPkpfyd2Wa
sapling,https://acnhcdn.com/latest/MenuIcon/Seedling.png,https://acnhcdn.com/latest/FtrIcon/SeedOak.png,No,10.0,640.0,160.0,NA,Nook's Cranny,,0.0,Plants,None,None,1.0.0,1.0.0,SeedOak,2794.0,cD3cQwuLBqLJe2WeM
Scorpius fragment,https://acnhcdn.com/latest/MenuIcon/StarpieceScorpio.png,https://acnhcdn.com/latest/FtrIcon/StarpieceScorpio.png,No,10.0,NFS,500.0,NA,Wishing on shooting stars,"Only available during the Scorpius Zodiac, October 24 - November 22",0.0,NA,None,None,1.0.0,1.0.0,StarpieceScorpio,5995.0,qGiMqtK2j3TsC7bNu
sea snail,https://acnhcdn.com/latest/MenuIcon/Shell6.png,https://acnhcdn.com/latest/FtrIcon/ShellDriftEbisu.png,No,10.0,NFS,180.0,NA,Beach,,0.0,NA,None,None,1.0.0,1.0.0,ShellDriftEbisu,1374.0,5wagvDKnQqp7a3xWD
shop construction kit,https://acnhcdn.com/latest/MenuIcon/TentWhite.png,,No,1.0,NFS,NA,NA,Tom Nook,,0.0,NA,None,None,1.0.0,1.0.0,ShopTent,2756.0,GgwtWhgJSRb3E4gFt
shop moving kit,https://acnhcdn.com/latest/MenuIcon/TentWhite.png,,No,1.0,NFS,NA,NA,Tom Nook,,0.0,NA,None,None,1.0.0,1.0.0,MovingKitShop,5360.0,9LmRipQ63jBZ3CGWq
skinny mushroom,https://acnhcdn.com/latest/MenuIcon/Mush2.png,https://acnhcdn.com/latest/FtrIcon/MushSlender.png,No,10.0,NFS,300.0,NA,On ground,Only available during Mushroom Season,0.0,NA,None,None,1.0.0,1.0.0,MushSlender,3278.0,y2htnyw8eDSR8JHJg
sky egg,https://acnhcdn.com/latest/MenuIcon/EggSky.png,https://acnhcdn.com/latest/FtrIcon/EggSky.png,No,30.0,NFS,200.0,NA,Egg balloon,Only available during Bunny Day,0.0,NA,None,None,1.1.0,1.1.0a,EggSky,12513.0,SLJ273SKGouTZWTzY
snowflake,https://acnhcdn.com/latest/MenuIcon/SnowCrystal.png,https://acnhcdn.com/latest/FtrIcon/SnowCrystal.png,No,10.0,NFS,200.0,NA,Catching with a net,Only available during Winter,0.0,NA,None,None,1.0.0,1.0.0,SnowCrystal,3539.0,Ru7DDSmgAT9dxL8cL
softwood,https://acnhcdn.com/latest/MenuIcon/DIYWoodSoft.png,https://acnhcdn.com/latest/FtrIcon/DIYWoodSoft.png,No,30.0,NFS,60.0,NA,Chopping a tree,,0.0,NA,None,None,1.0.0,1.0.0,DIYWoodSoft,2767.0,uP3kCjbqrmTKeo2Ya
spoiled turnips,https://acnhcdn.com/latest/MenuIcon/BadKabu.png,https://acnhcdn.com/latest/FtrIcon/Kabu_Spoil.png,No,1.0,NFS,100.0,NA,Expired turnips,,0.0,NA,None,None,1.0.0,1.0.0,Kabu_Spoil,2642.0,xPacPLbSrKbYSjBAd
star fragment,https://acnhcdn.com/latest/MenuIcon/StarPiece.png,https://acnhcdn.com/latest/FtrIcon/Starpiece.png,No,10.0,NFS,250.0,NA,Wishing on shooting stars,,0.0,NA,None,None,1.0.0,1.0.0,Starpiece,5983.0,Fy2vYDWHtktFPiRjz
stone,https://acnhcdn.com/latest/MenuIcon/OreStone.png,https://acnhcdn.com/latest/FtrIcon/DIYStone.png,No,30.0,NFS,75.0,NA,Hitting a rock; Fishing,X-Small shadow when fishing,0.0,NA,None,None,1.0.0,1.0.0,DIYStone,2502.0,rQ38YPKd7g8fCBqRC
stone egg,https://acnhcdn.com/latest/MenuIcon/EggRock.png,https://acnhcdn.com/latest/FtrIcon/EggRock.png,No,30.0,NFS,200.0,NA,Hitting a rock,Only available during Bunny Day,0.0,NA,None,None,1.1.0,1.1.0a,EggRock,12510.0,fHsLgaoNxhWY7BGqm
stone path permit,https://acnhcdn.com/latest/MenuIcon/Helmet.png,,No,1.0,NFS,NA,2000.0,Nook Miles Redemption,Found under the Special tab of the Nook Miles Redemption service.,0.0,NA,None,None,1.0.0,1.0.0,FtrGroundMakerStone,8773.0,oTy93idiub9zpcb3F
summer shell,https://acnhcdn.com/latest/MenuIcon/ShellSummer.png,https://acnhcdn.com/latest/FtrIcon/ShellDriftSummer.png,No,10.0,NFS,600.0,NA,Beach,Only available during Summer,0.0,NA,None,None,1.0.0,1.0.0,ShellDriftSummer,5982.0,nrfNFuHkwuyx2h25n
tailors construction kit,https://acnhcdn.com/latest/MenuIcon/TentWhite.png,,No,1.0,NFS,NA,NA,Tom Nook,,0.0,NA,None,None,1.0.0,1.0.0,HousingKitTailor,4411.0,nzXpuGtjkdzS8i7aZ
tailors moving kit,https://acnhcdn.com/latest/MenuIcon/TentWhite.png,,No,1.0,NFS,NA,NA,Tom Nook,,0.0,NA,None,None,1.0.0,1.0.0,MovingKitTailor,5359.0,GaNHE6Zd7QJtFKMwW
tailors ticket,https://acnhcdn.com/latest/MenuIcon/TailorTicket.png,https://acnhcdn.com/latest/FtrIcon/TailorTicket.png,No,10.0,NFS,250.0,NA,Label,,0.0,NA,None,None,1.0.0,1.0.0,TailorTicket,5932.0,Rq3dAQH4oTDptcDMF
Taurus fragment,https://acnhcdn.com/latest/MenuIcon/StarpieceTaurus.png,https://acnhcdn.com/latest/FtrIcon/StarpieceTaurus.png,No,10.0,NFS,500.0,NA,Wishing on shooting stars,"Only available during the Taurus Zodiac, April 20 - May 20",0.0,NA,None,None,1.0.0,1.0.0,StarpieceTaurus,5989.0,3k9txwAoHfTjWgxtx
tent,https://acnhcdn.com/latest/MenuIcon/Tent.png,,No,1.0,NFS,NA,NA,Tom Nook,,0.0,NA,None,None,1.0.0,1.0.0,TutorialTent,2750.0,Lg4xPPH3PXiNpW268
terra-cotta tile permit,https://acnhcdn.com/latest/MenuIcon/Helmet.png,,No,1.0,NFS,NA,2000.0,Nook Miles Redemption,Found under the Special tab of the Nook Miles Redemption service.,0.0,NA,None,None,1.0.0,1.0.0,FtrGroundMakerTile,8778.0,RpeWT95qyhD22ePzw
Test Your DIY Skills,https://acnhcdn.com/latest/MenuIcon/BookRecipe.png,https://acnhcdn.com/latest/FtrIcon/DIYbook2.png,No,1.0,2680.0,NA,NA,Nook's Cranny,,0.0,NA,None,None,1.0.0,1.0.0,DIYbook2,5604.0,Z98Fu4EyDgeSnqxzE
Tool Ring: It's Essential!,https://acnhcdn.com/latest/MenuIcon/HowtoBookExpansion.png,,No,1.0,NFS,NA,800.0,Nook Miles Redemption,,0.0,NA,None,None,1.0.0,1.0.0,HowtoBookRingMenuUI,9616.0,AXc86J2LA2TEEgkTy
Top 8 Cool Hairstyles,https://acnhcdn.com/latest/MenuIcon/HowtoBookHair.png,,No,1.0,NFS,NA,2400.0,Nook Miles Redemption,,0.0,NA,None,None,1.0.0,1.0.0,HowtoBookHairCool,9050.0,qRimrPCob8DS8zuug
Top 8 Pop Hairstyles,https://acnhcdn.com/latest/MenuIcon/HowtoBookHair.png,,No,1.0,NFS,NA,2400.0,Nook Miles Redemption,,0.0,NA,None,None,1.0.0,1.0.0,HowtoBookHairPop,9049.0,2KfDyfk47DR6Gw8m9
Top 8 Stylish Hair Colors,https://acnhcdn.com/latest/MenuIcon/HowtoBookHair.png,,No,1.0,NFS,NA,3000.0,Nook Miles Redemption,,0.0,NA,None,None,1.0.0,1.0.0,HowtoBookHairColor,9051.0,JPwL4N6fr494vbJHb
treasure,https://acnhcdn.com/latest/MenuIcon/Present2.png,,No,1.0,NFS,0.0,NA,Dig Spot,Placed randomly on island for a villager's treasure hunt quest,0.0,NA,None,None,1.0.0,1.0.0,TreasureCapsule,2545.0,KJjoYJDr5g786djiz
tree branch,https://acnhcdn.com/latest/MenuIcon/DIYBranch.png,https://acnhcdn.com/latest/FtrIcon/DIYBranch.png,No,30.0,NFS,5.0,NA,Shaking a hardwood or cedar tree,,0.0,NA,None,None,1.0.0,1.0.0,DIYBranch,2500.0,fDwbwWdq93bLwRRDr
turnips,https://acnhcdn.com/latest/MenuIcon/Kabu.png,https://acnhcdn.com/latest/FtrIcon/PhotoStudioKabu.png,No,1000.0,NFS,0.0,NA,Daisy Mae,Only available on Sundays,0.0,NA,None,None,1.0.0,1.0.0,PhotoStudioKabu,7734.0,4hQrmzxXh6HRb8TDg
Ultimate Pocket Stuffing,https://acnhcdn.com/latest/MenuIcon/HowtoBookExpansion.png,,No,1.0,NFS,NA,8000.0,Nook Miles Redemption,,0.0,NA,None,None,1.0.0,1.0.0,HowtoBookPocketExpansion2,11140.0,jLHd4JDRQDRxBhE9o
venus comb,https://acnhcdn.com/latest/MenuIcon/Shell4.png,https://acnhcdn.com/latest/FtrIcon/ShellDriftHone.png,No,10.0,NFS,300.0,NA,Beach,,0.0,NA,None,None,1.0.0,1.0.0,ShellDriftHone,1375.0,rMwbSnAnQ6SR6ov26
Virgo fragment,https://acnhcdn.com/latest/MenuIcon/StarpieceVirgo.png,https://acnhcdn.com/latest/FtrIcon/StarpieceVirgo.png,No,10.0,NFS,500.0,NA,Wishing on shooting stars,"Only available during the Virgo Zodiac, August 23 - September 22",0.0,NA,None,None,1.0.0,1.0.0,StarpieceVirgo,5993.0,6pD87cCAtspPu5xgi
wasp nest,https://acnhcdn.com/latest/MenuIcon/Honeycomb.png,https://acnhcdn.com/latest/FtrIcon/Honeycomb.png,No,10.0,NFS,300.0,NA,Shaking a hardwood or cedar tree,,0.0,Ranch,None,None,1.0.0,1.0.0,Honeycomb,3263.0,nzXtgoA5GkWLJnNuv
water egg,https://acnhcdn.com/latest/MenuIcon/EggFish.png,https://acnhcdn.com/latest/FtrIcon/EggFish.png,No,30.0,NFS,200.0,NA,Fishing,Only available during Bunny Day,0.0,NA,None,None,1.1.0,1.1.0a,EggFish,12514.0,q8ER2p757DRZoqvhB
waterscaping permit,https://acnhcdn.com/latest/MenuIcon/ToolRiverMaker.png,,No,1.0,NFS,NA,6000.0,Nook Miles Redemption,Found under the Special tab of the Nook Miles Redemption service.,0.0,NA,None,None,1.0.0,1.0.0,FtrRiverMaker,8780.0,y27SvjCmimgePaN7y
What was this again?,https://acnhcdn.com/latest/MenuIcon/Porch.png,https://acnhcdn.com/latest/FtrIcon/LostQuestBagDust.png,No,1.0,NFS,NA,NA,Don't return lost item,,0.0,NA,None,None,1.0.0,1.0.0,LostQuestBagDust,4642.0,tFfFLpFHcdbw3AEW3
What was this again?,https://acnhcdn.com/latest/MenuIcon/Book.png,https://acnhcdn.com/latest/FtrIcon/LostQuestBookDust.png,No,1.0,NFS,NA,NA,Don't return lost item,,0.0,NA,None,None,1.0.0,1.0.0,LostQuestBookDust,4643.0,uh9ZQCxKj52Entfkv
What was this again?,https://acnhcdn.com/latest/MenuIcon/LostQuestMemo.png,https://acnhcdn.com/latest/FtrIcon/LostQuestNoteDust.png,No,1.0,NFS,NA,NA,Don't return lost item,,0.0,NA,None,None,1.0.0,1.0.0,LostQuestNoteDust,5427.0,ruc9ZFn2WnduaPXPz
white cosmos,https://acnhcdn.com/latest/MenuIcon/Cosmos0.png,https://acnhcdn.com/latest/FtrIcon/FlwCosmosWhite.png,No,10.0,NFS,40.0,NA,Picking flowers,,87.0,Plants,White,Green,1.0.0,1.0.0,FlwCosmosWhite,2305.0,3e4iLg8KTpbmx6XW4
white hyacinths,https://acnhcdn.com/latest/MenuIcon/Hyacinth0.png,https://acnhcdn.com/latest/FtrIcon/FlwHyacinthWhite.png,No,10.0,NFS,40.0,NA,Picking flowers,,87.0,Plants,White,Green,1.0.0,1.0.0,FlwHyacinthWhite,3730.0,JtxQ44iAMCEDowPzj
white lilies,https://acnhcdn.com/latest/MenuIcon/Yuri0.png,https://acnhcdn.com/latest/FtrIcon/FlwYuriWhite.png,No,10.0,NFS,40.0,NA,Picking flowers,,87.0,Plants,White,Green,1.0.0,1.0.0,FlwYuriWhite,2979.0,HxHDxpDqRQEjiEs5L
white mums,https://acnhcdn.com/latest/MenuIcon/Mum0.png,https://acnhcdn.com/latest/FtrIcon/FlwMumWhite.png,No,10.0,NFS,40.0,NA,Picking flowers,,87.0,Plants,White,Green,1.0.0,1.0.0,FlwMumWhite,3754.0,nCnEJpwfWp5d3DBaF
white pansies,https://acnhcdn.com/latest/MenuIcon/Pansi0.png,https://acnhcdn.com/latest/FtrIcon/FlwPansyWhite.png,No,10.0,NFS,40.0,NA,Picking flowers,,87.0,Plants,White,Green,1.0.0,1.0.0,FlwPansyWhite,2907.0,zxfj87rooXrjMcppa
white roses,https://acnhcdn.com/latest/MenuIcon/Rose1.png,https://acnhcdn.com/latest/FtrIcon/FlwRoseWhite.png,No,10.0,NFS,40.0,NA,Picking flowers,,87.0,Plants,White,Green,1.0.0,1.0.0,FlwRoseWhite,2931.0,2ASg5YXYQr5sqSvwG
white tulips,https://acnhcdn.com/latest/MenuIcon/Turip1.png,https://acnhcdn.com/latest/FtrIcon/FlwTulipWhite.png,No,10.0,NFS,40.0,NA,Picking flowers,,87.0,Plants,White,Green,1.0.0,1.0.0,FlwTulipWhite,2879.0,pzYHqKwsGDPBTsYmP
white windflowers,https://acnhcdn.com/latest/MenuIcon/Anemone0.png,https://acnhcdn.com/latest/FtrIcon/FlwAnemonesWhite.png,No,10.0,NFS,40.0,NA,Picking flowers,,87.0,Plants,White,Green,1.0.0,1.0.0,FlwAnemonesWhite,3709.0,QayiSgWWCqxzfAHwj
white wrapping paper,https://acnhcdn.com/latest/MenuIcon/WPaperWhite.png,https://acnhcdn.com/latest/FtrIcon/WPaperWhite.png,No,10.0,160.0,40.0,NA,Nook's Cranny,,0.0,NA,None,None,1.0.0,1.0.0,WPaperWhite,7693.0,xFSvWhgZbhuCvSSpA
white-azalea bush,https://acnhcdn.com/latest/MenuIcon/PltAzaleaWhite.png,,No,1.0,560.0,140.0,NA,Digging up a fully grown bush,,0.0,NA,None,None,1.2.0,1.2.0,PltAzaleaWhite2,2861.0,xmkj9sBpv8pQNGnGT
white-azalea nursery,https://acnhcdn.com/latest/MenuIcon/PltAzaleaWhite.png,,No,1.0,280.0,70.0,NA,Planting a bush start,,0.0,NA,None,None,1.2.0,1.2.0,PltAzaleaWhite0,12747.0,x7sTALbbhgRkPyg75
white-azalea start,https://acnhcdn.com/latest/ShopPlant/SeedAzaleaWhite.png,https://acnhcdn.com/latest/FtrIcon/SeedAzaleaWhite.png,No,10.0,280.0,70.0,NA,Leif,,0.0,NA,None,None,1.2.0,1.2.0,SeedAzaleaWhite,2820.0,2xmbtR7bGZ9SkctzF
white-cosmos bag,https://acnhcdn.com/latest/MenuIcon/SeedPaperbag1.png,https://acnhcdn.com/latest/FtrIcon/SeedCosmosWhite.png,No,10.0,240.0,60.0,NA,Nook's Cranny,,0.0,Plants,None,None,1.0.0,1.0.0,SeedCosmosWhite,2629.0,qkPkqfogiwMf9fKCS
white-cosmos plant,https://acnhcdn.com/latest/MenuIcon/PltCosmos0.png,,No,1.0,NFS,40.0,NA,Seed bag,,0.0,Plants,None,None,1.0.0,1.0.0,PltCosmosWhite3,3826.0,3iZJP9ouR47H43qMJ
white-hyacinth bag,https://acnhcdn.com/latest/MenuIcon/SeedPaperbag1.png,https://acnhcdn.com/latest/FtrIcon/SeedHyacinthWhite.png,No,10.0,240.0,60.0,NA,Nook's Cranny,,0.0,Plants,None,None,1.0.0,1.0.0,SeedHyacinthWhite,3731.0,iojgh78kpnPtzmjz5
white-hyacinth plant,https://acnhcdn.com/latest/MenuIcon/PltHyacinth0.png,,No,1.0,NFS,40.0,NA,Seed bag,,0.0,Plants,None,None,1.0.0,1.0.0,PltHyacinthWhite3,3910.0,uznvYGDDCpPJkYaEJ
white-lily bag,https://acnhcdn.com/latest/MenuIcon/SeedPaperbag1.png,https://acnhcdn.com/latest/FtrIcon/SeedYuriWhite.png,No,10.0,240.0,60.0,NA,Nook's Cranny,,0.0,Plants,None,None,1.0.0,1.0.0,SeedYuriWhite,2980.0,wD5MnM6bM2t88hMs5
white-lily plant,https://acnhcdn.com/latest/MenuIcon/PltYuri0.png,,No,1.0,NFS,40.0,NA,Seed bag,,0.0,Plants,None,None,1.0.0,1.0.0,PltYuriWhite3,3886.0,jwRXxgLr3hFQsAZB6
white-mum bag,https://acnhcdn.com/latest/MenuIcon/SeedPaperbag1.png,https://acnhcdn.com/latest/FtrIcon/SeedMumWhite.png,No,10.0,240.0,60.0,NA,Nook's Cranny,,0.0,Plants,None,None,1.0.0,1.0.0,SeedMumWhite,3755.0,PZ8MqZFTibFpr8Lqi
white-mum plant,https://acnhcdn.com/latest/MenuIcon/PltMum0.png,,No,1.0,NFS,40.0,NA,Seed bag,,0.0,Plants,None,None,1.0.0,1.0.0,PltMumWhite3,3924.0,hYqfsENa2bSHGznkC
white-pansy bag,https://acnhcdn.com/latest/MenuIcon/SeedPaperbag1.png,https://acnhcdn.com/latest/FtrIcon/SeedPansyWhite.png,No,10.0,240.0,60.0,NA,Nook's Cranny,,0.0,Plants,None,None,1.0.0,1.0.0,SeedPansyWhite,2908.0,RsndrSoamwXzNjD9y
white-pansy plant,https://acnhcdn.com/latest/MenuIcon/PltPansi0.png,,No,1.0,NFS,40.0,NA,Seed bag,,0.0,Plants,None,None,1.0.0,1.0.0,PltPansyWhite3,3850.0,XmpB3NuR9RS9PXmCM
white-rose bag,https://acnhcdn.com/latest/MenuIcon/SeedPaperbag1.png,https://acnhcdn.com/latest/FtrIcon/SeedRoseWhite.png,No,10.0,240.0,60.0,NA,Nook's Cranny,,0.0,Plants,None,None,1.0.0,1.0.0,SeedRoseWhite,2932.0,FxA5MDvGKZc44uenJ
white-rose plant,https://acnhcdn.com/latest/MenuIcon/PltRose1.png,,No,1.0,NFS,40.0,NA,Seed bag,,0.0,Plants,None,None,1.0.0,1.0.0,PltRoseWhite3,3862.0,vJFgRAkAYT32pscBc
white-tulip bag,https://acnhcdn.com/latest/MenuIcon/SeedPaperbag1.png,https://acnhcdn.com/latest/FtrIcon/SeedTulipWhite.png,No,10.0,240.0,60.0,NA,Nook's Cranny,,0.0,Plants,None,None,1.0.0,1.0.0,SeedTulipWhite,2880.0,9JqXDYEJa9M3fGjkX
white-tulip plant,https://acnhcdn.com/latest/MenuIcon/PltTurip1.png,,No,1.0,NFS,40.0,NA,Seed bag,,0.0,Plants,None,None,1.0.0,1.0.0,PltTulipWhite3,3836.0,EPcGhsMb6jQKpbBnC
white-windflower bag,https://acnhcdn.com/latest/MenuIcon/SeedPaperbag1.png,https://acnhcdn.com/latest/FtrIcon/SeedAnemonesWhite.png,No,10.0,240.0,60.0,NA,Nook's Cranny,,0.0,Plants,None,None,1.0.0,1.0.0,SeedAnemonesWhite,3710.0,2XmGTkrRQqQbjfEoi
white-windflower plant,https://acnhcdn.com/latest/MenuIcon/PltAnemone0.png,,No,1.0,NFS,40.0,NA,Seed bag,,0.0,Plants,None,None,1.0.0,1.0.0,PltAnemonesWhite3,3898.0,5RMyLD5TYyRTzfLdq
Wildest Dreams DIY,https://acnhcdn.com/latest/MenuIcon/BookRecipe.png,https://acnhcdn.com/latest/FtrIcon/DIYbook3.png,No,1.0,6980.0,NA,NA,Nook's Cranny,,0.0,NA,None,None,1.0.0,1.0.0,DIYbook3,5605.0,7DL3HBGPEfgi6XZfX
Wisp spirit piece,https://acnhcdn.com/latest/MenuIcon/YutaroWisp.png,,No,5.0,NFS,NA,NA,Catching with a net,Only available while on a quest for Wisp,0.0,NA,None,None,1.0.0,1.0.0,YutaroWisp,4702.0,yhGWoYrexRQRmWkvP
wood,https://acnhcdn.com/latest/MenuIcon/DIYWoodNormal.png,https://acnhcdn.com/latest/FtrIcon/DIYWoodNormal.png,No,30.0,NFS,60.0,NA,Chopping a tree,,0.0,NA,None,None,1.0.0,1.0.0,DIYWoodNormal,2768.0,NYkn4SWpdNtkSjGMz
wood egg,https://acnhcdn.com/latest/MenuIcon/EggForest.png,https://acnhcdn.com/latest/FtrIcon/EggForest.png,No,30.0,NFS,200.0,NA,Chopping a tree,Only available during Bunny Day,0.0,NA,None,None,1.1.0,1.1.0a,EggForest,12512.0,8adCtThYkk3SrfhhS
wooden path permit,https://acnhcdn.com/latest/MenuIcon/Helmet.png,,No,1.0,NFS,NA,2000.0,Nook Miles Redemption,Found under the Special tab of the Nook Miles Redemption service.,0.0,NA,None,None,1.0.0,1.0.0,FtrGroundMakerWood,8779.0,2ASyNJsmZJNm774y5
yellow cosmos,https://acnhcdn.com/latest/MenuIcon/Cosmos2.png,https://acnhcdn.com/latest/FtrIcon/FlwCosmosYellow.png,No,10.0,NFS,40.0,NA,Picking flowers,,87.0,Plants,Yellow,Green,1.0.0,1.0.0,FlwCosmosYellow,2863.0,zjAYhjmqMzq3kDBdb
yellow hyacinths,https://acnhcdn.com/latest/MenuIcon/Hyacinth1.png,https://acnhcdn.com/latest/FtrIcon/FlwHyacinthYellow.png,No,10.0,NFS,40.0,NA,Picking flowers,,87.0,Plants,Yellow,Green,1.0.0,1.0.0,FlwHyacinthYellow,3734.0,4KF7eJpRzonQ585ut
yellow lilies,https://acnhcdn.com/latest/MenuIcon/Yuri1.png,https://acnhcdn.com/latest/FtrIcon/FlwYuriYellow.png,No,10.0,NFS,40.0,NA,Picking flowers,,87.0,Plants,Yellow,Green,1.0.0,1.0.0,FlwYuriYellow,2987.0,CYNwo9htHodqc52MC
yellow mums,https://acnhcdn.com/latest/MenuIcon/Mum1.png,https://acnhcdn.com/latest/FtrIcon/FlwMumYellow.png,No,10.0,NFS,40.0,NA,Picking flowers,,87.0,Plants,Yellow,Green,1.0.0,1.0.0,FlwMumYellow,3758.0,5RAPmcCnKxJuTxsD5
yellow pansies,https://acnhcdn.com/latest/MenuIcon/Pansi1.png,https://acnhcdn.com/latest/FtrIcon/FlwPansyYellow.png,No,10.0,NFS,40.0,NA,Picking flowers,,87.0,Plants,Yellow,Green,1.0.0,1.0.0,FlwPansyYellow,2915.0,s5oZ3HMatfcyLFmb7
yellow roses,https://acnhcdn.com/latest/MenuIcon/Rose2.png,https://acnhcdn.com/latest/FtrIcon/FlwRoseYellow.png,No,10.0,NFS,40.0,NA,Picking flowers,,87.0,Plants,Yellow,Green,1.0.0,1.0.0,FlwRoseYellow,2939.0,sfweQbaT8mzKykjhk
yellow tulips,https://acnhcdn.com/latest/MenuIcon/Turip2.png,https://acnhcdn.com/latest/FtrIcon/FlwTulipYellow.png,No,10.0,NFS,40.0,NA,Picking flowers,,87.0,Plants,Yellow,Green,1.0.0,1.0.0,FlwTulipYellow,2887.0,PdZJXzmx5y6JSLrRD
yellow wrapping paper,https://acnhcdn.com/latest/MenuIcon/WPaperYellow.png,https://acnhcdn.com/latest/FtrIcon/WPaperYellow.png,No,10.0,160.0,40.0,NA,Nook's Cranny,,0.0,NA,None,None,1.0.0,1.0.0,WPaperYellow,7683.0,DP6esJYrS7WodmWe2
yellow-cosmos bag,https://acnhcdn.com/latest/MenuIcon/SeedPaperbag2.png,https://acnhcdn.com/latest/FtrIcon/SeedCosmosYellow.png,No,10.0,240.0,60.0,NA,Nook's Cranny,,0.0,Plants,None,None,1.0.0,1.0.0,SeedCosmosYellow,2864.0,uP5p9469CWwJMRTpW
yellow-cosmos plant,https://acnhcdn.com/latest/MenuIcon/PltCosmos2.png,,No,1.0,NFS,40.0,NA,Seed bag,,0.0,Plants,None,None,1.0.0,1.0.0,PltCosmosYellow3,3828.0,Bh4zXHCea4eaSgmz9
yellow-hibiscus bush,https://acnhcdn.com/latest/MenuIcon/PltHibiscusYellow.png,,No,1.0,560.0,140.0,NA,Digging up a fully grown bush,,0.0,NA,None,None,1.2.0,1.2.0,PltHibiscusYellow2,3792.0,Kb6qYCTJwjNX46xok
yellow-hibiscus nursery,https://acnhcdn.com/latest/MenuIcon/PltHibiscusYellow.png,,No,1.0,280.0,70.0,NA,Planting a bush start,,0.0,NA,None,None,1.2.0,1.2.0,PltHibiscusYellow0,12751.0,DShJMzBnrS7Sd7mdv
yellow-hibiscus start,https://acnhcdn.com/latest/ShopPlant/SeedHibiscusYellow.png,https://acnhcdn.com/latest/FtrIcon/SeedHibiscusYellow.png,No,10.0,280.0,70.0,NA,Leif,,0.0,NA,None,None,1.2.0,1.2.0,SeedHibiscusYellow,3790.0,ZuDtvHRzubPByTeRG
yellow-hyacinth bag,https://acnhcdn.com/latest/MenuIcon/SeedPaperbag2.png,https://acnhcdn.com/latest/FtrIcon/SeedHyacinthYellow.png,No,1.0,240.0,60.0,NA,Nook's Cranny,,0.0,Plants,None,None,1.0.0,1.0.0,SeedHyacinthYellow,3735.0,5yZ7783u3awJuzvtj
yellow-hyacinth plant,https://acnhcdn.com/latest/MenuIcon/PltHyacinth1.png,,No,1.0,NFS,40.0,NA,Seed bag,,0.0,Plants,None,None,1.0.0,1.0.0,PltHyacinthYellow3,3912.0,TZCvMPvktNmFAFKvP
yellow-lily bag,https://acnhcdn.com/latest/MenuIcon/SeedPaperbag2.png,https://acnhcdn.com/latest/FtrIcon/SeedYuriYellow.png,No,10.0,240.0,60.0,NA,Nook's Cranny,,0.0,Plants,None,None,1.0.0,1.0.0,SeedYuriYellow,2988.0,gQ8rvpd52GD6oPZEB
yellow-lily plant,https://acnhcdn.com/latest/MenuIcon/PltYuri1.png,,No,1.0,NFS,40.0,NA,Seed bag,,0.0,Plants,None,None,1.0.0,1.0.0,PltYuriYellow3,3890.0,JmyYGEqKsuXG7YJmx
yellow-mum bag,https://acnhcdn.com/latest/MenuIcon/SeedPaperbag2.png,https://acnhcdn.com/latest/FtrIcon/SeedMumYellow.png,No,10.0,240.0,60.0,NA,Nook's Cranny,,0.0,Plants,None,None,1.0.0,1.0.0,SeedMumYellow,3759.0,PcvPGssP7xWcncSu8
yellow-mum plant,https://acnhcdn.com/latest/MenuIcon/PltMum1.png,,No,10.0,NFS,40.0,NA,Seed bag,,0.0,Plants,None,None,1.0.0,1.0.0,PltMumYellow3,3926.0,R7rBdJkoAh4Ss5fc7
yellow-pansy bag,https://acnhcdn.com/latest/MenuIcon/SeedPaperbag2.png,https://acnhcdn.com/latest/FtrIcon/SeedPansyYellow.png,No,1.0,240.0,60.0,NA,Nook's Cranny,,0.0,Plants,None,None,1.0.0,1.0.0,SeedPansyYellow,2916.0,65A93Q3TDrr2TXe7r
yellow-pansy plant,https://acnhcdn.com/latest/MenuIcon/PltPansi1.png,,No,10.0,NFS,40.0,NA,Seed bag,,0.0,Plants,None,None,1.0.0,1.0.0,PltPansyYellow3,3854.0,4DaoN5DPRbz3LuGPH
yellow-rose bag,https://acnhcdn.com/latest/MenuIcon/SeedPaperbag2.png,https://acnhcdn.com/latest/FtrIcon/SeedRoseYellow.png,No,1.0,240.0,60.0,NA,Nook's Cranny,,0.0,Plants,None,None,1.0.0,1.0.0,SeedRoseYellow,2940.0,BE6hakXFRTg2qdcPT
yellow-rose plant,https://acnhcdn.com/latest/MenuIcon/PltRose2.png,,No,10.0,NFS,40.0,NA,Seed bag,,0.0,Plants,None,None,1.0.0,1.0.0,PltRoseYellow3,3866.0,zukyGsru7LprL3Nn3
yellow-tea-olive bush,https://acnhcdn.com/latest/MenuIcon/PltBushOsmathusYellow.png,,No,1.0,560.0,140.0,NA,Digging up a fully grown bush,,0.0,NA,None,None,1.2.0,1.2.0,PltBushOsmathusYellow2,12478.0,79ausqrAiPDZqBB7Q
yellow-tea-olive nursery,https://acnhcdn.com/latest/MenuIcon/PltBushOsmathusYellow.png,,No,1.0,280.0,70.0,NA,Planting a bush start,,0.0,NA,None,None,1.2.0,1.2.0,PltBushOsmathusYellow0,12753.0,9FTtowZKFNMnSnsyk
yellow-tea-olive start,https://acnhcdn.com/latest/ShopPlant/SeedBushOsmathusYellow.png,https://acnhcdn.com/latest/FtrIcon/SeedBushOsmathusYellow.png,No,10.0,280.0,70.0,NA,Leif,,0.0,NA,None,None,1.2.0,1.2.0,SeedBushOsmathusYellow,12476.0,u9zmBcFHEqkM47dmk
yellow-tulip bag,https://acnhcdn.com/latest/MenuIcon/SeedPaperbag2.png,https://acnhcdn.com/latest/FtrIcon/SeedTulipYellow.png,No,10.0,240.0,60.0,NA,Nook's Cranny,,0.0,Plants,None,None,1.0.0,1.0.0,SeedTulipYellow,2888.0,dK3ZtSLJjdTpT5fxq
yellow-tulip plant,https://acnhcdn.com/latest/MenuIcon/PltTurip2.png,,No,1.0,NFS,40.0,NA,Seed bag,,0.0,Plants,None,None,1.0.0,1.0.0,PltTulipYellow3,3840.0,YuRZQh2wgkDnLLK55
young blue hydrangea,https://acnhcdn.com/latest/MenuIcon/PltHydrangeaBlue.png,,No,1.0,420.0,105.0,NA,Digging up a partially grown bush,,0.0,NA,None,None,1.2.0,1.2.0,PltHydrangeaBlue1,3799.0,pAJKQx6Mk9hvfzf6Q
young holly,https://acnhcdn.com/latest/MenuIcon/PltHolly.png,,No,1.0,420.0,105.0,NA,Digging up a partially grown bush,,0.0,NA,None,None,1.2.0,1.2.0,PltHolly1,3026.0,LRZFgyh733WSifFpA
young orange tea olive,https://acnhcdn.com/latest/MenuIcon/PltBushOsmathusOrange.png,,No,1.0,420.0,105.0,NA,Digging up a partially grown bush,,0.0,NA,None,None,1.2.0,1.2.0,PltBushOsmathusOrange1,12481.0,nhwo3GqxRh24LkKp2
young pink azalea,https://acnhcdn.com/latest/MenuIcon/PltAzaleaPink.png,,No,1.0,420.0,105.0,NA,Digging up a partially grown bush,,0.0,NA,None,None,1.2.0,1.2.0,PltAzaleaPink1,3787.0,zWfXh4fQhA3eLkRhh
young pink camellia,https://acnhcdn.com/latest/MenuIcon/PltBushCamelliaPink.png,,No,1.0,420.0,105.0,NA,Digging up a partially grown bush,,0.0,NA,None,None,1.2.0,1.2.0,PltBushCamelliaPink1,12491.0,Mr5dT9enE9E9abQB8
young pink hydrangea,https://acnhcdn.com/latest/MenuIcon/PltHydrangeaPink.png,,No,1.0,420.0,105.0,NA,Digging up a partially grown bush,,0.0,NA,None,None,1.2.0,1.2.0,PltHydrangeaPink1,3795.0,J2XWxQvzyQ8svq2Nk
young red camellia,https://acnhcdn.com/latest/MenuIcon/PltBushCamelliaRed.png,,No,1.0,420.0,105.0,NA,Digging up a partially grown bush,,0.0,NA,None,None,1.2.0,1.2.0,PltBushCamelliaRed1,12488.0,WyeEuSLKN644gJH2z
young red hibiscus,https://acnhcdn.com/latest/MenuIcon/PltHibiscusRed.png,,No,1.0,420.0,105.0,NA,Digging up a partially grown bush,,0.0,NA,None,None,1.2.0,1.2.0,PltHibiscusRed1,3021.0,Zr6hN22TvjqPT2Tfr
young spring bamboo,https://acnhcdn.com/latest/MenuIcon/DIYBambooSpring.png,https://acnhcdn.com/latest/FtrIcon/DIYBambooSpring.png,No,30.0,NFS,200.0,NA,Chopping a bamboo tree,Only available during Spring,0.0,NA,None,None,1.0.0,1.0.0,DIYBambooSpring,5729.0,rMwLLdMSqxg3w5gLx
young white azalea,https://acnhcdn.com/latest/MenuIcon/PltAzaleaWhite.png,,No,1.0,420.0,105.0,NA,Digging up a partially grown bush,,0.0,NA,None,None,1.2.0,1.2.0,PltAzaleaWhite1,2860.0,t7FsLxZzZ9mHSppL7
young yellow hibiscus,https://acnhcdn.com/latest/MenuIcon/PltHibiscusYellow.png,,No,1.0,420.0,105.0,NA,Digging up a partially grown bush,,0.0,NA,None,None,1.2.0,1.2.0,PltHibiscusYellow1,3791.0,TWiBkrG8hjyQyvimE
young yellow tea olive,https://acnhcdn.com/latest/MenuIcon/PltBushOsmathusYellow.png,,No,1.0,420.0,105.0,NA,Digging up a partially grown bush,,0.0,NA,None,None,1.2.0,1.2.0,PltBushOsmathusYellow1,12477.0,SD8BcLrikLWWZYhYm
