Name,Image,DIY,Buy,Sell,Color 1,Color 2,Size,Size Category,Miles Price,Source,Source Notes,HHA Base Points,HHA Concept 1,HHA Concept 2,HHA Series,Tag,Catalog,Version Added,Version Unlocked,Filename,Internal ID,Unique Entry ID
aluminum rug,https://acnhcdn.com/latest/FtrIcon/RugRectAluminumM00.png,No,1500.0,375.0,Gray,Gray,3x2 ,Medium,NA,Saharah,,253.0,garden,outdoors,None,Slender Rugs,For sale,1.0.0,1.0.0,RugRectAluminumM00,7356.0,vFkuGbx8Sh2MDLEsq
apple rug,https://acnhcdn.com/latest/FtrIcon/RugOtherAppleM00.png,Yes,NFS,1200.0,Red,Red,3x3 ,Medium,NA,Crafting,,103.0,fancy,child's room,fruits,Fruit Rugs,Not for sale,1.0.0,1.0.0,RugOtherAppleM00,7327.0,5GsjYsaz9NDtQ6QFB
Bell-bag rug,https://acnhcdn.com/latest/FtrIcon/RugOtherBellM00.png,No,NFS,6000.0,None,None,3x3,Medium,1200.0,Nintendo; Nook Miles Shop,,151.0,expensive,None,None,Park Rugs,Not for sale,1.2.0,1.2.0,RugOtherBellM00,12214.0,KfRapmYKpizqQWzCg
black blocks rug,https://acnhcdn.com/latest/FtrIcon/RugSquareBlockM03.png,No,1500.0,375.0,Black,Gray,3x3 ,Medium,NA,Saharah,,253.0,living room,None,None,Pattern Rugs,For sale,1.0.0,1.0.0,RugSquareBlockM03,11104.0,4kj8FXzMTqvZvqEra
black wooden-deck rug,https://acnhcdn.com/latest/FtrIcon/RugRectDeckM03.png,No,1500.0,375.0,Black,Black,3x2 ,Medium,NA,Saharah,,253.0,outdoors,None,None,Wood Rugs,For sale,1.0.0,1.0.0,RugRectDeckM03,7382.0,kQDKkEGfdAjqPxd4w
black-design kitchen mat,https://acnhcdn.com/latest/FtrIcon/RugRectNativeKitchenS03.png,No,1000.0,250.0,Black,Orange,2x1 ,Small,NA,Saharah,,253.0,kitchen,None,None,Kitchen Rugs,For sale,1.0.0,1.0.0,RugRectNativeKitchenS03,7594.0,G7CAPiAEpYv6QKbsL
blue argyle rug,https://acnhcdn.com/latest/FtrIcon/RugRectArgyleL02.png,No,2000.0,500.0,Blue,Green,4x3 ,Large,NA,Saharah,,253.0,living room,expensive,None,Slender Pattern Rugs,For sale,1.0.0,1.0.0,RugRectArgyleL02,8467.0,uw8DvCwwBia7ozA72
blue blocks rug,https://acnhcdn.com/latest/FtrIcon/RugSquareBlockM01.png,No,1500.0,375.0,Blue,Blue,3x3 ,Medium,NA,Saharah,,253.0,living room,None,None,Pattern Rugs,For sale,1.0.0,1.0.0,RugSquareBlockM01,11102.0,Mjxd8kenDFZgTFXcm
blue dotted rug,https://acnhcdn.com/latest/FtrIcon/RugRectDotL03.png,No,2000.0,500.0,Blue,Blue,4x3 ,Large,NA,Saharah,,253.0,fancy,child's room,None,Slender Pattern Rugs,For sale,1.0.0,1.0.0,RugRectDotL03,7467.0,JAAx9zSMrjXKKw2ij
blue kilim-style carpet,https://acnhcdn.com/latest/FtrIcon/RugSquareKirimL01.png,No,2000.0,500.0,Blue,Black,5x5 ,Large,NA,Saharah,,253.0,living room,None,None,Pattern Rugs,For sale,1.0.0,1.0.0,RugSquareKirimL01,9316.0,MhvdxvmyKtddid2G2
blue kitchen mat,https://acnhcdn.com/latest/FtrIcon/RugRectKitchenS02.png,No,1000.0,250.0,Blue,Blue,2x1 ,Small,NA,Saharah,,253.0,kitchen,None,None,Kitchen Rugs,For sale,1.0.0,1.0.0,RugRectKitchenS02,8394.0,SLBDbK365pHRnKE5k
blue medium round mat,https://acnhcdn.com/latest/FtrIcon/RugRoundSimpleM02.png,No,1500.0,375.0,Blue,Blue,3x3 ,Medium,NA,Saharah,,253.0,living room,child's room,None,Shaggy Round Rugs,For sale,1.0.0,1.0.0,RugRoundSimpleM02,9546.0,JfLKCbWRz4CozZYpH
blue message mat,https://acnhcdn.com/latest/FtrIcon/RugOtherMessageS01.png,No,1000.0,250.0,Blue,Blue,2x1 ,Small,NA,Saharah,,253.0,child's room,None,None,Message Mats,For sale,1.0.0,1.0.0,RugOtherMessageS01,9310.0,5grLuDzGkNL4DYk4r
blue Persian rug,https://acnhcdn.com/latest/FtrIcon/RugSquarePersianL01.png,No,2000.0,500.0,Blue,Beige,5x5 ,Large,NA,Saharah,,253.0,expensive,living room,None,Pattern Rugs,For sale,1.0.0,1.0.0,RugSquarePersianL01,8035.0,CDY97qjWg4xG6egyS
blue shaggy rug,https://acnhcdn.com/latest/FtrIcon/RugSquareShaggyL02.png,No,2000.0,500.0,Blue,Blue,5x5 ,Large,NA,Saharah,,253.0,living room,None,None,Pattern Rugs,For sale,1.0.0,1.0.0,RugSquareShaggyL02,9564.0,v4ZJPY2ToZPHXp6KH
blue small round mat,https://acnhcdn.com/latest/FtrIcon/RugRoundSimpleS02.png,No,1000.0,250.0,Blue,Blue,2x2 ,Small,NA,Saharah,,253.0,living room,child's room,None,Shaggy Round Rugs,For sale,1.0.0,1.0.0,RugRoundSimpleS02,9549.0,BxaqCsC7TqwGdHpib
blue stripes rug,https://acnhcdn.com/latest/FtrIcon/RugRectBorderL02.png,No,2000.0,500.0,Blue,White,4x3 ,Large,NA,Saharah,,253.0,fancy,child's room,None,Slender Pattern Rugs,For sale,1.0.0,1.0.0,RugRectBorderL02,7533.0,dAHzKeTqwA9wD2yfa
blue vinyl sheet,https://acnhcdn.com/latest/FtrIcon/RugRectVinylM01.png,No,1500.0,375.0,Blue,Colorful,3x2 ,Medium,NA,Saharah,,253.0,garden,None,None,Slender Pattern Rugs,For sale,1.0.0,1.0.0,RugRectVinylM01,7404.0,b8xZjiyqLPWJsgt73
blue wavy rug,https://acnhcdn.com/latest/FtrIcon/RugRectWaveL02.png,No,2000.0,500.0,Blue,Light blue,4x3 ,Large,NA,Saharah,,253.0,living room,child's room,None,Slender Pattern Rugs,For sale,1.0.0,1.0.0,RugRectWaveL02,7458.0,SbRQxAyR7EZSRBb4j
blue wedding rug,https://acnhcdn.com/latest/FtrIcon/RugRectJuneBrideM00.png,No,NFS,375.0,None,None,3x2,Medium,NA,Cyrus,Only available during Wedding Season,437.0,party,expensive,wedding,Slender Pattern Rugs,Not for sale,1.2.0,1.2.1c,RugRectJuneBrideM00,12462.0,ghEfAZG8Lt5sb8nt3
blue-design kitchen mat,https://acnhcdn.com/latest/FtrIcon/RugRectNativeKitchenS01.png,No,1000.0,250.0,Blue,Black,2x1 ,Small,NA,Saharah,,253.0,kitchen,None,None,Kitchen Rugs,For sale,1.0.0,1.0.0,RugRectNativeKitchenS01,7595.0,DiEHu3wPobZXzhhp8
botanical rug,https://acnhcdn.com/latest/FtrIcon/RugRectBotanicalL00.png,No,2000.0,500.0,Green,Green,4x3 ,Large,NA,Saharah,,253.0,living room,None,None,Slender Pattern Rugs,For sale,1.0.0,1.0.0,RugRectBotanicalL00,7353.0,nEqsaya7wt6FsWwDC
brown argyle rug,https://acnhcdn.com/latest/FtrIcon/RugRectArgyleL03.png,No,2000.0,500.0,Brown,Yellow,4x3 ,Large,NA,Saharah,,253.0,living room,expensive,None,Slender Pattern Rugs,For sale,1.0.0,1.0.0,RugRectArgyleL03,8468.0,yrQTuyQr2m6axKkr2
brown kitchen mat,https://acnhcdn.com/latest/FtrIcon/RugRectKitchenS00.png,No,1000.0,250.0,Brown,Brown,2x1 ,Small,NA,Saharah,,253.0,kitchen,None,None,Kitchen Rugs,For sale,1.0.0,1.0.0,RugRectKitchenS00,7341.0,2ya9gAeftrSe4YSmE
brown shaggy rug,https://acnhcdn.com/latest/FtrIcon/RugSquareShaggyL01.png,No,2000.0,500.0,Brown,Brown,5x5 ,Large,NA,Saharah,,253.0,living room,None,None,Pattern Rugs,For sale,1.0.0,1.0.0,RugSquareShaggyL01,9563.0,cAFej6s3C7T3DYykj
brown wooden-deck rug,https://acnhcdn.com/latest/FtrIcon/RugRectDeckM00.png,No,1500.0,375.0,Brown,Brown,3x2 ,Medium,NA,Saharah,,253.0,outdoors,None,None,Wood Rugs,For sale,1.0.0,1.0.0,RugRectDeckM00,7323.0,MSPQjkRRMRGNRTeEt
Bunny Day rug,https://acnhcdn.com/latest/FtrIcon/RugOtherEasterM00.png,Yes,NFS,2400.0,None,None,3x3,Medium,NA,Crafting,,351.0,fancy,child's room,Bunny Day,Icon Rugs,Not for sale,1.1.0,1.1.0a,RugOtherEasterM00,7546.0,6tC8Zhswobdah6ftE
cherry rug,https://acnhcdn.com/latest/FtrIcon/RugOtherCherryM00.png,Yes,NFS,1200.0,Red,Red,3x3 ,Medium,NA,Crafting,,103.0,fancy,child's room,fruits,Fruit Rugs,Not for sale,1.0.0,1.0.0,RugOtherCherryM00,7328.0,R9Bxb8FQw7Fj2YuCa
colorful vinyl sheet,https://acnhcdn.com/latest/FtrIcon/RugRectVinylM00.png,No,1500.0,375.0,Colorful,Colorful,3x2 ,Medium,NA,Saharah,,253.0,garden,None,None,Slender Pattern Rugs,For sale,1.0.0,1.0.0,RugRectVinylM00,7359.0,FAAQgrJJM4svoYJb8
dark bamboo rug,https://acnhcdn.com/latest/FtrIcon/RugRectBambooM01.png,Yes,NFS,960.0,Brown,Brown,3x2 ,Medium,NA,Crafting,,103.0,zen-style,None,None,Wood Rugs,Not for sale,1.0.0,1.0.0,RugRectBambooM01,11114.0,yC3qR56GTSs3PZuJi
Earth rug,https://acnhcdn.com/latest/FtrIcon/RugRoundEarthM00.png,No,1500.0,375.0,Blue,White,3x3 ,Medium,NA,Saharah,,253.0,space,child's room,None,Icon Rugs,For sale,1.0.0,1.0.0,RugRoundEarthM00,7357.0,RPF9JQeXN8cD4afuE
fish rug,https://acnhcdn.com/latest/FtrIcon/RugOtherFishM00.png,No,NFS,375.0,Light blue,Light blue,3x3 ,Medium,NA,Fishing Tourney,,501.0,ocean,child's room,None,Icon Rugs,Not for sale,1.0.0,1.0.0,RugOtherFishM00,7361.0,iWb2Ca8YMDYnpyDrx
fluffy rug,https://acnhcdn.com/latest/FtrIcon/RugOtherCloudM00.png,No,1500.0,375.0,White,White,3x3 ,Medium,NA,Saharah,,253.0,fancy,child's room,None,Icon Rugs,For sale,1.0.0,1.0.0,RugOtherCloudM00,7329.0,DKPzh943uZYKHKsX7
fossil rug,https://acnhcdn.com/latest/FtrIcon/RugOtherFossilM00.png,No,1500.0,375.0,Purple,White,3x3 ,Medium,NA,Saharah,,253.0,fancy,child's room,None,Park Rugs,For sale,1.0.0,1.0.0,RugOtherFossilM00,7366.0,P2tKuDsb8sxfpKXh3
green checked rug,https://acnhcdn.com/latest/FtrIcon/RugSquareCheckQuiltL03.png,No,2000.0,500.0,Green,Purple,4x4 ,Large,NA,Saharah,,253.0,living room,child's room,None,Pattern Rugs,For sale,1.0.0,1.0.0,RugSquareCheckQuiltL03,7464.0,hAYpTXLShJh7p5gcB
green kilim-style carpet,https://acnhcdn.com/latest/FtrIcon/RugSquareKirimL02.png,No,2000.0,500.0,Green,Green,5x5 ,Large,NA,Saharah,,253.0,living room,None,None,Pattern Rugs,For sale,1.0.0,1.0.0,RugSquareKirimL02,9314.0,86w3TxnYsZLSzeX2q
green kitchen mat,https://acnhcdn.com/latest/FtrIcon/RugRectKitchenS03.png,No,1000.0,250.0,Green,Green,2x1 ,Small,NA,Saharah,,253.0,kitchen,None,None,Kitchen Rugs,For sale,1.0.0,1.0.0,RugRectKitchenS03,8393.0,QpRcMgKRTNvayFdy9
green shaggy rug,https://acnhcdn.com/latest/FtrIcon/RugSquareShaggyL00.png,No,2000.0,500.0,Green,Green,5x5 ,Large,NA,Saharah,,253.0,living room,None,None,Pattern Rugs,For sale,1.0.0,1.0.0,RugSquareShaggyL00,7354.0,hNWup2nSxzMMsGfyy
green stripes rug,https://acnhcdn.com/latest/FtrIcon/RugRectBorderL03.png,No,2000.0,500.0,Green,White,4x3 ,Large,NA,Saharah,,253.0,fancy,child's room,None,Slender Pattern Rugs,For sale,1.0.0,1.0.0,RugRectBorderL03,7534.0,DEEzqeCYXaxA8i63W
iron entrance mat,https://acnhcdn.com/latest/FtrIcon/RugRectIronmatS00.png,No,1000.0,250.0,Black,Black,2x1 ,Small,NA,Saharah,,253.0,shop,expensive,iron,Slender Rugs,For sale,1.0.0,1.0.0,RugRectIronmatS00,7337.0,KaHhjd5QbpmmmhkCg
ivory medium round mat,https://acnhcdn.com/latest/FtrIcon/RugRoundSimpleM00.png,No,1500.0,375.0,Beige,White,3x3 ,Medium,NA,Saharah,,253.0,living room,child's room,None,Shaggy Round Rugs,For sale,1.0.0,1.0.0,RugRoundSimpleM00,7325.0,ucw27wEffTFj9DK4v
ivory simple bath mat,https://acnhcdn.com/latest/FtrIcon/RugRectBathmatS00.png,No,1000.0,250.0,Beige,Beige,2x1 ,Small,NA,Saharah,,253.0,bathroom,None,None,Slender Rugs,For sale,1.0.0,1.0.0,RugRectBathmatS00,7333.0,iFx2DHj9qJsY8vzsT
ivory small round mat,https://acnhcdn.com/latest/FtrIcon/RugRoundSimpleS00.png,No,1000.0,250.0,Beige,White,2x2 ,Small,NA,Saharah,,253.0,living room,child's room,None,Shaggy Round Rugs,For sale,1.0.0,1.0.0,RugRoundSimpleS00,7334.0,8to7AD6FkrkZkaKX5
lacy rug,https://acnhcdn.com/latest/FtrIcon/RugRoundLaceM00.png,No,1500.0,375.0,Beige,White,3x3 ,Medium,NA,Saharah,,253.0,fancy,expensive,None,Shaggy Round Rugs,For sale,1.0.0,1.0.0,RugRoundLaceM00,7368.0,bzWc6Hh3tAnYcgh3f
ladybug rug,https://acnhcdn.com/latest/FtrIcon/RugRoundLadybirdM00.png,No,NFS,375.0,Red,Black,3x3 ,Medium,NA,Bug-Off,,501.0,fancy,child's room,None,Icon Rugs,Not for sale,1.0.0,1.0.0,RugRoundLadybirdM00,7360.0,T7T3r6GJqfhndy5xp
light bamboo rug,https://acnhcdn.com/latest/FtrIcon/RugRectBambooM00.png,Yes,NFS,2400.0,Beige,Brown,3x2 ,Medium,NA,Crafting,,201.0,zen-style,None,None,Wood Rugs,Not for sale,1.0.0,1.0.0,RugRectBambooM00,11113.0,c34AemWJDW8WvYGrm
magic-circle rug,https://acnhcdn.com/latest/FtrIcon/RugRoundMagicM00.png,No,1500.0,375.0,Purple,Purple,3x3 ,Medium,NA,Saharah,,253.0,horror,child's room,None,Shaggy Round Rugs,For sale,1.0.0,1.0.0,RugRoundMagicM00,7367.0,77PHyfuxLmPTgriT2
mermaid rug,https://acnhcdn.com/latest/FtrIcon/RugOtherMermaidM00.png,Yes,NFS,10360.0,Light blue,Pink,3x3,Medium,NA,Crafting,,451.0,ocean,fancy,mermaid,Icon Rugs,Not for sale,1.3.0,1.3.0,RugOtherMermaidM00,12563.0,WfJHsYQ4KETP2yDEs
modern wavy rug,https://acnhcdn.com/latest/FtrIcon/RugRectWaveL00.png,No,2000.0,500.0,Colorful,Colorful,4x3 ,Large,NA,Saharah,,253.0,living room,child's room,None,Slender Pattern Rugs,For sale,1.0.0,1.0.0,RugRectWaveL00,7350.0,tfdJqWZ2ETosBdHem
Mom's cool kitchen mat,https://acnhcdn.com/latest/FtrIcon/RugRectMomS00.png,No,NFS,88.0,Light blue,Light blue,2x1 ,Small,NA,Mom,Received in November in the Northern Hemisphere and received in May in the Southern Hemisphere,365.0,fancy,kitchen,motherly,Kitchen Rugs,Not for sale,1.0.0,1.0.0,RugRectMomS00,7402.0,QR6HWdrKgLeoFAkzR
Mom's lively kitchen mat,https://acnhcdn.com/latest/FtrIcon/RugRectMomS02.png,No,NFS,88.0,Yellow,Yellow,2x1 ,Small,NA,Mom,Received in November in the Northern Hemisphere and received in May in the Southern Hemisphere,365.0,fancy,kitchen,motherly,Kitchen Rugs,Not for sale,1.0.0,1.0.0,RugRectMomS02,9543.0,MvLXeraTpCoKRqmWA
Mom's playful kitchen mat,https://acnhcdn.com/latest/FtrIcon/RugRectMomS01.png,No,NFS,88.0,Pink,Pink,2x1 ,Small,NA,Mom,Received in November in the Northern Hemisphere and received in May in the Southern Hemisphere,365.0,fancy,kitchen,motherly,Kitchen Rugs,Not for sale,1.0.0,1.0.0,RugRectMomS01,9542.0,3F5HHssaHXMit7YMH
Mom's reliable kitchen mat,https://acnhcdn.com/latest/FtrIcon/RugRectMomS03.png,No,NFS,88.0,Purple,Purple,2x1 ,Small,NA,Mom,Received in November in the Northern Hemisphere and received in May in the Southern Hemisphere,365.0,fancy,kitchen,motherly,Kitchen Rugs,Not for sale,1.0.0,1.0.0,RugRectMomS03,9541.0,pe2KbbDbmkWPyd56c
monochromatic dotted rug,https://acnhcdn.com/latest/FtrIcon/RugRectDotL00.png,No,2000.0,500.0,Black,White,4x3 ,Large,NA,Saharah,,253.0,fancy,child's room,None,Slender Pattern Rugs,For sale,1.0.0,1.0.0,RugRectDotL00,7349.0,n7kdsLeGa9sFzPfYR
monochromatic wavy rug,https://acnhcdn.com/latest/FtrIcon/RugRectWaveL01.png,No,2000.0,500.0,Black,White,4x3 ,Large,NA,Saharah,,253.0,living room,child's room,None,Slender Pattern Rugs,For sale,1.0.0,1.0.0,RugRectWaveL01,7456.0,KEQx7PcEYYP5C8QGW
mush rug,https://acnhcdn.com/latest/FtrIcon/RugOtherMushM00.png,No,1500.0,375.0,Red,Red,3x3 ,Medium,NA,Saharah,,253.0,fancy,child's room,mush,Icon Rugs,For sale,1.0.0,1.0.0,RugOtherMushM00,7363.0,deKdNh2bu4udJ5zYx
natural wooden-deck rug,https://acnhcdn.com/latest/FtrIcon/RugRectDeckM01.png,No,1500.0,375.0,Brown,Brown,3x2 ,Medium,NA,Saharah,,253.0,outdoors,None,None,Wood Rugs,For sale,1.0.0,1.0.0,RugRectDeckM01,7380.0,4xyhHztk2b3GbRKu6
Nook Inc. botanical rug,https://acnhcdn.com/latest/FtrIcon/RugOtherTanukiM00.png,No,NFS,5000.0,None,None,3x3,Medium,1000.0,Nook Miles Shop,,151.0,fancy,living room,None,Park Rugs,Not for sale,1.1.0,1.1.0,RugOtherTanukiM00,12325.0,WiHenFMXuxj7q2rgq
Nook Inc. rug,https://acnhcdn.com/latest/FtrIcon/RugOtherLeafM00.png,No,NFS,5000.0,Green,Green,3x3 ,Medium,1000.0,Nook Miles Shop,,151.0,fancy,child's room,None,Park Rugs,Not for sale,1.0.0,1.0.0,RugOtherLeafM00,7364.0,HFmdcXn43ApSRKdk4
Nook Inc. silk rug,https://acnhcdn.com/latest/FtrIcon/RugRectTanukiL00.png,No,NFS,3000.0,None,None,4x3,Large,600.0,Nook Miles Shop,,0.0,facility,shop,None,Park Rugs,Not for sale,1.1.0,1.1.0,RugRectTanukiL00,12396.0,XQ72LLzAakWbavKFr
orange rug,https://acnhcdn.com/latest/FtrIcon/RugOtherOrangeM00.png,Yes,NFS,1200.0,Orange,Orange,3x3 ,Medium,NA,Crafting,,103.0,fancy,child's room,fruits,Fruit Rugs,Not for sale,1.0.0,1.0.0,RugOtherOrangeM00,7330.0,cXGa9CDpwXcCMzQw2
oval entrance mat,https://acnhcdn.com/latest/FtrIcon/RugOtherCountryS00.png,No,1000.0,250.0,Blue,Blue,2x1 ,Small,NA,Saharah,,253.0,living room,None,None,Slender Rugs,For sale,1.0.0,1.0.0,RugOtherCountryS00,7370.0,TJaw3inQooLN9DXGt
peach checked rug,https://acnhcdn.com/latest/FtrIcon/RugSquareCheckQuiltL02.png,No,2000.0,500.0,Pink,Light blue,4x4 ,Large,NA,Saharah,,253.0,living room,child's room,None,Pattern Rugs,For sale,1.0.0,1.0.0,RugSquareCheckQuiltL02,7463.0,QLtQLYyCeg7A28tzC
peach rug,https://acnhcdn.com/latest/FtrIcon/RugOtherPeachM00.png,Yes,NFS,1200.0,Pink,Pink,3x3 ,Medium,NA,Crafting,,103.0,fancy,child's room,fruits,Fruit Rugs,Not for sale,1.0.0,1.0.0,RugOtherPeachM00,7331.0,tqGgxHpeDfRCGRrjY
peach stripes rug,https://acnhcdn.com/latest/FtrIcon/RugRectBorderL01.png,No,2000.0,500.0,Pink,White,4x3 ,Large,NA,Saharah,,253.0,fancy,child's room,None,Slender Pattern Rugs,For sale,1.0.0,1.0.0,RugRectBorderL01,7532.0,LGhZCR8PgGQJYqST9
pear rug,https://acnhcdn.com/latest/FtrIcon/RugOtherPearM00.png,Yes,NFS,1200.0,Green,Green,3x3 ,Medium,NA,Crafting,,103.0,fancy,child's room,fruits,Fruit Rugs,Not for sale,1.0.0,1.0.0,RugOtherPearM00,7332.0,hLakk5wPNF2RHRCHR
pink heart rug,https://acnhcdn.com/latest/FtrIcon/RugOtherHeartM00.png,No,1500.0,375.0,Pink,Pink,3x3 ,Medium,NA,Saharah,,253.0,fancy,child's room,None,Heart Rugs,For sale,1.0.0,1.0.0,RugOtherHeartM00,7322.0,TY5kKqhPpxgifmRJF
pink rose rug,https://acnhcdn.com/latest/FtrIcon/RugOtherRoseM00.png,No,1500.0,375.0,Pink,Pink,3x3 ,Medium,NA,Saharah,,253.0,fancy,expensive,None,Rose Rug,For sale,1.0.0,1.0.0,RugOtherRoseM00,7365.0,adYBsXgG3etWwtsds
pirate rug,https://acnhcdn.com/latest/FtrIcon/RugRectPiratesM00.png,No,NFS,375.0,Blue,Brown,3x2,Medium,NA,Gullivarrr,,451.0,ocean,none,pirate,Slender Pattern Rugs,Not for sale,1.3.0,1.3.0,RugRectPiratesM00,12564.0,RPasRWt9A7bb4h4yv
purple heart rug,https://acnhcdn.com/latest/FtrIcon/RugOtherHeartM02.png,No,1500.0,375.0,Purple,Pink,3x3 ,Medium,NA,Saharah,,253.0,fancy,child's room,None,Heart Rugs,For sale,1.0.0,1.0.0,RugOtherHeartM02,7580.0,LzB8y9NY5cwZJETQy
purple Persian rug,https://acnhcdn.com/latest/FtrIcon/RugSquarePersianL03.png,No,2000.0,500.0,Purple,Beige,5x5 ,Large,NA,Saharah,,253.0,expensive,living room,None,Pattern Rugs,For sale,1.0.0,1.0.0,RugSquarePersianL03,8037.0,QzKyWFwcBF6DNoMQS
purple shaggy rug,https://acnhcdn.com/latest/FtrIcon/RugSquareShaggyL03.png,No,2000.0,500.0,Purple,Purple,5x5 ,Large,NA,Saharah,,253.0,living room,None,None,Pattern Rugs,For sale,1.0.0,1.0.0,RugSquareShaggyL03,9562.0,jYsKTqR44uCHSGbnE
red argyle rug,https://acnhcdn.com/latest/FtrIcon/RugRectArgyleL01.png,No,2000.0,500.0,Red,Red,4x3 ,Large,NA,Saharah,,253.0,living room,expensive,None,Slender Pattern Rugs,For sale,1.0.0,1.0.0,RugRectArgyleL01,8466.0,JcnvagFXFrtRojuX5
red blocks rug,https://acnhcdn.com/latest/FtrIcon/RugSquareBlockM00.png,No,1500.0,375.0,Red,Red,3x3 ,Medium,NA,Saharah,,253.0,living room,None,None,Pattern Rugs,For sale,1.0.0,1.0.0,RugSquareBlockM00,11101.0,PWaKA8fJZfRLdgBjP
red carpet,https://acnhcdn.com/latest/FtrIcon/RugRectElegantM00.png,No,1500.0,375.0,Red,Red,3x2 ,Medium,NA,Saharah,,253.0,expensive,None,None,Slender Rugs,For sale,1.0.0,1.0.0,RugRectElegantM00,7348.0,DrZgYBvviB7CGP3nx
red dotted rug,https://acnhcdn.com/latest/FtrIcon/RugRectDotL02.png,No,2000.0,500.0,Red,Red,4x3 ,Large,NA,Saharah,,253.0,fancy,child's room,None,Slender Pattern Rugs,For sale,1.0.0,1.0.0,RugRectDotL02,7465.0,6KoyAtx4QA2BuXKea
red kilim-style carpet,https://acnhcdn.com/latest/FtrIcon/RugSquareKirimL00.png,No,2000.0,500.0,Red,Red,5x5 ,Large,NA,Saharah,,253.0,living room,None,None,Pattern Rugs,For sale,1.0.0,1.0.0,RugSquareKirimL00,9313.0,dhvJNNbRm9qDxXrpJ
red medium round mat,https://acnhcdn.com/latest/FtrIcon/RugRoundSimpleM01.png,No,1500.0,375.0,Red,Red,3x3 ,Medium,NA,Saharah,,253.0,living room,child's room,None,Shaggy Round Rugs,For sale,1.0.0,1.0.0,RugRoundSimpleM01,9545.0,Ev2FGNQPGqW8Nn7fk
red message mat,https://acnhcdn.com/latest/FtrIcon/RugOtherMessageS03.png,No,1000.0,250.0,Red,Red,2x1 ,Small,NA,Saharah,,253.0,child's room,None,None,Message Mats,For sale,1.0.0,1.0.0,RugOtherMessageS03,9312.0,uYJPL9oP3tgpZHNhL
red Persian rug,https://acnhcdn.com/latest/FtrIcon/RugSquarePersianL00.png,No,2000.0,500.0,Red,Beige,5x5 ,Large,NA,Saharah,,253.0,expensive,living room,None,Pattern Rugs,For sale,1.0.0,1.0.0,RugSquarePersianL00,7347.0,ToTG8debi3YH93yqJ
red rose rug,https://acnhcdn.com/latest/FtrIcon/RugOtherRoseM01.png,No,1500.0,375.0,Red,Red,3x3 ,Medium,NA,Saharah,,253.0,fancy,expensive,flowers,Rose Rug,For sale,1.0.0,1.0.0,RugOtherRoseM01,8758.0,cXt7bSZGo8G4MWZ3x
red small round mat,https://acnhcdn.com/latest/FtrIcon/RugRoundSimpleS01.png,No,1000.0,250.0,Red,Red,2x2 ,Small,NA,Saharah,,253.0,living room,child's room,None,Shaggy Round Rugs,For sale,1.0.0,1.0.0,RugRoundSimpleS01,9548.0,z6C8NBYbSkshNZG7J
red vinyl sheet,https://acnhcdn.com/latest/FtrIcon/RugRectVinylM02.png,No,1500.0,375.0,Red,Colorful,3x2 ,Medium,NA,Saharah,,253.0,garden,None,None,Slender Pattern Rugs,For sale,1.0.0,1.0.0,RugRectVinylM02,7405.0,2tPPLjzq42Z8wjtNv
red wavy rug,https://acnhcdn.com/latest/FtrIcon/RugRectWaveL03.png,No,2000.0,500.0,Red,Yellow,4x3 ,Large,NA,Saharah,,253.0,living room,child's room,None,Slender Pattern Rugs,For sale,1.0.0,1.0.0,RugRectWaveL03,7457.0,pPTXqs45y6k23f62j
red wedding rug,https://acnhcdn.com/latest/FtrIcon/RugRectJuneBrideM02.png,No,NFS,375.0,None,None,3x2,Medium,NA,Cyrus,Only available during Wedding Season,437.0,party,expensive,wedding,Slender Pattern Rugs,Not for sale,1.2.0,1.2.1c,RugRectJuneBrideM02,12465.0,LmxrQZwL5HrEzsHqK
red-and-blue checked rug,https://acnhcdn.com/latest/FtrIcon/RugSquareCheckQuiltL00.png,No,2000.0,500.0,Red,Blue,4x4 ,Large,NA,Saharah,,253.0,living room,child's room,None,Pattern Rugs,For sale,1.0.0,1.0.0,RugSquareCheckQuiltL00,7343.0,zrouM9QCzYKg3kBcc
red-design kitchen mat,https://acnhcdn.com/latest/FtrIcon/RugRectNativeKitchenS00.png,No,1000.0,250.0,Red,Black,2x1 ,Small,NA,Saharah,,253.0,kitchen,None,None,Kitchen Rugs,For sale,1.0.0,1.0.0,RugRectNativeKitchenS00,7340.0,7KtKd8P5tbGSfG2qZ
retro dotted rug,https://acnhcdn.com/latest/FtrIcon/RugRectDotL01.png,No,2000.0,500.0,Green,Green,4x3 ,Large,NA,Saharah,,253.0,fancy,child's room,None,Slender Pattern Rugs,For sale,1.0.0,1.0.0,RugRectDotL01,7466.0,29Pm3PcqEJ3nP36sh
rough rug,https://acnhcdn.com/latest/FtrIcon/RugRectDoormatS00.png,No,1000.0,250.0,Brown,Brown,2x1 ,Small,NA,Saharah,,253.0,school,facility,None,Slender Rugs,For sale,1.0.0,1.0.0,RugRectDoormatS00,7324.0,oEg77tXhJ6GReb7gp
rubber mud mat,https://acnhcdn.com/latest/FtrIcon/RugRectRubberScraperS00.png,No,1000.0,250.0,Green,Green,2x1 ,Small,NA,Saharah,,253.0,school,None,None,Slender Rugs,For sale,1.0.0,1.0.0,RugRectRubberScraperS00,7339.0,Er4wGFd53SAq3zsGX
shanty mat,https://acnhcdn.com/latest/FtrIcon/RugSquareOldStrawL00.png,No,2000.0,500.0,Brown,Beige,4x4 ,Large,NA,Saharah,,253.0,zen-style,None,None,Simple Rugs,For sale,1.0.0,1.0.0,RugSquareOldStrawL00,7345.0,jLR8r3aHpRe4yJyxA
shell rug,https://acnhcdn.com/latest/FtrIcon/RugOtherShellM00.png,Yes,NFS,5400.0,Beige,Pink,3x3 ,Medium,NA,Crafting,,103.0,ocean,fancy,shell,Park Rugs,Not for sale,1.0.0,1.0.0,RugOtherShellM00,7362.0,kC3KJRKazh5c6m2uN
simple green bath mat,https://acnhcdn.com/latest/FtrIcon/RugRectBathmatS03.png,No,1000.0,250.0,Green,Green,2x1 ,Small,NA,Saharah,,253.0,bathroom,None,None,Slender Rugs,For sale,1.0.0,1.0.0,RugRectBathmatS03,7516.0,zfRhHqsvfBg5D6CJA
simple medium avocado mat,https://acnhcdn.com/latest/FtrIcon/RugSquareSimpleM03.png,No,1500.0,375.0,Green,Green,3x3 ,Medium,NA,Saharah,,253.0,living room,facility,None,Simple Rugs,For sale,1.0.0,1.0.0,RugSquareSimpleM03,7524.0,9BzJWMCmruohLvY8x
simple medium black mat,https://acnhcdn.com/latest/FtrIcon/RugSquareSimpleM07.png,No,1500.0,375.0,Black,Black,3x3 ,Medium,NA,Saharah,,253.0,living room,facility,None,Simple Rugs,For sale,1.0.0,1.0.0,RugSquareSimpleM07,7539.0,Nmx4FN5RX5LJ2xRF8
simple medium blue mat,https://acnhcdn.com/latest/FtrIcon/RugSquareSimpleM02.png,No,1500.0,375.0,Blue,Blue,3x3 ,Medium,NA,Saharah,,253.0,living room,facility,None,Simple Rugs,For sale,1.0.0,1.0.0,RugSquareSimpleM02,7523.0,7nEjDqYTsZdF3n8Ky
simple medium brown mat,https://acnhcdn.com/latest/FtrIcon/RugSquareSimpleM01.png,No,1500.0,375.0,Brown,Brown,3x3 ,Medium,NA,Saharah,,253.0,living room,facility,None,Simple Rugs,For sale,1.0.0,1.0.0,RugSquareSimpleM01,7519.0,FAqsC7JonfkPt3jc2
simple medium orange mat,https://acnhcdn.com/latest/FtrIcon/RugSquareSimpleM05.png,No,1500.0,375.0,Orange,Orange,3x3 ,Medium,NA,Saharah,,253.0,living room,facility,None,Simple Rugs,For sale,1.0.0,1.0.0,RugSquareSimpleM05,7536.0,Bt6N5gWJJNtdNg8TC
simple medium purple mat,https://acnhcdn.com/latest/FtrIcon/RugSquareSimpleM06.png,No,1500.0,375.0,Purple,Purple,3x3 ,Medium,NA,Saharah,,253.0,living room,facility,None,Simple Rugs,For sale,1.0.0,1.0.0,RugSquareSimpleM06,7538.0,9WryqBnvAMiSF7vJ6
simple medium red mat,https://acnhcdn.com/latest/FtrIcon/RugSquareSimpleM04.png,No,1500.0,375.0,Red,Red,3x3 ,Medium,NA,Saharah,,253.0,living room,facility,None,Simple Rugs,For sale,1.0.0,1.0.0,RugSquareSimpleM04,7540.0,yB22Mz4KP2wbzjYtv
simple navy bath mat,https://acnhcdn.com/latest/FtrIcon/RugRectBathmatS01.png,No,1000.0,250.0,Gray,Gray,2x1 ,Small,NA,Saharah,,253.0,bathroom,None,None,Slender Rugs,For sale,1.0.0,1.0.0,RugRectBathmatS01,7518.0,AZQdF6gMi89DXP9K3
simple pink bath mat,https://acnhcdn.com/latest/FtrIcon/RugRectBathmatS02.png,No,1000.0,250.0,Pink,Pink,2x1 ,Small,NA,Saharah,,253.0,bathroom,None,None,Slender Rugs,For sale,1.0.0,1.0.0,RugRectBathmatS02,7517.0,Lqze8wPcmFatBMFDw
simple small avocado mat,https://acnhcdn.com/latest/FtrIcon/RugSquareSimpleS03.png,No,1000.0,250.0,Green,Green,2x2 ,Small,NA,Saharah,,253.0,living room,facility,None,Simple Rugs,For sale,1.0.0,1.0.0,RugSquareSimpleS03,7520.0,PKfPEbTw8C55Qc5oH
simple small black mat,https://acnhcdn.com/latest/FtrIcon/RugSquareSimpleS07.png,No,1000.0,250.0,Black,Black,2x2 ,Small,NA,Saharah,,253.0,living room,facility,None,Simple Rugs,For sale,1.0.0,1.0.0,RugSquareSimpleS07,7543.0,uSGDYs7hCuxMBTZbi
simple small blue mat,https://acnhcdn.com/latest/FtrIcon/RugSquareSimpleS02.png,No,1000.0,250.0,Blue,Blue,2x2 ,Small,NA,Saharah,,253.0,living room,facility,None,Simple Rugs,For sale,1.0.0,1.0.0,RugSquareSimpleS02,7521.0,Q7FSQ4q6Hzt2YihKH
simple small brown mat,https://acnhcdn.com/latest/FtrIcon/RugSquareSimpleS01.png,No,1000.0,250.0,Brown,Brown,2x2 ,Small,NA,Saharah,,253.0,living room,facility,None,Simple Rugs,For sale,1.0.0,1.0.0,RugSquareSimpleS01,7522.0,aKCpcBCjrn6wWcyw2
simple small orange mat,https://acnhcdn.com/latest/FtrIcon/RugSquareSimpleS05.png,No,1000.0,250.0,Orange,Orange,2x2 ,Small,NA,Saharah,,253.0,living room,facility,None,Simple Rugs,For sale,1.0.0,1.0.0,RugSquareSimpleS05,7541.0,WomwFGQsQgogZNtQf
simple small purple mat,https://acnhcdn.com/latest/FtrIcon/RugSquareSimpleS06.png,No,1000.0,250.0,Purple,Purple,2x2 ,Small,NA,Saharah,,253.0,living room,facility,None,Simple Rugs,For sale,1.0.0,1.0.0,RugSquareSimpleS06,7542.0,h7wpDFdwKgJs2BvgG
simple small red mat,https://acnhcdn.com/latest/FtrIcon/RugSquareSimpleS04.png,No,1000.0,250.0,Red,Red,2x2 ,Small,NA,Saharah,,253.0,living room,facility,None,Simple Rugs,For sale,1.0.0,1.0.0,RugSquareSimpleS04,7537.0,nRakPP7nXacJB3YHX
sloppy rug,https://acnhcdn.com/latest/FtrIcon/RugOtherSloppyL00.png,No,2000.0,500.0,Light blue,Light blue,4x4 ,Large,NA,Saharah,,253.0,living room,child's room,None,Simple Rugs,For sale,1.0.0,1.0.0,RugOtherSloppyL00,7371.0,337rrvb9iapfJC4nb
snowflake rug,https://acnhcdn.com/latest/FtrIcon/RugRoundSnowM00.png,No,1500.0,375.0,Light blue,White,3x3 ,Medium,NA,Saharah,,253.0,freezing cold,fancy,None,Shaggy Round Rugs,For sale,1.0.0,1.0.0,RugRoundSnowM00,7346.0,upNaAkxPwQRHP6NXi
tatami mat,https://acnhcdn.com/latest/FtrIcon/RugRectTatamiM00.png,No,1500.0,375.0,Green,Yellow,3x2 ,Medium,NA,Saharah,,253.0,zen-style,None,None,Wood Rugs,For sale,1.0.0,1.0.0,RugRectTatamiM00,7369.0,m7efgfNG3HZR6G29s
tropical rug,https://acnhcdn.com/latest/FtrIcon/RugRoundIslandM00.png,No,1500.0,375.0,Green,Beige,3x3 ,Medium,NA,Saharah,,253.0,ocean,None,None,Park Rugs,For sale,1.0.0,1.0.0,RugRoundIslandM00,7358.0,tjgfDcBRhWQrxhjzk
turquoise heart rug,https://acnhcdn.com/latest/FtrIcon/RugOtherHeartM01.png,No,1500.0,375.0,Light blue,Light blue,3x3 ,Medium,NA,Saharah,,253.0,fancy,child's room,None,Heart Rugs,For sale,1.0.0,1.0.0,RugOtherHeartM01,7579.0,MeN8d4a4YKoFc2zDW
white heart rug,https://acnhcdn.com/latest/FtrIcon/RugOtherHeartM03.png,No,1500.0,375.0,White,White,3x3 ,Medium,NA,Saharah,,253.0,fancy,child's room,None,Heart Rugs,For sale,1.0.0,1.0.0,RugOtherHeartM03,7578.0,ur5qNz9QEkkCEPRDQ
white message mat,https://acnhcdn.com/latest/FtrIcon/RugOtherMessageS00.png,No,1000.0,250.0,White,White,2x1 ,Small,NA,Saharah,,253.0,child's room,None,None,Message Mats,For sale,1.0.0,1.0.0,RugOtherMessageS00,7338.0,ey5h5kDoaHvTgEdkj
white rose rug,https://acnhcdn.com/latest/FtrIcon/RugOtherRoseM03.png,No,1500.0,375.0,White,White,3x3 ,Medium,NA,Saharah,,253.0,fancy,expensive,flowers,Rose Rug,For sale,1.0.0,1.0.0,RugOtherRoseM03,8757.0,fWrizz9CC3Lg8apM2
white simple medium mat,https://acnhcdn.com/latest/FtrIcon/RugSquareSimpleM00.png,No,1500.0,375.0,Beige,White,3x3 ,Medium,NA,Saharah,,253.0,living room,facility,None,Simple Rugs,For sale,1.0.0,1.0.0,RugSquareSimpleM00,7335.0,vXD2oADv2fg4QRCp6
white simple small mat,https://acnhcdn.com/latest/FtrIcon/RugSquareSimpleS00.png,No,1000.0,250.0,Beige,White,2x2 ,Small,NA,Saharah,,253.0,living room,facility,None,Simple Rugs,For sale,1.0.0,1.0.0,RugSquareSimpleS00,7336.0,vhxZi6oAZWm9gxRfK
white wedding rug,https://acnhcdn.com/latest/FtrIcon/RugRectJuneBrideM03.png,No,NFS,375.0,None,None,3x2,Medium,NA,Cyrus,Only available during Wedding Season,437.0,party,expensive,wedding,Slender Pattern Rugs,Not for sale,1.2.0,1.2.1c,RugRectJuneBrideM03,12464.0,At7cbGksXn6rvhkQr
white wooden-deck rug,https://acnhcdn.com/latest/FtrIcon/RugRectDeckM02.png,No,1500.0,375.0,White,White,3x2 ,Medium,NA,Saharah,,253.0,outdoors,None,None,Wood Rugs,For sale,1.0.0,1.0.0,RugRectDeckM02,7381.0,nmBMJkGHnxGdzYzzP
yellow argyle rug,https://acnhcdn.com/latest/FtrIcon/RugRectArgyleL00.png,No,2000.0,500.0,Yellow,Yellow,4x3 ,Large,NA,Saharah,,253.0,living room,fancy,None,Slender Pattern Rugs,For sale,1.0.0,1.0.0,RugRectArgyleL00,7352.0,TEzohiZZfTSxoSNpd
yellow blocks rug,https://acnhcdn.com/latest/FtrIcon/RugSquareBlockM02.png,No,1500.0,375.0,Yellow,Brown,3x3 ,Medium,NA,Saharah,,253.0,living room,None,None,Pattern Rugs,For sale,1.0.0,1.0.0,RugSquareBlockM02,11103.0,Gb4rwvjZv74CDT8qE
yellow checked rug,https://acnhcdn.com/latest/FtrIcon/RugSquareCheckQuiltL01.png,No,2000.0,500.0,Yellow,Green,4x4 ,Large,NA,Saharah,,253.0,living room,child's room,None,Pattern Rugs,For sale,1.0.0,1.0.0,RugSquareCheckQuiltL01,7462.0,GdqeFkwTpKJLFQpyK
yellow kilim-style carpet,https://acnhcdn.com/latest/FtrIcon/RugSquareKirimL03.png,No,2000.0,500.0,Yellow,Beige,5x5 ,Large,NA,Saharah,,253.0,living room,None,None,Pattern Rugs,For sale,1.0.0,1.0.0,RugSquareKirimL03,9315.0,274gPov62L9zR3onG
yellow kitchen mat,https://acnhcdn.com/latest/FtrIcon/RugRectKitchenS01.png,No,1000.0,250.0,Yellow,Yellow,2x1 ,Small,NA,Saharah,,253.0,kitchen,None,None,Kitchen Rugs,For sale,1.0.0,1.0.0,RugRectKitchenS01,8395.0,CyGFnLgFnD3jrgKio
yellow medium round mat,https://acnhcdn.com/latest/FtrIcon/RugRoundSimpleM03.png,No,1500.0,375.0,Yellow,Yellow,3x3 ,Medium,NA,Saharah,,253.0,living room,child's room,None,Shaggy Round Rugs,For sale,1.0.0,1.0.0,RugRoundSimpleM03,9544.0,TfKNppy5CiswuZGSw
yellow message mat,https://acnhcdn.com/latest/FtrIcon/RugOtherMessageS02.png,No,1000.0,250.0,Yellow,Yellow,2x1 ,Small,NA,Saharah,,253.0,child's room,None,None,Message Mats,For sale,1.0.0,1.0.0,RugOtherMessageS02,9311.0,6NpR38JASvkZDezYq
yellow Persian rug,https://acnhcdn.com/latest/FtrIcon/RugSquarePersianL02.png,No,2000.0,500.0,Yellow,Beige,5x5 ,Large,NA,Saharah,,253.0,expensive,living room,None,Pattern Rugs,For sale,1.0.0,1.0.0,RugSquarePersianL02,8036.0,HdsBjfD2ongYrBt5m
yellow rose rug,https://acnhcdn.com/latest/FtrIcon/RugOtherRoseM02.png,No,1500.0,375.0,Yellow,Yellow,3x3 ,Medium,NA,Saharah,,253.0,fancy,expensive,flowers,Rose Rug,For sale,1.0.0,1.0.0,RugOtherRoseM02,8759.0,jta8sYzY36aqcjp3T
yellow small round mat,https://acnhcdn.com/latest/FtrIcon/RugRoundSimpleS03.png,No,1000.0,250.0,Yellow,Yellow,2x2 ,Small,NA,Saharah,,253.0,living room,child's room,None,Shaggy Round Rugs,For sale,1.0.0,1.0.0,RugRoundSimpleS03,9547.0,FS2ZvZLcRQDHp6hHr
yellow stripes rug,https://acnhcdn.com/latest/FtrIcon/RugRectBorderL00.png,No,2000.0,500.0,Yellow,White,4x3 ,Large,NA,Saharah,,253.0,fancy,child's room,None,Slender Pattern Rugs,For sale,1.0.0,1.0.0,RugRectBorderL00,7351.0,mJP9gz2YZAcQsWELE
yellow vinyl sheet,https://acnhcdn.com/latest/FtrIcon/RugRectVinylM03.png,No,1500.0,375.0,Yellow,Colorful,3x2 ,Medium,NA,Saharah,,253.0,garden,None,None,Slender Pattern Rugs,For sale,1.0.0,1.0.0,RugRectVinylM03,7403.0,8tMeC24TcYdot9ZuC
yellow-design kitchen mat,https://acnhcdn.com/latest/FtrIcon/RugRectNativeKitchenS02.png,No,1000.0,250.0,Yellow,Black,2x1 ,Small,NA,Saharah,,253.0,kitchen,None,None,Kitchen Rugs,For sale,1.0.0,1.0.0,RugRectNativeKitchenS02,7596.0,B76hfTkYR2vm96Hfd
