Name,Image,Variation,Body Title,DIY,Customize,Kit Cost,Uses,Stack Size,Buy,Sell,HHA Base Points,Color 1,Color 2,Size,Set,Miles Price,Source,Source Notes,Version Added,Version Unlocked,Filename,Variant ID,Internal ID,Unique Entry ID
axe,https://acnhcdn.com/latest/FtrIcon/ToolAxe.png,NA,NA,Yes,No,NA,100.0,1.0,2500.0,625.0,0.0,None,None,1x1,None,NA,Nook's Cranny; Crafting,,1.0.0,1.0.0,ToolAxe,NA,2100.0,iR9zzEhzpbXTGdkR4
bamboo wand,https://acnhcdn.com/latest/FtrIcon/ToolStickBamboo.png,NA,NA,Yes,No,NA,Unlimited,1.0,NFS,3900.0,201.0,None,None,1x1,None,NA,Crafting,,1.0.0,1.0.0,ToolStickBamboo,NA,7590.0,YLjDYt9NhwTgoXhLD
bug wand,https://acnhcdn.com/latest/FtrIcon/ToolStcikInsect.png,NA,NA,No,No,NA,Unlimited,1.0,NFS,1500.0,501.0,None,None,1x1,None,NA,Bug-Off,,1.0.0,1.0.0,ToolStcikInsect,NA,8769.0,vqp4KBeWgZjYbFj7Z
Bunny Day wand,https://acnhcdn.com/latest/FtrIcon/ToolStickEgg.png,NA,NA,Yes,No,NA,Unlimited,1.0,NFS,11100.0,351.0,None,None,1x1,None,NA,Crafting,,1.1.0,1.1.0a,ToolStickEgg,NA,12578.0,26wk773sY75rKY2P4
cherry-blossom wand,https://acnhcdn.com/latest/FtrIcon/ToolStickCherryblossom.png,NA,NA,Yes,No,NA,Unlimited,1.0,NFS,2700.0,0.0,None,None,1x1,None,NA,Crafting,,1.0.0,1.0.0,ToolStickCherryblossom,NA,7589.0,WHHbg5ZqTMu4J2wm5
colorful fishing rod,https://acnhcdn.com/latest/FtrIcon/ToolFishingrodDuck_Remake_0_0.png,Yellow,Color,No,Yes,1.0,30.0,1.0,2500.0,625.0,0.0,None,None,1x1,Colorful Tools,NA,Nook's Cranny,Available in Nook's Cranny (upgraded only),1.0.0,1.0.0,ToolFishingrodDuck_Remake_0_0,0_0,8472.0,ZTf6fzMoETiRSgYyv
colorful fishing rod,https://acnhcdn.com/latest/FtrIcon/ToolFishingrodDuck_Remake_1_0.png,Orange,Color,No,Yes,1.0,30.0,1.0,2500.0,625.0,0.0,None,None,1x1,Colorful Tools,NA,Nook's Cranny,Available in Nook's Cranny (upgraded only),1.0.0,1.0.0,ToolFishingrodDuck_Remake_1_0,1_0,8472.0,9RuY2ZBRztSNDRrfy
colorful fishing rod,https://acnhcdn.com/latest/FtrIcon/ToolFishingrodDuck_Remake_2_0.png,Light blue,Color,No,Yes,1.0,30.0,1.0,2500.0,625.0,0.0,None,None,1x1,Colorful Tools,NA,Nook's Cranny,Available in Nook's Cranny (upgraded only),1.0.0,1.0.0,ToolFishingrodDuck_Remake_2_0,2_0,8472.0,8PASMoPi9YgSBQ2LK
colorful fishing rod,https://acnhcdn.com/latest/FtrIcon/ToolFishingrodDuck_Remake_3_0.png,Pink,Color,No,Yes,1.0,30.0,1.0,2500.0,625.0,0.0,None,None,1x1,Colorful Tools,NA,Nook's Cranny,Available in Nook's Cranny (upgraded only),1.0.0,1.0.0,ToolFishingrodDuck_Remake_3_0,3_0,8472.0,sfSivSgSps27Jaz5M
colorful fishing rod,https://acnhcdn.com/latest/FtrIcon/ToolFishingrodDuck_Remake_4_0.png,Green,Color,No,Yes,1.0,30.0,1.0,2500.0,625.0,0.0,None,None,1x1,Colorful Tools,NA,Nook's Cranny,Available in Nook's Cranny (upgraded only),1.0.0,1.0.0,ToolFishingrodDuck_Remake_4_0,4_0,8472.0,vnSiERDKYDcddtuv6
colorful fishing rod,https://acnhcdn.com/latest/FtrIcon/ToolFishingrodDuck_Remake_5_0.png,Purple,Color,No,Yes,1.0,30.0,1.0,2500.0,625.0,0.0,None,None,1x1,Colorful Tools,NA,Nook's Cranny,Available in Nook's Cranny (upgraded only),1.0.0,1.0.0,ToolFishingrodDuck_Remake_5_0,5_0,8472.0,avewXgm4JtCerDcd6
colorful fishing rod,https://acnhcdn.com/latest/FtrIcon/ToolFishingrodDuck_Remake_6_0.png,White,Color,No,Yes,1.0,30.0,1.0,2500.0,625.0,0.0,None,None,1x1,Colorful Tools,NA,Nook's Cranny,Available in Nook's Cranny (upgraded only),1.0.0,1.0.0,ToolFishingrodDuck_Remake_6_0,6_0,8472.0,wmcSp5RZAczawLnJf
colorful fishing rod,https://acnhcdn.com/latest/FtrIcon/ToolFishingrodDuck_Remake_7_0.png,Gray,Color,No,Yes,1.0,30.0,1.0,2500.0,625.0,0.0,None,None,1x1,Colorful Tools,NA,Nook's Cranny,Available in Nook's Cranny (upgraded only),1.0.0,1.0.0,ToolFishingrodDuck_Remake_7_0,7_0,8472.0,v76QddpoKv2M4XspK
colorful net,https://acnhcdn.com/latest/FtrIcon/ToolNetPattern_Remake_0_0.png,Yellow & orange,Color,No,Yes,1.0,30.0,1.0,2500.0,625.0,0.0,None,None,1x1,Colorful Tools,NA,Nook's Cranny,Available in Nook's Cranny (upgraded only),1.0.0,1.0.0,ToolNetPattern_Remake_0_0,0_0,8177.0,5wGjS9fxCaGhWK5Cv
colorful net,https://acnhcdn.com/latest/FtrIcon/ToolNetPattern_Remake_1_0.png,Red & yellow,Color,No,Yes,1.0,30.0,1.0,2500.0,625.0,0.0,None,None,1x1,Colorful Tools,NA,Nook's Cranny,Available in Nook's Cranny (upgraded only),1.0.0,1.0.0,ToolNetPattern_Remake_1_0,1_0,8177.0,k4Ssqq2DesuGTy6hy
colorful net,https://acnhcdn.com/latest/FtrIcon/ToolNetPattern_Remake_2_0.png,Orange & blue,Color,No,Yes,1.0,30.0,1.0,2500.0,625.0,0.0,None,None,1x1,Colorful Tools,NA,Nook's Cranny,Available in Nook's Cranny (upgraded only),1.0.0,1.0.0,ToolNetPattern_Remake_2_0,2_0,8177.0,6pJhWYNiuyZKuKvYz
colorful net,https://acnhcdn.com/latest/FtrIcon/ToolNetPattern_Remake_3_0.png,Pink & yellow,Color,No,Yes,1.0,30.0,1.0,2500.0,625.0,0.0,None,None,1x1,Colorful Tools,NA,Nook's Cranny,Available in Nook's Cranny (upgraded only),1.0.0,1.0.0,ToolNetPattern_Remake_3_0,3_0,8177.0,AmK8KNTDWxdrJH6h7
colorful net,https://acnhcdn.com/latest/FtrIcon/ToolNetPattern_Remake_4_0.png,Green & blue,Color,No,Yes,1.0,30.0,1.0,2500.0,625.0,0.0,None,None,1x1,Colorful Tools,NA,Nook's Cranny,Available in Nook's Cranny (upgraded only),1.0.0,1.0.0,ToolNetPattern_Remake_4_0,4_0,8177.0,zcdZjuNZWrHas5efC
colorful net,https://acnhcdn.com/latest/FtrIcon/ToolNetPattern_Remake_5_0.png,Purple & pink,Color,No,Yes,1.0,30.0,1.0,2500.0,625.0,0.0,None,None,1x1,Colorful Tools,NA,Nook's Cranny,Available in Nook's Cranny (upgraded only),1.0.0,1.0.0,ToolNetPattern_Remake_5_0,5_0,8177.0,cTrR3cREJBqWZyfN6
colorful net,https://acnhcdn.com/latest/FtrIcon/ToolNetPattern_Remake_6_0.png,White & blue,Color,No,Yes,1.0,30.0,1.0,2500.0,625.0,0.0,None,None,1x1,Colorful Tools,NA,Nook's Cranny,Available in Nook's Cranny (upgraded only),1.0.0,1.0.0,ToolNetPattern_Remake_6_0,6_0,8177.0,wFcTeKJ9gM4yLgfTQ
colorful net,https://acnhcdn.com/latest/FtrIcon/ToolNetPattern_Remake_7_0.png,Gray & green,Color,No,Yes,1.0,30.0,1.0,2500.0,625.0,0.0,None,None,1x1,Colorful Tools,NA,Nook's Cranny,Available in Nook's Cranny (upgraded only),1.0.0,1.0.0,ToolNetPattern_Remake_7_0,7_0,8177.0,kgBcZghywrT4j47vx
colorful shovel,https://acnhcdn.com/latest/FtrIcon/ToolScoopColorful_Remake_0_0.png,Yellow,Color,No,Yes,1.0,100.0,1.0,2500.0,625.0,0.0,None,None,1x1,Colorful Tools,NA,Nook's Cranny,Available in Nook's Cranny (upgraded only),1.0.0,1.0.0,ToolScoopColorful_Remake_0_0,0_0,8577.0,ojvEkqxvFKKrrB6GR
colorful shovel,https://acnhcdn.com/latest/FtrIcon/ToolScoopColorful_Remake_1_0.png,Red,Color,No,Yes,1.0,100.0,1.0,2500.0,625.0,0.0,None,None,1x1,Colorful Tools,NA,Nook's Cranny,Available in Nook's Cranny (upgraded only),1.0.0,1.0.0,ToolScoopColorful_Remake_1_0,1_0,8577.0,pnM6ygwcMS5KmSP6c
colorful shovel,https://acnhcdn.com/latest/FtrIcon/ToolScoopColorful_Remake_2_0.png,Blue,Color,No,Yes,1.0,100.0,1.0,2500.0,625.0,0.0,None,None,1x1,Colorful Tools,NA,Nook's Cranny,Available in Nook's Cranny (upgraded only),1.0.0,1.0.0,ToolScoopColorful_Remake_2_0,2_0,8577.0,MYmh4oANQabcGNjJ6
colorful shovel,https://acnhcdn.com/latest/FtrIcon/ToolScoopColorful_Remake_3_0.png,Pink,Color,No,Yes,1.0,100.0,1.0,2500.0,625.0,0.0,None,None,1x1,Colorful Tools,NA,Nook's Cranny,Available in Nook's Cranny (upgraded only),1.0.0,1.0.0,ToolScoopColorful_Remake_3_0,3_0,8577.0,c3Frxwsyo8PSKZNya
colorful shovel,https://acnhcdn.com/latest/FtrIcon/ToolScoopColorful_Remake_4_0.png,Green,Color,No,Yes,1.0,100.0,1.0,2500.0,625.0,0.0,None,None,1x1,Colorful Tools,NA,Nook's Cranny,Available in Nook's Cranny (upgraded only),1.0.0,1.0.0,ToolScoopColorful_Remake_4_0,4_0,8577.0,RbQtnSAf4HNLKuao2
colorful shovel,https://acnhcdn.com/latest/FtrIcon/ToolScoopColorful_Remake_5_0.png,Purple,Color,No,Yes,1.0,100.0,1.0,2500.0,625.0,0.0,None,None,1x1,Colorful Tools,NA,Nook's Cranny,Available in Nook's Cranny (upgraded only),1.0.0,1.0.0,ToolScoopColorful_Remake_5_0,5_0,8577.0,MiJwRTGjbkK5Jx3Zw
colorful shovel,https://acnhcdn.com/latest/FtrIcon/ToolScoopColorful_Remake_6_0.png,White,Color,No,Yes,1.0,100.0,1.0,2500.0,625.0,0.0,None,None,1x1,Colorful Tools,NA,Nook's Cranny,Available in Nook's Cranny (upgraded only),1.0.0,1.0.0,ToolScoopColorful_Remake_6_0,6_0,8577.0,XCrHq3vFnD83kY2Sg
colorful shovel,https://acnhcdn.com/latest/FtrIcon/ToolScoopColorful_Remake_7_0.png,Black,Color,No,Yes,1.0,100.0,1.0,2500.0,625.0,0.0,None,None,1x1,Colorful Tools,NA,Nook's Cranny,Available in Nook's Cranny (upgraded only),1.0.0,1.0.0,ToolScoopColorful_Remake_7_0,7_0,8577.0,zo7TsB8NzfnFDA7yS
colorful slingshot,https://acnhcdn.com/latest/FtrIcon/ToolSlingshotColorful_Remake_0_0.png,Yellow,Color,No,Yes,1.0,20.0,1.0,2500.0,625.0,0.0,None,None,1x1,Colorful Tools,NA,Nook's Cranny,Available in Nook's Cranny (upgraded only),1.0.0,1.0.0,ToolSlingshotColorful_Remake_0_0,0_0,8580.0,dSvd9K7sRTbx6k5cd
colorful slingshot,https://acnhcdn.com/latest/FtrIcon/ToolSlingshotColorful_Remake_1_0.png,Red,Color,No,Yes,1.0,20.0,1.0,2500.0,625.0,0.0,None,None,1x1,Colorful Tools,NA,Nook's Cranny,Available in Nook's Cranny (upgraded only),1.0.0,1.0.0,ToolSlingshotColorful_Remake_1_0,1_0,8580.0,WAcZwYerSQtwujaPZ
colorful slingshot,https://acnhcdn.com/latest/FtrIcon/ToolSlingshotColorful_Remake_2_0.png,Blue,Color,No,Yes,1.0,20.0,1.0,2500.0,625.0,0.0,None,None,1x1,Colorful Tools,NA,Nook's Cranny,Available in Nook's Cranny (upgraded only),1.0.0,1.0.0,ToolSlingshotColorful_Remake_2_0,2_0,8580.0,k7afhFcA5Pqd8qu5F
colorful slingshot,https://acnhcdn.com/latest/FtrIcon/ToolSlingshotColorful_Remake_3_0.png,Pink,Color,No,Yes,1.0,20.0,1.0,2500.0,625.0,0.0,None,None,1x1,Colorful Tools,NA,Nook's Cranny,Available in Nook's Cranny (upgraded only),1.0.0,1.0.0,ToolSlingshotColorful_Remake_3_0,3_0,8580.0,GBqsH5XYgDHk8wGAz
colorful slingshot,https://acnhcdn.com/latest/FtrIcon/ToolSlingshotColorful_Remake_4_0.png,Green,Color,No,Yes,1.0,20.0,1.0,2500.0,625.0,0.0,None,None,1x1,Colorful Tools,NA,Nook's Cranny,Available in Nook's Cranny (upgraded only),1.0.0,1.0.0,ToolSlingshotColorful_Remake_4_0,4_0,8580.0,qq67sn4aq9w7w9Ga2
colorful slingshot,https://acnhcdn.com/latest/FtrIcon/ToolSlingshotColorful_Remake_5_0.png,Purple,Color,No,Yes,1.0,20.0,1.0,2500.0,625.0,0.0,None,None,1x1,Colorful Tools,NA,Nook's Cranny,Available in Nook's Cranny (upgraded only),1.0.0,1.0.0,ToolSlingshotColorful_Remake_5_0,5_0,8580.0,2JHaGhkbpoa4qbhge
colorful slingshot,https://acnhcdn.com/latest/FtrIcon/ToolSlingshotColorful_Remake_6_0.png,White,Color,No,Yes,1.0,20.0,1.0,2500.0,625.0,0.0,None,None,1x1,Colorful Tools,NA,Nook's Cranny,Available in Nook's Cranny (upgraded only),1.0.0,1.0.0,ToolSlingshotColorful_Remake_6_0,6_0,8580.0,cQYdSQ4MzKcnYAyc8
colorful slingshot,https://acnhcdn.com/latest/FtrIcon/ToolSlingshotColorful_Remake_7_0.png,Black,Color,No,Yes,1.0,20.0,1.0,2500.0,625.0,0.0,None,None,1x1,Colorful Tools,NA,Nook's Cranny,Available in Nook's Cranny (upgraded only),1.0.0,1.0.0,ToolSlingshotColorful_Remake_7_0,7_0,8580.0,KiTQgsCkJSTq6ssm6
colorful watering can,https://acnhcdn.com/latest/FtrIcon/ToolWateringColorful_Remake_0_0.png,Yellow,Color,No,Yes,1.0,60.0,1.0,2500.0,625.0,0.0,None,None,1x1,Colorful Tools,NA,Nook's Cranny,Available in Nook's Cranny (upgraded only),1.0.0,1.0.0,ToolWateringColorful_Remake_0_0,0_0,8534.0,35yzBzko3wrMwHjST
colorful watering can,https://acnhcdn.com/latest/FtrIcon/ToolWateringColorful_Remake_1_0.png,Red,Color,No,Yes,1.0,60.0,1.0,2500.0,625.0,0.0,None,None,1x1,Colorful Tools,NA,Nook's Cranny,Available in Nook's Cranny (upgraded only),1.0.0,1.0.0,ToolWateringColorful_Remake_1_0,1_0,8534.0,ngYPKLyn5xXawzas3
colorful watering can,https://acnhcdn.com/latest/FtrIcon/ToolWateringColorful_Remake_2_0.png,Blue,Color,No,Yes,1.0,60.0,1.0,2500.0,625.0,0.0,None,None,1x1,Colorful Tools,NA,Nook's Cranny,Available in Nook's Cranny (upgraded only),1.0.0,1.0.0,ToolWateringColorful_Remake_2_0,2_0,8534.0,QxhyiwvJWyAShwyhJ
colorful watering can,https://acnhcdn.com/latest/FtrIcon/ToolWateringColorful_Remake_3_0.png,Pink,Color,No,Yes,1.0,60.0,1.0,2500.0,625.0,0.0,None,None,1x1,Colorful Tools,NA,Nook's Cranny,Available in Nook's Cranny (upgraded only),1.0.0,1.0.0,ToolWateringColorful_Remake_3_0,3_0,8534.0,yuB5QpzCg94HN6u4g
colorful watering can,https://acnhcdn.com/latest/FtrIcon/ToolWateringColorful_Remake_4_0.png,Green,Color,No,Yes,1.0,60.0,1.0,2500.0,625.0,0.0,None,None,1x1,Colorful Tools,NA,Nook's Cranny,Available in Nook's Cranny (upgraded only),1.0.0,1.0.0,ToolWateringColorful_Remake_4_0,4_0,8534.0,q3p2jaJBt5gD2HRkZ
colorful watering can,https://acnhcdn.com/latest/FtrIcon/ToolWateringColorful_Remake_5_0.png,Purple,Color,No,Yes,1.0,60.0,1.0,2500.0,625.0,0.0,None,None,1x1,Colorful Tools,NA,Nook's Cranny,Available in Nook's Cranny (upgraded only),1.0.0,1.0.0,ToolWateringColorful_Remake_5_0,5_0,8534.0,fAm9eEkidwn5LSjSd
colorful watering can,https://acnhcdn.com/latest/FtrIcon/ToolWateringColorful_Remake_6_0.png,White,Color,No,Yes,1.0,60.0,1.0,2500.0,625.0,0.0,None,None,1x1,Colorful Tools,NA,Nook's Cranny,Available in Nook's Cranny (upgraded only),1.0.0,1.0.0,ToolWateringColorful_Remake_6_0,6_0,8534.0,4ySFWfB9G3KCq8sKf
colorful watering can,https://acnhcdn.com/latest/FtrIcon/ToolWateringColorful_Remake_7_0.png,Black,Color,No,Yes,1.0,60.0,1.0,2500.0,625.0,0.0,None,None,1x1,Colorful Tools,NA,Nook's Cranny,Available in Nook's Cranny (upgraded only),1.0.0,1.0.0,ToolWateringColorful_Remake_7_0,7_0,8534.0,yLHsKfxS39qTMyZ67
cosmos wand,https://acnhcdn.com/latest/FtrIcon/ToolStickCosmos.png,NA,NA,Yes,No,NA,Unlimited,1.0,NFS,1580.0,0.0,None,None,1x1,None,NA,Crafting,,1.0.0,1.0.0,ToolStickCosmos,NA,5092.0,vNqGM6xMEtteYKoza
elephant watering can,https://acnhcdn.com/latest/FtrIcon/ToolWateringElephant_Remake_0_0.png,Gray,Color,No,Yes,1.0,60.0,1.0,2500.0,625.0,0.0,None,None,1x1,None,NA,Nook's Cranny,Available in Nook's Cranny (upgraded only),1.0.0,1.0.0,ToolWateringElephant_Remake_0_0,0_0,8535.0,AjAhCPjQAreLmqKCB
elephant watering can,https://acnhcdn.com/latest/FtrIcon/ToolWateringElephant_Remake_1_0.png,Green,Color,No,Yes,1.0,60.0,1.0,2500.0,625.0,0.0,None,None,1x1,None,NA,Nook's Cranny,Available in Nook's Cranny (upgraded only),1.0.0,1.0.0,ToolWateringElephant_Remake_1_0,1_0,8535.0,JBApgvSrYbJcSmsd2
elephant watering can,https://acnhcdn.com/latest/FtrIcon/ToolWateringElephant_Remake_2_0.png,Blue,Color,No,Yes,1.0,60.0,1.0,2500.0,625.0,0.0,None,None,1x1,None,NA,Nook's Cranny,Available in Nook's Cranny (upgraded only),1.0.0,1.0.0,ToolWateringElephant_Remake_2_0,2_0,8535.0,HcqA5ggg9XBLsfYNK
elephant watering can,https://acnhcdn.com/latest/FtrIcon/ToolWateringElephant_Remake_3_0.png,Pink,Color,No,Yes,1.0,60.0,1.0,2500.0,625.0,0.0,None,None,1x1,None,NA,Nook's Cranny,Available in Nook's Cranny (upgraded only),1.0.0,1.0.0,ToolWateringElephant_Remake_3_0,3_0,8535.0,mvF2W6yf4hcXLu3eM
elephant watering can,https://acnhcdn.com/latest/FtrIcon/ToolWateringElephant_Remake_4_0.png,Red,Color,No,Yes,1.0,60.0,1.0,2500.0,625.0,0.0,None,None,1x1,None,NA,Nook's Cranny,Available in Nook's Cranny (upgraded only),1.0.0,1.0.0,ToolWateringElephant_Remake_4_0,4_0,8535.0,B6oWDPizvZRRBDbop
elephant watering can,https://acnhcdn.com/latest/FtrIcon/ToolWateringElephant_Remake_5_0.png,Yellow,Color,No,Yes,1.0,60.0,1.0,2500.0,625.0,0.0,None,None,1x1,None,NA,Nook's Cranny,Available in Nook's Cranny (upgraded only),1.0.0,1.0.0,ToolWateringElephant_Remake_5_0,5_0,8535.0,AoZCaqfJYb6TSNctg
elephant watering can,https://acnhcdn.com/latest/FtrIcon/ToolWateringElephant_Remake_6_0.png,Light blue,Color,No,Yes,1.0,60.0,1.0,2500.0,625.0,0.0,None,None,1x1,None,NA,Nook's Cranny,Available in Nook's Cranny (upgraded only),1.0.0,1.0.0,ToolWateringElephant_Remake_6_0,6_0,8535.0,cBG6avJmvncbTX56k
elephant watering can,https://acnhcdn.com/latest/FtrIcon/ToolWateringElephant_Remake_7_0.png,Black,Color,No,Yes,1.0,60.0,1.0,2500.0,625.0,0.0,None,None,1x1,None,NA,Nook's Cranny,Available in Nook's Cranny (upgraded only),1.0.0,1.0.0,ToolWateringElephant_Remake_7_0,7_0,8535.0,XphbdnArYGwJp8kmj
fish fishing rod,https://acnhcdn.com/latest/FtrIcon/ToolFishingrodColorful_Remake_0_0.png,Green,Color,No,Yes,1.0,30.0,1.0,2500.0,625.0,0.0,None,None,1x1,None,NA,Nook's Cranny,Available in Nook's Cranny (upgraded only),1.0.0,1.0.0,ToolFishingrodColorful_Remake_0_0,0_0,8471.0,dBNahAnSJkF5q7Wta
fish fishing rod,https://acnhcdn.com/latest/FtrIcon/ToolFishingrodColorful_Remake_1_0.png,Yellow,Color,No,Yes,1.0,30.0,1.0,2500.0,625.0,0.0,None,None,1x1,None,NA,Nook's Cranny,Available in Nook's Cranny (upgraded only),1.0.0,1.0.0,ToolFishingrodColorful_Remake_1_0,1_0,8471.0,ziRQL2REqF652sgkc
fish fishing rod,https://acnhcdn.com/latest/FtrIcon/ToolFishingrodColorful_Remake_2_0.png,Orange,Color,No,Yes,1.0,30.0,1.0,2500.0,625.0,0.0,None,None,1x1,None,NA,Nook's Cranny,Available in Nook's Cranny (upgraded only),1.0.0,1.0.0,ToolFishingrodColorful_Remake_2_0,2_0,8471.0,7id3sXPC6a2qTsM9S
fish fishing rod,https://acnhcdn.com/latest/FtrIcon/ToolFishingrodColorful_Remake_3_0.png,Light blue,Color,No,Yes,1.0,30.0,1.0,2500.0,625.0,0.0,None,None,1x1,None,NA,Nook's Cranny,Available in Nook's Cranny (upgraded only),1.0.0,1.0.0,ToolFishingrodColorful_Remake_3_0,3_0,8471.0,txjiE4Yoi66P59Rpi
fish fishing rod,https://acnhcdn.com/latest/FtrIcon/ToolFishingrodColorful_Remake_4_0.png,Blue,Color,No,Yes,1.0,30.0,1.0,2500.0,625.0,0.0,None,None,1x1,None,NA,Nook's Cranny,Available in Nook's Cranny (upgraded only),1.0.0,1.0.0,ToolFishingrodColorful_Remake_4_0,4_0,8471.0,mQQKH3hfMyn2P4SAT
fish fishing rod,https://acnhcdn.com/latest/FtrIcon/ToolFishingrodColorful_Remake_5_0.png,Purple,Color,No,Yes,1.0,30.0,1.0,2500.0,625.0,0.0,None,None,1x1,None,NA,Nook's Cranny,Available in Nook's Cranny (upgraded only),1.0.0,1.0.0,ToolFishingrodColorful_Remake_5_0,5_0,8471.0,oPumzrhQMfYrdrhfC
fish fishing rod,https://acnhcdn.com/latest/FtrIcon/ToolFishingrodColorful_Remake_6_0.png,Pink,Color,No,Yes,1.0,30.0,1.0,2500.0,625.0,0.0,None,None,1x1,None,NA,Nook's Cranny,Available in Nook's Cranny (upgraded only),1.0.0,1.0.0,ToolFishingrodColorful_Remake_6_0,6_0,8471.0,A44B9ELrDxsrY6HaR
fish fishing rod,https://acnhcdn.com/latest/FtrIcon/ToolFishingrodColorful_Remake_7_0.png,Red,Color,No,Yes,1.0,30.0,1.0,2500.0,625.0,0.0,None,None,1x1,None,NA,Nook's Cranny,Available in Nook's Cranny (upgraded only),1.0.0,1.0.0,ToolFishingrodColorful_Remake_7_0,7_0,8471.0,k6AepGHtwTJhBzxXZ
fish wand,https://acnhcdn.com/latest/FtrIcon/ToolStickFish.png,NA,NA,No,No,NA,Unlimited,1.0,NFS,1500.0,501.0,None,None,1x1,None,NA,Fishing Tourney,,1.0.0,1.0.0,ToolStickFish,NA,8770.0,HrGFzby54HCv326PJ
fishing rod,https://acnhcdn.com/latest/FtrIcon/ToolAngling_Remake_0_0.png,Blue,Color,Yes,Yes,1.0,30.0,1.0,NFS,600.0,0.0,None,None,1x1,None,NA,Crafting,,1.0.0,1.0.0,ToolAngling_Remake_0_0,0_0,2377.0,Y62px4Jy5vaMtN46u
fishing rod,https://acnhcdn.com/latest/FtrIcon/ToolAngling_Remake_1_0.png,Yellow,Color,Yes,Yes,1.0,30.0,1.0,NFS,600.0,0.0,None,None,1x1,None,NA,Crafting,,1.0.0,1.0.0,ToolAngling_Remake_1_0,1_0,2377.0,JLMypnErvJc6n9wS8
fishing rod,https://acnhcdn.com/latest/FtrIcon/ToolAngling_Remake_2_0.png,Green,Color,Yes,Yes,1.0,30.0,1.0,NFS,600.0,0.0,None,None,1x1,None,NA,Crafting,,1.0.0,1.0.0,ToolAngling_Remake_2_0,2_0,2377.0,WTqWoAYMKuJsXjWWv
fishing rod,https://acnhcdn.com/latest/FtrIcon/ToolAngling_Remake_3_0.png,Red,Color,Yes,Yes,1.0,30.0,1.0,NFS,600.0,0.0,None,None,1x1,None,NA,Crafting,,1.0.0,1.0.0,ToolAngling_Remake_3_0,3_0,2377.0,SWX3JZeySqWz8PKQi
fishing rod,https://acnhcdn.com/latest/FtrIcon/ToolAngling_Remake_4_0.png,Purple,Color,Yes,Yes,1.0,30.0,1.0,NFS,600.0,0.0,None,None,1x1,None,NA,Crafting,,1.0.0,1.0.0,ToolAngling_Remake_4_0,4_0,2377.0,PBLScat4po99B5h4k
fishing rod,https://acnhcdn.com/latest/FtrIcon/ToolAngling_Remake_5_0.png,Pink,Color,Yes,Yes,1.0,30.0,1.0,NFS,600.0,0.0,None,None,1x1,None,NA,Crafting,,1.0.0,1.0.0,ToolAngling_Remake_5_0,5_0,2377.0,9bT9ZRhRG3e3WA8Bn
fishing rod,https://acnhcdn.com/latest/FtrIcon/ToolAngling_Remake_6_0.png,White,Color,Yes,Yes,1.0,30.0,1.0,NFS,600.0,0.0,None,None,1x1,None,NA,Crafting,,1.0.0,1.0.0,ToolAngling_Remake_6_0,6_0,2377.0,G58mfRs22f48nF9QA
fishing rod,https://acnhcdn.com/latest/FtrIcon/ToolAngling_Remake_7_0.png,Black,Color,Yes,Yes,1.0,30.0,1.0,NFS,600.0,0.0,None,None,1x1,None,NA,Crafting,,1.0.0,1.0.0,ToolAngling_Remake_7_0,7_0,2377.0,bgrXEg4NvgPjudWar
flimsy axe,https://acnhcdn.com/latest/FtrIcon/ToolAxeStone.png,NA,NA,Yes,No,NA,40.0,1.0,800.0,200.0,0.0,None,None,1x1,None,NA,Nook's Cranny; Crafting,Available after unlocking the axe in the story,1.0.0,1.0.0,ToolAxeStone,NA,3068.0,L79jandXPjEAoQScd
flimsy fishing rod,https://acnhcdn.com/latest/FtrIcon/ToolFishingrodWood.png,NA,NA,Yes,No,NA,9.5,1.0,400.0,100.0,0.0,None,None,1x1,None,NA,Nook's Cranny; Crafting,"Available in all tiers of shops, including Timmy & Tommy before the shop is opened",1.0.0,1.0.0,ToolFishingrodWood,NA,3084.0,qtA9zfSRuaCkmmQXr
flimsy net,https://acnhcdn.com/latest/FtrIcon/ToolNet.png,NA,NA,Yes,No,NA,10.0,1.0,400.0,100.0,0.0,None,None,1x1,None,NA,Nook's Cranny; Crafting,"Available in all tiers of shops, including Timmy & Tommy before the shop is opened",1.0.0,1.0.0,ToolNet,NA,2376.0,PHe3aaN2nsXFcQXxN
flimsy shovel,https://acnhcdn.com/latest/FtrIcon/ToolShovelWood.png,NA,NA,Yes,No,NA,40.0,1.0,800.0,200.0,0.0,None,None,1x1,None,NA,Nook's Cranny; Crafting,Available after unlocking the shovel in the story,1.0.0,1.0.0,ToolShovelWood,NA,3082.0,PnLgMCQ34R3HxWqcT
flimsy watering can,https://acnhcdn.com/latest/FtrIcon/ToolWateringWood.png,NA,NA,Yes,No,NA,20.0,1.0,800.0,200.0,0.0,None,None,1x1,None,NA,Nook's Cranny; Crafting,"Available in all tiers of shops, including Timmy & Tommy before the shop is opened",1.0.0,1.0.0,ToolWateringWood,NA,3083.0,BdRyC6atcvz3KJnnM
golden axe,https://acnhcdn.com/latest/FtrIcon/ToolAxeGold.png,NA,NA,Yes,No,NA,200.0,1.0,NFS,10655.0,0.0,None,None,1x1,None,NA,Crafting,,1.0.0,1.0.0,ToolAxeGold,NA,9617.0,eX9RXzQHaaZX89zoN
golden net,https://acnhcdn.com/latest/FtrIcon/ToolNetGold.png,NA,NA,Yes,No,NA,90.0,1.0,NFS,10400.0,0.0,None,None,1x1,None,NA,Crafting,,1.0.0,1.0.0,ToolNetGold,NA,8179.0,aKMTWuywGTuorriEg
golden rod,https://acnhcdn.com/latest/FtrIcon/ToolFishingrodGold.png,NA,NA,Yes,No,NA,90.0,1.0,NFS,10400.0,0.0,None,None,1x1,None,NA,Crafting,,1.0.0,1.0.0,ToolFishingrodGold,NA,8660.0,Tt5YeqejtuW3T7Cbq
golden shovel,https://acnhcdn.com/latest/FtrIcon/ToolScoopGold.png,NA,NA,Yes,No,NA,200.0,1.0,NFS,10675.0,0.0,None,None,1x1,None,NA,Crafting,,1.0.0,1.0.0,ToolScoopGold,NA,8574.0,EMzMphvPgdhguM4Ku
golden slingshot,https://acnhcdn.com/latest/FtrIcon/ToolSlingshotGold.png,NA,NA,Yes,No,NA,60.0,1.0,NFS,10300.0,0.0,None,None,1x1,None,NA,Crafting,,1.0.0,1.0.0,ToolSlingshotGold,NA,8578.0,tx3MMcGrZPHeyoLeY
golden wand,https://acnhcdn.com/latest/FtrIcon/ToolStickGolden.png,NA,NA,Yes,No,NA,Unlimited,1.0,NFS,20750.0,0.0,None,None,1x1,None,NA,Crafting,,1.0.0,1.0.0,ToolStickGolden,NA,7591.0,fdDGHvQBc5AhtExnt
golden watering can,https://acnhcdn.com/latest/FtrIcon/ToolWateringGold.png,NA,NA,Yes,No,NA,180.0,1.0,NFS,10675.0,0.0,None,None,1x1,None,NA,Crafting,,1.0.0,1.0.0,ToolWateringGold,NA,8533.0,bzEwTDjTeK4gKSsZa
hyacinth wand,https://acnhcdn.com/latest/FtrIcon/ToolStickHyacinth.png,NA,NA,Yes,No,NA,Unlimited,1.0,NFS,1660.0,0.0,None,None,1x1,None,NA,Crafting,,1.0.0,1.0.0,ToolStickHyacinth,NA,5083.0,aBPEFn5NehSoQ428E
ice wand,https://acnhcdn.com/latest/FtrIcon/ToolStickSnow.png,NA,NA,Yes,No,NA,Unlimited,1.0,NFS,6500.0,0.0,None,None,1x1,None,NA,Crafting,,1.0.0,1.0.0,ToolStickSnow,NA,7585.0,pQCDsY6gvHXL2SAff
iron wand,https://acnhcdn.com/latest/FtrIcon/ToolStickIron.png,NA,NA,Yes,No,NA,Unlimited,1.0,NFS,3750.0,0.0,None,None,1x1,None,NA,Crafting,,1.0.0,1.0.0,ToolStickIron,NA,7592.0,5JC2q7xYFFCBhX2mS
ladder,https://acnhcdn.com/latest/FtrIcon/ToolLadder.png,NA,NA,Yes,No,NA,Unlimited,1.0,NFS,1440.0,0.0,None,None,1x1,None,NA,Crafting,,1.0.0,1.0.0,ToolLadder,NA,2615.0,TxFCim9KyNE7edcXH
light stick,https://acnhcdn.com/latest/FtrIcon/ToolSticklight.png,NA,NA,No,No,NA,Unlimited,1.0,1500.0,375.0,0.0,None,None,1x1,None,NA,Isabelle,Obtained by speaking to Isabelle on New Year's Eve,1.0.0,1.0.0,ToolSticklight,NA,5741.0,9HpdmfZcEfuXtR8ey
lily wand,https://acnhcdn.com/latest/FtrIcon/ToolStickYuri.png,NA,NA,Yes,No,NA,Unlimited,1.0,NFS,1580.0,0.0,None,None,1x1,None,NA,Crafting,,1.0.0,1.0.0,ToolStickYuri,NA,5094.0,rX7Dget4dZzprkSY4
mums wand,https://acnhcdn.com/latest/FtrIcon/ToolStickChrysanthemum.png,NA,NA,Yes,No,NA,Unlimited,1.0,NFS,1580.0,0.0,None,None,1x1,None,NA,Crafting,,1.0.0,1.0.0,ToolStickChrysanthemum,NA,5095.0,9sd3YGxf9jmuGBrGw
mushroom wand,https://acnhcdn.com/latest/FtrIcon/ToolStickMushroom_Remake_0_0.png,Ordinary mushroom,Mushroom type,Yes,Yes,1.0,Unlimited,1.0,NFS,3300.0,0.0,None,None,1x1,None,NA,Crafting,,1.0.0,1.0.0,ToolStickMushroom_Remake_0_0,0_0,7588.0,6PLR84qz4JifgtLmh
mushroom wand,https://acnhcdn.com/latest/FtrIcon/ToolStickMushroom_Remake_1_0.png,White mushroom,Mushroom type,Yes,Yes,1.0,Unlimited,1.0,NFS,3300.0,0.0,None,None,1x1,None,NA,Crafting,,1.0.0,1.0.0,ToolStickMushroom_Remake_1_0,1_0,7588.0,T898uqxxT6AXuXyBt
mushroom wand,https://acnhcdn.com/latest/FtrIcon/ToolStickMushroom_Remake_2_0.png,Strange mushroom,Mushroom type,Yes,Yes,1.0,Unlimited,1.0,NFS,3300.0,0.0,None,None,1x1,None,NA,Crafting,,1.0.0,1.0.0,ToolStickMushroom_Remake_2_0,2_0,7588.0,rcjxuvmyCPyTjbbwm
mushroom wand,https://acnhcdn.com/latest/FtrIcon/ToolStickMushroom_Remake_3_0.png,Red mushroom,Mushroom type,Yes,Yes,1.0,Unlimited,1.0,NFS,3300.0,0.0,None,None,1x1,None,NA,Crafting,,1.0.0,1.0.0,ToolStickMushroom_Remake_3_0,3_0,7588.0,nN6uiNEshKx8sYwKE
mushroom wand,https://acnhcdn.com/latest/FtrIcon/ToolStickMushroom_Remake_4_0.png,Yellow mushroom,Mushroom type,Yes,Yes,1.0,Unlimited,1.0,NFS,3300.0,0.0,None,None,1x1,None,NA,Crafting,,1.0.0,1.0.0,ToolStickMushroom_Remake_4_0,4_0,7588.0,Dtm7dJLAERgpCpGXv
net,https://acnhcdn.com/latest/FtrIcon/ToolNetNormal_Remake_0_0.png,Red,Color,Yes,Yes,1.0,30.0,1.0,900.0,225.0,0.0,None,None,1x1,None,NA,Nook's Cranny; Crafting,"Available in all tiers of shops, including Timmy & Tommy before the shop is opened",1.0.0,1.0.0,ToolNetNormal_Remake_0_0,0_0,5784.0,HH8tKPMbt8DQpSrMS
net,https://acnhcdn.com/latest/FtrIcon/ToolNetNormal_Remake_1_0.png,Yellow,Color,Yes,Yes,1.0,30.0,1.0,900.0,225.0,0.0,None,None,1x1,None,NA,Nook's Cranny; Crafting,"Available in all tiers of shops, including Timmy & Tommy before the shop is opened",1.0.0,1.0.0,ToolNetNormal_Remake_1_0,1_0,5784.0,YiRCkQXgKaLKf8D6p
net,https://acnhcdn.com/latest/FtrIcon/ToolNetNormal_Remake_2_0.png,Green,Color,Yes,Yes,1.0,30.0,1.0,900.0,225.0,0.0,None,None,1x1,None,NA,Nook's Cranny; Crafting,"Available in all tiers of shops, including Timmy & Tommy before the shop is opened",1.0.0,1.0.0,ToolNetNormal_Remake_2_0,2_0,5784.0,X3x4tGwZiYnM5SRZv
net,https://acnhcdn.com/latest/FtrIcon/ToolNetNormal_Remake_3_0.png,Blue,Color,Yes,Yes,1.0,30.0,1.0,900.0,225.0,0.0,None,None,1x1,None,NA,Nook's Cranny; Crafting,"Available in all tiers of shops, including Timmy & Tommy before the shop is opened",1.0.0,1.0.0,ToolNetNormal_Remake_3_0,3_0,5784.0,WtArd6h6MFQ8sjwEt
net,https://acnhcdn.com/latest/FtrIcon/ToolNetNormal_Remake_4_0.png,Purple,Color,Yes,Yes,1.0,30.0,1.0,900.0,225.0,0.0,None,None,1x1,None,NA,Nook's Cranny; Crafting,"Available in all tiers of shops, including Timmy & Tommy before the shop is opened",1.0.0,1.0.0,ToolNetNormal_Remake_4_0,4_0,5784.0,b8L8wbutCQEQjAzwD
net,https://acnhcdn.com/latest/FtrIcon/ToolNetNormal_Remake_5_0.png,Pink,Color,Yes,Yes,1.0,30.0,1.0,900.0,225.0,0.0,None,None,1x1,None,NA,Nook's Cranny; Crafting,"Available in all tiers of shops, including Timmy & Tommy before the shop is opened",1.0.0,1.0.0,ToolNetNormal_Remake_5_0,5_0,5784.0,8Khqvy2vpnJkpKLET
net,https://acnhcdn.com/latest/FtrIcon/ToolNetNormal_Remake_6_0.png,White,Color,Yes,Yes,1.0,30.0,1.0,900.0,225.0,0.0,None,None,1x1,None,NA,Nook's Cranny; Crafting,"Available in all tiers of shops, including Timmy & Tommy before the shop is opened",1.0.0,1.0.0,ToolNetNormal_Remake_6_0,6_0,5784.0,yNCid2KGDGFSz2W7L
net,https://acnhcdn.com/latest/FtrIcon/ToolNetNormal_Remake_7_0.png,Black,Color,Yes,Yes,1.0,30.0,1.0,900.0,225.0,0.0,None,None,1x1,None,NA,Nook's Cranny; Crafting,"Available in all tiers of shops, including Timmy & Tommy before the shop is opened",1.0.0,1.0.0,ToolNetNormal_Remake_7_0,7_0,5784.0,pFaH2eF4JpK3roNtQ
Nook Inc. uchiwa fan,https://acnhcdn.com/latest/FtrIcon/ToolFanNook0.png,NA,NA,No,No,NA,Unlimited,1.0,NFS,2000.0,151.0,Green,White,1x1,None,400.0,Nook Miles Shop,,1.0.0,1.0.0,ToolFanNook0,NA,9762.0,Qwfx3obKdwCDKr4WG
ocarina,https://acnhcdn.com/latest/FtrIcon/ToolOcarina.png,NA,NA,Yes,No,NA,Unlimited,1.0,NFS,1000.0,0.0,None,None,1x1,None,NA,Crafting,,1.0.0,1.0.0,ToolOcarina,NA,5320.0,xN5tB3m4aXnm94RLL
outdoorsy fishing rod,https://acnhcdn.com/latest/FtrIcon/ToolFishingrodOutdoor_Remake_0_0.png,Avocado,Color,No,Yes,1.0,30.0,1.0,2500.0,625.0,0.0,None,None,1x1,Outdoor Tools,NA,Nook's Cranny,Available in Nook's Cranny (upgraded only),1.0.0,1.0.0,ToolFishingrodOutdoor_Remake_0_0,0_0,8473.0,bvYTHd7dbDC9ZijAd
outdoorsy fishing rod,https://acnhcdn.com/latest/FtrIcon/ToolFishingrodOutdoor_Remake_1_0.png,Orange,Color,No,Yes,1.0,30.0,1.0,2500.0,625.0,0.0,None,None,1x1,Outdoor Tools,NA,Nook's Cranny,Available in Nook's Cranny (upgraded only),1.0.0,1.0.0,ToolFishingrodOutdoor_Remake_1_0,1_0,8473.0,bMdHGfZQu6846Somm
outdoorsy fishing rod,https://acnhcdn.com/latest/FtrIcon/ToolFishingrodOutdoor_Remake_2_0.png,Light blue,Color,No,Yes,1.0,30.0,1.0,2500.0,625.0,0.0,None,None,1x1,Outdoor Tools,NA,Nook's Cranny,Available in Nook's Cranny (upgraded only),1.0.0,1.0.0,ToolFishingrodOutdoor_Remake_2_0,2_0,8473.0,3Ne39o36LkhGc9rGk
outdoorsy fishing rod,https://acnhcdn.com/latest/FtrIcon/ToolFishingrodOutdoor_Remake_3_0.png,Red,Color,No,Yes,1.0,30.0,1.0,2500.0,625.0,0.0,None,None,1x1,Outdoor Tools,NA,Nook's Cranny,Available in Nook's Cranny (upgraded only),1.0.0,1.0.0,ToolFishingrodOutdoor_Remake_3_0,3_0,8473.0,BJAg7c5HmD6LncCCj
outdoorsy fishing rod,https://acnhcdn.com/latest/FtrIcon/ToolFishingrodOutdoor_Remake_4_0.png,Beige,Color,No,Yes,1.0,30.0,1.0,2500.0,625.0,0.0,None,None,1x1,Outdoor Tools,NA,Nook's Cranny,Available in Nook's Cranny (upgraded only),1.0.0,1.0.0,ToolFishingrodOutdoor_Remake_4_0,4_0,8473.0,DZwxGwf6DY8ucEKwP
outdoorsy fishing rod,https://acnhcdn.com/latest/FtrIcon/ToolFishingrodOutdoor_Remake_5_0.png,Pink,Color,No,Yes,1.0,30.0,1.0,2500.0,625.0,0.0,None,None,1x1,Outdoor Tools,NA,Nook's Cranny,Available in Nook's Cranny (upgraded only),1.0.0,1.0.0,ToolFishingrodOutdoor_Remake_5_0,5_0,8473.0,sGPYWwozfBgoi62fk
outdoorsy fishing rod,https://acnhcdn.com/latest/FtrIcon/ToolFishingrodOutdoor_Remake_6_0.png,Yellow,Color,No,Yes,1.0,30.0,1.0,2500.0,625.0,0.0,None,None,1x1,Outdoor Tools,NA,Nook's Cranny,Available in Nook's Cranny (upgraded only),1.0.0,1.0.0,ToolFishingrodOutdoor_Remake_6_0,6_0,8473.0,3M7FJL2qfL5iAZvxn
outdoorsy fishing rod,https://acnhcdn.com/latest/FtrIcon/ToolFishingrodOutdoor_Remake_7_0.png,Black,Color,No,Yes,1.0,30.0,1.0,2500.0,625.0,0.0,None,None,1x1,Outdoor Tools,NA,Nook's Cranny,Available in Nook's Cranny (upgraded only),1.0.0,1.0.0,ToolFishingrodOutdoor_Remake_7_0,7_0,8473.0,JdGkE9Mf9mXN3jXj5
outdoorsy net,https://acnhcdn.com/latest/FtrIcon/ToolNetOutdoor_Remake_0_0.png,Avocado,Color,No,Yes,1.0,30.0,1.0,2500.0,625.0,0.0,None,None,1x1,Outdoor Tools,NA,Nook's Cranny,Available in Nook's Cranny (upgraded only),1.0.0,1.0.0,ToolNetOutdoor_Remake_0_0,0_0,8178.0,v8G8jriZ3R47Y5CTA
outdoorsy net,https://acnhcdn.com/latest/FtrIcon/ToolNetOutdoor_Remake_1_0.png,Orange,Color,No,Yes,1.0,30.0,1.0,2500.0,625.0,0.0,None,None,1x1,Outdoor Tools,NA,Nook's Cranny,Available in Nook's Cranny (upgraded only),1.0.0,1.0.0,ToolNetOutdoor_Remake_1_0,1_0,8178.0,SeeobMqj2fMCHFRR5
outdoorsy net,https://acnhcdn.com/latest/FtrIcon/ToolNetOutdoor_Remake_2_0.png,Light blue,Color,No,Yes,1.0,30.0,1.0,2500.0,625.0,0.0,None,None,1x1,Outdoor Tools,NA,Nook's Cranny,Available in Nook's Cranny (upgraded only),1.0.0,1.0.0,ToolNetOutdoor_Remake_2_0,2_0,8178.0,dDuDFS3Q87rSEvYGA
outdoorsy net,https://acnhcdn.com/latest/FtrIcon/ToolNetOutdoor_Remake_3_0.png,Red,Color,No,Yes,1.0,30.0,1.0,2500.0,625.0,0.0,None,None,1x1,Outdoor Tools,NA,Nook's Cranny,Available in Nook's Cranny (upgraded only),1.0.0,1.0.0,ToolNetOutdoor_Remake_3_0,3_0,8178.0,bhFAvdtCDNFuaL7tp
outdoorsy net,https://acnhcdn.com/latest/FtrIcon/ToolNetOutdoor_Remake_4_0.png,Beige,Color,No,Yes,1.0,30.0,1.0,2500.0,625.0,0.0,None,None,1x1,Outdoor Tools,NA,Nook's Cranny,Available in Nook's Cranny (upgraded only),1.0.0,1.0.0,ToolNetOutdoor_Remake_4_0,4_0,8178.0,cdXFG76YRzMhcBKvE
outdoorsy net,https://acnhcdn.com/latest/FtrIcon/ToolNetOutdoor_Remake_5_0.png,Pink,Color,No,Yes,1.0,30.0,1.0,2500.0,625.0,0.0,None,None,1x1,Outdoor Tools,NA,Nook's Cranny,Available in Nook's Cranny (upgraded only),1.0.0,1.0.0,ToolNetOutdoor_Remake_5_0,5_0,8178.0,mRjtY48TEQkJaiYqv
outdoorsy net,https://acnhcdn.com/latest/FtrIcon/ToolNetOutdoor_Remake_6_0.png,Yellow,Color,No,Yes,1.0,30.0,1.0,2500.0,625.0,0.0,None,None,1x1,Outdoor Tools,NA,Nook's Cranny,Available in Nook's Cranny (upgraded only),1.0.0,1.0.0,ToolNetOutdoor_Remake_6_0,6_0,8178.0,qJWCYusFziCAZowwo
outdoorsy net,https://acnhcdn.com/latest/FtrIcon/ToolNetOutdoor_Remake_7_0.png,Black,Color,No,Yes,1.0,30.0,1.0,2500.0,625.0,0.0,None,None,1x1,Outdoor Tools,NA,Nook's Cranny,Available in Nook's Cranny (upgraded only),1.0.0,1.0.0,ToolNetOutdoor_Remake_7_0,7_0,8178.0,v4vzaPQkSf4PHpjnC
outdoorsy shovel,https://acnhcdn.com/latest/FtrIcon/ToolScoopOutdoor_Remake_0_0.png,Avocado,Color,No,Yes,1.0,100.0,1.0,2500.0,625.0,0.0,None,None,1x1,Outdoor Tools,NA,Nook's Cranny,Available in Nook's Cranny (upgraded only),1.0.0,1.0.0,ToolScoopOutdoor_Remake_0_0,0_0,8575.0,Je4oQvJHrridANtwW
outdoorsy shovel,https://acnhcdn.com/latest/FtrIcon/ToolScoopOutdoor_Remake_1_0.png,Orange,Color,No,Yes,1.0,100.0,1.0,2500.0,625.0,0.0,None,None,1x1,Outdoor Tools,NA,Nook's Cranny,Available in Nook's Cranny (upgraded only),1.0.0,1.0.0,ToolScoopOutdoor_Remake_1_0,1_0,8575.0,Qkuxh7aBzEEcgXX3g
outdoorsy shovel,https://acnhcdn.com/latest/FtrIcon/ToolScoopOutdoor_Remake_2_0.png,Light blue,Color,No,Yes,1.0,100.0,1.0,2500.0,625.0,0.0,None,None,1x1,Outdoor Tools,NA,Nook's Cranny,Available in Nook's Cranny (upgraded only),1.0.0,1.0.0,ToolScoopOutdoor_Remake_2_0,2_0,8575.0,PhHgvEkW3oiFvhWuk
outdoorsy shovel,https://acnhcdn.com/latest/FtrIcon/ToolScoopOutdoor_Remake_3_0.png,Red,Color,No,Yes,1.0,100.0,1.0,2500.0,625.0,0.0,None,None,1x1,Outdoor Tools,NA,Nook's Cranny,Available in Nook's Cranny (upgraded only),1.0.0,1.0.0,ToolScoopOutdoor_Remake_3_0,3_0,8575.0,6cvhBz44Z4BAxt8AX
outdoorsy shovel,https://acnhcdn.com/latest/FtrIcon/ToolScoopOutdoor_Remake_4_0.png,Beige,Color,No,Yes,1.0,100.0,1.0,2500.0,625.0,0.0,None,None,1x1,Outdoor Tools,NA,Nook's Cranny,Available in Nook's Cranny (upgraded only),1.0.0,1.0.0,ToolScoopOutdoor_Remake_4_0,4_0,8575.0,R2WDYoFbBG2hWfFtf
outdoorsy shovel,https://acnhcdn.com/latest/FtrIcon/ToolScoopOutdoor_Remake_5_0.png,Pink,Color,No,Yes,1.0,100.0,1.0,2500.0,625.0,0.0,None,None,1x1,Outdoor Tools,NA,Nook's Cranny,Available in Nook's Cranny (upgraded only),1.0.0,1.0.0,ToolScoopOutdoor_Remake_5_0,5_0,8575.0,RKjgnpJYtFKZgKDRk
outdoorsy shovel,https://acnhcdn.com/latest/FtrIcon/ToolScoopOutdoor_Remake_6_0.png,Yellow,Color,No,Yes,1.0,100.0,1.0,2500.0,625.0,0.0,None,None,1x1,Outdoor Tools,NA,Nook's Cranny,Available in Nook's Cranny (upgraded only),1.0.0,1.0.0,ToolScoopOutdoor_Remake_6_0,6_0,8575.0,ccQGhqapinP7FiXPJ
outdoorsy shovel,https://acnhcdn.com/latest/FtrIcon/ToolScoopOutdoor_Remake_7_0.png,Black,Color,No,Yes,1.0,100.0,1.0,2500.0,625.0,0.0,None,None,1x1,Outdoor Tools,NA,Nook's Cranny,Available in Nook's Cranny (upgraded only),1.0.0,1.0.0,ToolScoopOutdoor_Remake_7_0,7_0,8575.0,e8xYribiE3L9zbeNz
outdoorsy slingshot,https://acnhcdn.com/latest/FtrIcon/ToolSlingshotOutdoor_Remake_0_0.png,Avocado,Color,No,Yes,1.0,20.0,1.0,2500.0,625.0,0.0,None,None,1x1,Outdoor Tools,NA,Nook's Cranny,Available in Nook's Cranny (upgraded only),1.0.0,1.0.0,ToolSlingshotOutdoor_Remake_0_0,0_0,8579.0,qJkGDgJtD9cQye8oD
outdoorsy slingshot,https://acnhcdn.com/latest/FtrIcon/ToolSlingshotOutdoor_Remake_1_0.png,Orange,Color,No,Yes,1.0,20.0,1.0,2500.0,625.0,0.0,None,None,1x1,Outdoor Tools,NA,Nook's Cranny,Available in Nook's Cranny (upgraded only),1.0.0,1.0.0,ToolSlingshotOutdoor_Remake_1_0,1_0,8579.0,AGkd53Dzoh7p5R5ef
outdoorsy slingshot,https://acnhcdn.com/latest/FtrIcon/ToolSlingshotOutdoor_Remake_2_0.png,Light blue,Color,No,Yes,1.0,20.0,1.0,2500.0,625.0,0.0,None,None,1x1,Outdoor Tools,NA,Nook's Cranny,Available in Nook's Cranny (upgraded only),1.0.0,1.0.0,ToolSlingshotOutdoor_Remake_2_0,2_0,8579.0,coBFkGLRCML7SdfZb
outdoorsy slingshot,https://acnhcdn.com/latest/FtrIcon/ToolSlingshotOutdoor_Remake_3_0.png,Red,Color,No,Yes,1.0,20.0,1.0,2500.0,625.0,0.0,None,None,1x1,Outdoor Tools,NA,Nook's Cranny,Available in Nook's Cranny (upgraded only),1.0.0,1.0.0,ToolSlingshotOutdoor_Remake_3_0,3_0,8579.0,ekLvFR39DuH4SdSgB
outdoorsy slingshot,https://acnhcdn.com/latest/FtrIcon/ToolSlingshotOutdoor_Remake_4_0.png,Beige,Color,No,Yes,1.0,20.0,1.0,2500.0,625.0,0.0,None,None,1x1,Outdoor Tools,NA,Nook's Cranny,Available in Nook's Cranny (upgraded only),1.0.0,1.0.0,ToolSlingshotOutdoor_Remake_4_0,4_0,8579.0,mLqZThcPR7oSdGETt
outdoorsy slingshot,https://acnhcdn.com/latest/FtrIcon/ToolSlingshotOutdoor_Remake_5_0.png,Pink,Color,No,Yes,1.0,20.0,1.0,2500.0,625.0,0.0,None,None,1x1,Outdoor Tools,NA,Nook's Cranny,Available in Nook's Cranny (upgraded only),1.0.0,1.0.0,ToolSlingshotOutdoor_Remake_5_0,5_0,8579.0,4QBCHA5pzb8Hapo7g
outdoorsy slingshot,https://acnhcdn.com/latest/FtrIcon/ToolSlingshotOutdoor_Remake_6_0.png,Yellow,Color,No,Yes,1.0,20.0,1.0,2500.0,625.0,0.0,None,None,1x1,Outdoor Tools,NA,Nook's Cranny,Available in Nook's Cranny (upgraded only),1.0.0,1.0.0,ToolSlingshotOutdoor_Remake_6_0,6_0,8579.0,FDEpHpn9wAoHmzq6S
outdoorsy slingshot,https://acnhcdn.com/latest/FtrIcon/ToolSlingshotOutdoor_Remake_7_0.png,Black,Color,No,Yes,1.0,20.0,1.0,2500.0,625.0,0.0,None,None,1x1,Outdoor Tools,NA,Nook's Cranny,Available in Nook's Cranny (upgraded only),1.0.0,1.0.0,ToolSlingshotOutdoor_Remake_7_0,7_0,8579.0,d2BxLmN5fFdSTsXvP
outdoorsy watering can,https://acnhcdn.com/latest/FtrIcon/ToolWateringOutdoor_Remake_0_0.png,Avocado,Color,No,Yes,1.0,60.0,1.0,2500.0,625.0,0.0,None,None,1x1,Outdoor Tools,NA,Nook's Cranny,Available in Nook's Cranny (upgraded only),1.0.0,1.0.0,ToolWateringOutdoor_Remake_0_0,0_0,8536.0,QSmseNnk3WqSmSFH8
outdoorsy watering can,https://acnhcdn.com/latest/FtrIcon/ToolWateringOutdoor_Remake_1_0.png,Orange,Color,No,Yes,1.0,60.0,1.0,2500.0,625.0,0.0,None,None,1x1,Outdoor Tools,NA,Nook's Cranny,Available in Nook's Cranny (upgraded only),1.0.0,1.0.0,ToolWateringOutdoor_Remake_1_0,1_0,8536.0,SrmzprzDgkRoPoGcN
outdoorsy watering can,https://acnhcdn.com/latest/FtrIcon/ToolWateringOutdoor_Remake_2_0.png,Light blue,Color,No,Yes,1.0,60.0,1.0,2500.0,625.0,0.0,None,None,1x1,Outdoor Tools,NA,Nook's Cranny,Available in Nook's Cranny (upgraded only),1.0.0,1.0.0,ToolWateringOutdoor_Remake_2_0,2_0,8536.0,PRfaCyGvx3hieqpKh
outdoorsy watering can,https://acnhcdn.com/latest/FtrIcon/ToolWateringOutdoor_Remake_3_0.png,Red,Color,No,Yes,1.0,60.0,1.0,2500.0,625.0,0.0,None,None,1x1,Outdoor Tools,NA,Nook's Cranny,Available in Nook's Cranny (upgraded only),1.0.0,1.0.0,ToolWateringOutdoor_Remake_3_0,3_0,8536.0,AvLJNwY9w5fSpT47f
outdoorsy watering can,https://acnhcdn.com/latest/FtrIcon/ToolWateringOutdoor_Remake_4_0.png,Beige,Color,No,Yes,1.0,60.0,1.0,2500.0,625.0,0.0,None,None,1x1,Outdoor Tools,NA,Nook's Cranny,Available in Nook's Cranny (upgraded only),1.0.0,1.0.0,ToolWateringOutdoor_Remake_4_0,4_0,8536.0,o2Zd58pLWuNfHSRoz
outdoorsy watering can,https://acnhcdn.com/latest/FtrIcon/ToolWateringOutdoor_Remake_5_0.png,Pink,Color,No,Yes,1.0,60.0,1.0,2500.0,625.0,0.0,None,None,1x1,Outdoor Tools,NA,Nook's Cranny,Available in Nook's Cranny (upgraded only),1.0.0,1.0.0,ToolWateringOutdoor_Remake_5_0,5_0,8536.0,6GRguzWiwsicHTun6
outdoorsy watering can,https://acnhcdn.com/latest/FtrIcon/ToolWateringOutdoor_Remake_6_0.png,Yellow,Color,No,Yes,1.0,60.0,1.0,2500.0,625.0,0.0,None,None,1x1,Outdoor Tools,NA,Nook's Cranny,Available in Nook's Cranny (upgraded only),1.0.0,1.0.0,ToolWateringOutdoor_Remake_6_0,6_0,8536.0,iyppHKcwic4M3Mb9N
outdoorsy watering can,https://acnhcdn.com/latest/FtrIcon/ToolWateringOutdoor_Remake_7_0.png,Black,Color,No,Yes,1.0,60.0,1.0,2500.0,625.0,0.0,None,None,1x1,Outdoor Tools,NA,Nook's Cranny,Available in Nook's Cranny (upgraded only),1.0.0,1.0.0,ToolWateringOutdoor_Remake_7_0,7_0,8536.0,vWuJ6J7YaPtB7vE88
pan flute,https://acnhcdn.com/latest/FtrIcon/ToolPanpipe.png,NA,NA,Yes,No,NA,Unlimited,1.0,NFS,2800.0,201.0,None,None,1x1,None,NA,Crafting,,1.0.0,1.0.0,ToolPanpipe,NA,5517.0,7LjdexM2bmrbxDaCG
pansy wand,https://acnhcdn.com/latest/FtrIcon/ToolStickPansy.png,NA,NA,Yes,No,NA,Unlimited,1.0,NFS,1580.0,0.0,None,None,1x1,None,NA,Crafting,,1.0.0,1.0.0,ToolStickPansy,NA,5091.0,kPAMdHZaM8oHFjjyg
party popper,https://acnhcdn.com/latest/FtrIcon/ToolCracker.png,NA,NA,No,No,NA,1.0,10.0,100.0,25.0,0.0,None,None,1x1,None,NA,Nook's Cranny,Only available close to new year holiday,1.0.0,1.0.0,ToolCracker,NA,2753.0,Wo8iqf7JZZ7egzmLf
printed-design shovel,https://acnhcdn.com/latest/FtrIcon/ToolScoopPattern_Remake_0_0.png,Light blue,Color,No,Yes,1.0,100.0,1.0,2500.0,625.0,0.0,None,None,1x1,None,NA,Nook's Cranny,Available in Nook's Cranny (upgraded only),1.0.0,1.0.0,ToolScoopPattern_Remake_0_0,0_0,8576.0,nQuRoWnfXx8BPFTmA
printed-design shovel,https://acnhcdn.com/latest/FtrIcon/ToolScoopPattern_Remake_1_0.png,White,Color,No,Yes,1.0,100.0,1.0,2500.0,625.0,0.0,None,None,1x1,None,NA,Nook's Cranny,Available in Nook's Cranny (upgraded only),1.0.0,1.0.0,ToolScoopPattern_Remake_1_0,1_0,8576.0,uayKLmvAsj6EHGnJW
printed-design shovel,https://acnhcdn.com/latest/FtrIcon/ToolScoopPattern_Remake_2_0.png,Yellow,Color,No,Yes,1.0,100.0,1.0,2500.0,625.0,0.0,None,None,1x1,None,NA,Nook's Cranny,Available in Nook's Cranny (upgraded only),1.0.0,1.0.0,ToolScoopPattern_Remake_2_0,2_0,8576.0,Aa39b233u5kL2BZ5M
printed-design shovel,https://acnhcdn.com/latest/FtrIcon/ToolScoopPattern_Remake_3_0.png,Pink,Color,No,Yes,1.0,100.0,1.0,2500.0,625.0,0.0,None,None,1x1,None,NA,Nook's Cranny,Available in Nook's Cranny (upgraded only),1.0.0,1.0.0,ToolScoopPattern_Remake_3_0,3_0,8576.0,jBDbWkxf2bC4Q7FXw
printed-design shovel,https://acnhcdn.com/latest/FtrIcon/ToolScoopPattern_Remake_4_0.png,Green,Color,No,Yes,1.0,100.0,1.0,2500.0,625.0,0.0,None,None,1x1,None,NA,Nook's Cranny,Available in Nook's Cranny (upgraded only),1.0.0,1.0.0,ToolScoopPattern_Remake_4_0,4_0,8576.0,8p4An2z69STF7vEXo
printed-design shovel,https://acnhcdn.com/latest/FtrIcon/ToolScoopPattern_Remake_5_0.png,Blue,Color,No,Yes,1.0,100.0,1.0,2500.0,625.0,0.0,None,None,1x1,None,NA,Nook's Cranny,Available in Nook's Cranny (upgraded only),1.0.0,1.0.0,ToolScoopPattern_Remake_5_0,5_0,8576.0,6T8xrvDKPvnmAgoAm
printed-design shovel,https://acnhcdn.com/latest/FtrIcon/ToolScoopPattern_Remake_6_0.png,Purple,Color,No,Yes,1.0,100.0,1.0,2500.0,625.0,0.0,None,None,1x1,None,NA,Nook's Cranny,Available in Nook's Cranny (upgraded only),1.0.0,1.0.0,ToolScoopPattern_Remake_6_0,6_0,8576.0,uYrRaXdBb23RrpGNc
printed-design shovel,https://acnhcdn.com/latest/FtrIcon/ToolScoopPattern_Remake_7_0.png,Black,Color,No,Yes,1.0,100.0,1.0,2500.0,625.0,0.0,None,None,1x1,None,NA,Nook's Cranny,Available in Nook's Cranny (upgraded only),1.0.0,1.0.0,ToolScoopPattern_Remake_7_0,7_0,8576.0,mwWibomJ7C9h9diZ3
rose wand,https://acnhcdn.com/latest/FtrIcon/ToolStickRose.png,NA,NA,Yes,No,NA,Unlimited,1.0,NFS,1580.0,0.0,None,None,1x1,None,NA,Crafting,,1.0.0,1.0.0,ToolStickRose,NA,5093.0,RB9jk9eLFLJdokFjG
shell wand,https://acnhcdn.com/latest/FtrIcon/ToolStickShell.png,NA,NA,Yes,No,NA,Unlimited,1.0,NFS,5100.0,0.0,None,None,1x1,None,NA,Crafting,,1.0.0,1.0.0,ToolStickShell,NA,7586.0,EsdC3wFYpzqXB7RRi
shovel,https://acnhcdn.com/latest/FtrIcon/ToolScoop_Remake_0_0.png,Red,Color,Yes,Yes,1.0,100.0,1.0,2400.0,600.0,0.0,None,None,1x1,None,NA,Crafting,,1.0.0,1.0.0,ToolScoop_Remake_0_0,0_0,2099.0,B6ejTnMqrR65wXv5z
shovel,https://acnhcdn.com/latest/FtrIcon/ToolScoop_Remake_1_0.png,Yellow,Color,Yes,Yes,1.0,100.0,1.0,2400.0,600.0,0.0,None,None,1x1,None,NA,Crafting,,1.0.0,1.0.0,ToolScoop_Remake_1_0,1_0,2099.0,6sKHnKeEuPcLpjEF3
shovel,https://acnhcdn.com/latest/FtrIcon/ToolScoop_Remake_2_0.png,Green,Color,Yes,Yes,1.0,100.0,1.0,2400.0,600.0,0.0,None,None,1x1,None,NA,Crafting,,1.0.0,1.0.0,ToolScoop_Remake_2_0,2_0,2099.0,SSzNaAfdGfnFoL8Qq
shovel,https://acnhcdn.com/latest/FtrIcon/ToolScoop_Remake_3_0.png,Blue,Color,Yes,Yes,1.0,100.0,1.0,2400.0,600.0,0.0,None,None,1x1,None,NA,Crafting,,1.0.0,1.0.0,ToolScoop_Remake_3_0,3_0,2099.0,qiAf2KCaX5Xr57bXb
shovel,https://acnhcdn.com/latest/FtrIcon/ToolScoop_Remake_4_0.png,Purple,Color,Yes,Yes,1.0,100.0,1.0,2400.0,600.0,0.0,None,None,1x1,None,NA,Crafting,,1.0.0,1.0.0,ToolScoop_Remake_4_0,4_0,2099.0,bbbeRassLbyY8HCP3
shovel,https://acnhcdn.com/latest/FtrIcon/ToolScoop_Remake_5_0.png,Pink,Color,Yes,Yes,1.0,100.0,1.0,2400.0,600.0,0.0,None,None,1x1,None,NA,Crafting,,1.0.0,1.0.0,ToolScoop_Remake_5_0,5_0,2099.0,CZoPP24ecNvDxdNfY
shovel,https://acnhcdn.com/latest/FtrIcon/ToolScoop_Remake_6_0.png,White,Color,Yes,Yes,1.0,100.0,1.0,2400.0,600.0,0.0,None,None,1x1,None,NA,Crafting,,1.0.0,1.0.0,ToolScoop_Remake_6_0,6_0,2099.0,JLemP4xchhzB2BmLk
shovel,https://acnhcdn.com/latest/FtrIcon/ToolScoop_Remake_7_0.png,Black,Color,Yes,Yes,1.0,100.0,1.0,2400.0,600.0,0.0,None,None,1x1,None,NA,Crafting,,1.0.0,1.0.0,ToolScoop_Remake_7_0,7_0,2099.0,egJGqooiodvdWtv6Y
slingshot,https://acnhcdn.com/latest/FtrIcon/ToolSlingshot_Remake_0_0.png,Red,Color,Yes,Yes,1.0,20.0,1.0,900.0,225.0,0.0,None,None,1x1,None,NA,Nook's Cranny; Crafting,"Available in all tiers of shops, including Timmy & Tommy before the shop is opened",1.0.0,1.0.0,ToolSlingshot_Remake_0_0,0_0,2822.0,kgAEBkWjeZrdvZLwC
slingshot,https://acnhcdn.com/latest/FtrIcon/ToolSlingshot_Remake_1_0.png,Yellow,Color,Yes,Yes,1.0,20.0,1.0,900.0,225.0,0.0,None,None,1x1,None,NA,Nook's Cranny; Crafting,"Available in all tiers of shops, including Timmy & Tommy before the shop is opened",1.0.0,1.0.0,ToolSlingshot_Remake_1_0,1_0,2822.0,aoeJ6gnZq7Cz9MH58
slingshot,https://acnhcdn.com/latest/FtrIcon/ToolSlingshot_Remake_2_0.png,Green,Color,Yes,Yes,1.0,20.0,1.0,900.0,225.0,0.0,None,None,1x1,None,NA,Nook's Cranny; Crafting,"Available in all tiers of shops, including Timmy & Tommy before the shop is opened",1.0.0,1.0.0,ToolSlingshot_Remake_2_0,2_0,2822.0,prpgd3XrcJHJZybaD
slingshot,https://acnhcdn.com/latest/FtrIcon/ToolSlingshot_Remake_3_0.png,Blue,Color,Yes,Yes,1.0,20.0,1.0,900.0,225.0,0.0,None,None,1x1,None,NA,Nook's Cranny; Crafting,"Available in all tiers of shops, including Timmy & Tommy before the shop is opened",1.0.0,1.0.0,ToolSlingshot_Remake_3_0,3_0,2822.0,bHrn2thixWf3tPgQB
slingshot,https://acnhcdn.com/latest/FtrIcon/ToolSlingshot_Remake_4_0.png,Purple,Color,Yes,Yes,1.0,20.0,1.0,900.0,225.0,0.0,None,None,1x1,None,NA,Nook's Cranny; Crafting,"Available in all tiers of shops, including Timmy & Tommy before the shop is opened",1.0.0,1.0.0,ToolSlingshot_Remake_4_0,4_0,2822.0,o2z73jZqDyg3Bwjtq
slingshot,https://acnhcdn.com/latest/FtrIcon/ToolSlingshot_Remake_5_0.png,Pink,Color,Yes,Yes,1.0,20.0,1.0,900.0,225.0,0.0,None,None,1x1,None,NA,Nook's Cranny; Crafting,"Available in all tiers of shops, including Timmy & Tommy before the shop is opened",1.0.0,1.0.0,ToolSlingshot_Remake_5_0,5_0,2822.0,J47FSys2XtpZr8dT9
slingshot,https://acnhcdn.com/latest/FtrIcon/ToolSlingshot_Remake_6_0.png,White,Color,Yes,Yes,1.0,20.0,1.0,900.0,225.0,0.0,None,None,1x1,None,NA,Nook's Cranny; Crafting,"Available in all tiers of shops, including Timmy & Tommy before the shop is opened",1.0.0,1.0.0,ToolSlingshot_Remake_6_0,6_0,2822.0,qKjLAtchN5GvjyknF
slingshot,https://acnhcdn.com/latest/FtrIcon/ToolSlingshot_Remake_7_0.png,Gray,Color,Yes,Yes,1.0,20.0,1.0,900.0,225.0,0.0,None,None,1x1,None,NA,Nook's Cranny; Crafting,"Available in all tiers of shops, including Timmy & Tommy before the shop is opened",1.0.0,1.0.0,ToolSlingshot_Remake_7_0,7_0,2822.0,dq9S8zrmf4efRddki
star net,https://acnhcdn.com/latest/FtrIcon/ToolNetStar_Remake_0_0.png,Yellow,Color,No,Yes,1.0,30.0,1.0,2500.0,625.0,0.0,None,None,1x1,None,NA,Nook's Cranny,Available in Nook's Cranny (upgraded only),1.0.0,1.0.0,ToolNetStar_Remake_0_0,0_0,8176.0,wmcDHN8JZMbnvLiNs
star net,https://acnhcdn.com/latest/FtrIcon/ToolNetStar_Remake_1_0.png,Red,Color,No,Yes,1.0,30.0,1.0,2500.0,625.0,0.0,None,None,1x1,None,NA,Nook's Cranny,Available in Nook's Cranny (upgraded only),1.0.0,1.0.0,ToolNetStar_Remake_1_0,1_0,8176.0,KxYpvPeESLFNeLjGm
star net,https://acnhcdn.com/latest/FtrIcon/ToolNetStar_Remake_2_0.png,Blue,Color,No,Yes,1.0,30.0,1.0,2500.0,625.0,0.0,None,None,1x1,None,NA,Nook's Cranny,Available in Nook's Cranny (upgraded only),1.0.0,1.0.0,ToolNetStar_Remake_2_0,2_0,8176.0,7GJJruF4u4y62nvQy
star net,https://acnhcdn.com/latest/FtrIcon/ToolNetStar_Remake_3_0.png,Light green,Color,No,Yes,1.0,30.0,1.0,2500.0,625.0,0.0,None,None,1x1,None,NA,Nook's Cranny,Available in Nook's Cranny (upgraded only),1.0.0,1.0.0,ToolNetStar_Remake_3_0,3_0,8176.0,y7BXcMSNByN5Q4Ycs
star net,https://acnhcdn.com/latest/FtrIcon/ToolNetStar_Remake_4_0.png,Pink,Color,No,Yes,1.0,30.0,1.0,2500.0,625.0,0.0,None,None,1x1,None,NA,Nook's Cranny,Available in Nook's Cranny (upgraded only),1.0.0,1.0.0,ToolNetStar_Remake_4_0,4_0,8176.0,ajfxbnCnpzWsxsk9q
star net,https://acnhcdn.com/latest/FtrIcon/ToolNetStar_Remake_5_0.png,Purple,Color,No,Yes,1.0,30.0,1.0,2500.0,625.0,0.0,None,None,1x1,None,NA,Nook's Cranny,Available in Nook's Cranny (upgraded only),1.0.0,1.0.0,ToolNetStar_Remake_5_0,5_0,8176.0,4mcfWQJQeebqu4az6
star net,https://acnhcdn.com/latest/FtrIcon/ToolNetStar_Remake_6_0.png,Light blue,Color,No,Yes,1.0,30.0,1.0,2500.0,625.0,0.0,None,None,1x1,None,NA,Nook's Cranny,Available in Nook's Cranny (upgraded only),1.0.0,1.0.0,ToolNetStar_Remake_6_0,6_0,8176.0,ngWXLftz3J8uf7WZq
star net,https://acnhcdn.com/latest/FtrIcon/ToolNetStar_Remake_7_0.png,Green,Color,No,Yes,1.0,30.0,1.0,2500.0,625.0,0.0,None,None,1x1,None,NA,Nook's Cranny,Available in Nook's Cranny (upgraded only),1.0.0,1.0.0,ToolNetStar_Remake_7_0,7_0,8176.0,YZeGaCuXAbFSpEg3h
star wand,https://acnhcdn.com/latest/FtrIcon/ToolChangeStick.png,NA,NA,Yes,No,NA,Unlimited,1.0,NFS,6500.0,0.0,None,None,1x1,None,NA,Crafting,,1.0.0,1.0.0,ToolChangeStick,NA,2544.0,mMwQ96ZbuiBMzgutd
stone axe,https://acnhcdn.com/latest/FtrIcon/ToolAxeStoneNormal.png,NA,NA,Yes,No,NA,100.0,1.0,NFS,560.0,0.0,None,None,1x1,None,NA,Crafting,,1.0.0,1.0.0,ToolAxeStoneNormal,NA,5856.0,NKHsBuYu25RHWjMBx
tambourine,https://acnhcdn.com/latest/FtrIcon/ToolTambourine.png,NA,NA,No,No,NA,Unlimited,1.0,1500.0,375.0,103.0,None,None,1x1,None,NA,Nook's Cranny,Available in the re-buyable slot in Nook's Cranny,1.0.0,1.0.0,ToolTambourine,NA,5430.0,eYwGmK6fQwz2XJcht
timer,https://acnhcdn.com/latest/FtrIcon/ToolTimer.png,NA,NA,No,No,NA,Unlimited,1.0,840.0,210.0,0.0,None,None,1x1,None,NA,Nook's Cranny,,1.0.0,1.0.0,ToolTimer,NA,3331.0,vEEPnFx9FEcKKuzg2
tree-branch wand,https://acnhcdn.com/latest/FtrIcon/ToolStickTree.png,NA,NA,Yes,No,NA,Unlimited,1.0,NFS,1550.0,0.0,None,None,1x1,None,NA,Crafting,,1.0.0,1.0.0,ToolStickTree,NA,7587.0,KnHhJXtuXEhqcPMTx
tulip wand,https://acnhcdn.com/latest/FtrIcon/ToolStickTulip.png,NA,NA,Yes,No,NA,Unlimited,1.0,NFS,1580.0,0.0,None,None,1x1,None,NA,Crafting,,1.0.0,1.0.0,ToolStickTulip,NA,5085.0,u7ZfCMpDYtPRbK2vc
vaulting pole,https://acnhcdn.com/latest/FtrIcon/LongWoodenStick.png,NA,NA,Yes,No,NA,Unlimited,1.0,NFS,600.0,0.0,None,None,1x1,None,NA,Crafting,,1.0.0,1.0.0,LongWoodenStick,NA,4703.0,2vD5XPKHSCCSjy882
wand,https://acnhcdn.com/latest/FtrIcon/ToolStickWood.png,NA,NA,Yes,No,NA,Unlimited,1.0,NFS,1000.0,0.0,None,None,1x1,None,NA,Crafting,,1.0.0,1.0.0,ToolStickWood,NA,7584.0,2Re2yBHTfLRDiTWRb
watering can,https://acnhcdn.com/latest/FtrIcon/ToolWatering_Remake_0_0.png,Blue,Color,Yes,Yes,1.0,60.0,1.0,2400.0,600.0,0.0,None,None,1x1,None,NA,Crafting,,1.0.0,1.0.0,ToolWatering_Remake_0_0,0_0,2379.0,wLChevsx2T9Sm6yf4
watering can,https://acnhcdn.com/latest/FtrIcon/ToolWatering_Remake_1_0.png,Orange,Color,Yes,Yes,1.0,60.0,1.0,2400.0,600.0,0.0,None,None,1x1,None,NA,Crafting,,1.0.0,1.0.0,ToolWatering_Remake_1_0,1_0,2379.0,29SBgiL9wQWpYmfa4
watering can,https://acnhcdn.com/latest/FtrIcon/ToolWatering_Remake_2_0.png,Green,Color,Yes,Yes,1.0,60.0,1.0,2400.0,600.0,0.0,None,None,1x1,None,NA,Crafting,,1.0.0,1.0.0,ToolWatering_Remake_2_0,2_0,2379.0,m8fFeTsh7z7JgjB6H
watering can,https://acnhcdn.com/latest/FtrIcon/ToolWatering_Remake_3_0.png,Red,Color,Yes,Yes,1.0,60.0,1.0,2400.0,600.0,0.0,None,None,1x1,None,NA,Crafting,,1.0.0,1.0.0,ToolWatering_Remake_3_0,3_0,2379.0,95zusTkvS5ou2wPEC
watering can,https://acnhcdn.com/latest/FtrIcon/ToolWatering_Remake_4_0.png,Purple,Color,Yes,Yes,1.0,60.0,1.0,2400.0,600.0,0.0,None,None,1x1,None,NA,Crafting,,1.0.0,1.0.0,ToolWatering_Remake_4_0,4_0,2379.0,wiAp8rGXiDM3kyxpo
watering can,https://acnhcdn.com/latest/FtrIcon/ToolWatering_Remake_5_0.png,Pink,Color,Yes,Yes,1.0,60.0,1.0,2400.0,600.0,0.0,None,None,1x1,None,NA,Crafting,,1.0.0,1.0.0,ToolWatering_Remake_5_0,5_0,2379.0,JSe4Du3wPtE2TT98X
watering can,https://acnhcdn.com/latest/FtrIcon/ToolWatering_Remake_6_0.png,White,Color,Yes,Yes,1.0,60.0,1.0,2400.0,600.0,0.0,None,None,1x1,None,NA,Crafting,,1.0.0,1.0.0,ToolWatering_Remake_6_0,6_0,2379.0,Z7ggDgjzNii2RWjNQ
watering can,https://acnhcdn.com/latest/FtrIcon/ToolWatering_Remake_7_0.png,Black,Color,Yes,Yes,1.0,60.0,1.0,2400.0,600.0,0.0,None,None,1x1,None,NA,Crafting,,1.0.0,1.0.0,ToolWatering_Remake_7_0,7_0,2379.0,77zFHmNrGhuJAvvjA
wedding wand,https://acnhcdn.com/latest/FtrIcon/ToolStickJune.png,NA,NA,Yes,No,NA,Unlimited,1.0,NFS,3500.0,437.0,None,None,1x1,None,NA,Crafting,,1.2.0,1.2.1c,ToolStickJune,NA,12695.0,syPb2baTrP3zqi66f
windflower wand,https://acnhcdn.com/latest/FtrIcon/ToolStickAnemones.png,NA,NA,Yes,No,NA,Unlimited,1.0,NFS,1580.0,0.0,None,None,1x1,None,NA,Crafting,,1.0.0,1.0.0,ToolStickAnemones,NA,5084.0,ERMKczYuvS6Eff7C9
worn axe,https://acnhcdn.com/latest/FtrIcon/ToolAxeFragile.png,NA,NA,No,No,NA,3.0,1.0,40.0,10.0,0.0,None,None,1x1,None,NA,May Day Tour,Only available during May Day Tour,1.2.0,1.2.0a,ToolAxeFragile,NA,12615.0,xqXJch47cQrNT65jG
