Name,Image,VFX,VFX Type,DIY,Buy,Sell,Color 1,Color 2,Miles Price,Source,Source Notes,Window Type,Window Color,Pane Type,Curtain Type,Curtain Color,Ceiling Type,HHA Base Points,HHA Concept 1,HHA Concept 2,HHA Series,Tag,Catalog,Version Added,Version Unlocked,Filename,Internal ID,Unique Entry ID
abstract wall,https://acnhcdn.com/latest/FtrIcon/RoomTexWallAbstract00.png,No,NA,No,1560.0,390.0,White,Colorful,NA,Nook's Cranny,,Four Pane,Gray Wood,Glass,Roller Shades,White,Cloth,151.0,shop,facility,None,Cloth Walls,For sale,1.0.0,1.0.0,RoomTexWallAbstract00,4873.0,FpdbDr4PMe5WdEZkA
ancient wall,https://acnhcdn.com/latest/FtrIcon/RoomTexWallEgypt00.png,No,NA,No,3000.0,750.0,Beige,Brown,NA,Saharah,,None,NA,NA,None,NA,Stone,451.0,folk art,horror,None,Asia,Not for sale,1.0.0,1.0.0,RoomTexWallEgypt00,4936.0,Y2pykQMhqbEoGGa62
apple wall,https://acnhcdn.com/latest/FtrIcon/RoomTexWallApple00.png,No,NA,Yes,NFS,4000.0,Red,Red,NA,Crafting,,Four Pane,Gray Wood,Glass,Roller Shades,White,Cloth,103.0,fancy,child's room,fruits,Fruit Walls,Not for sale,1.0.0,1.0.0,RoomTexWallApple00,4916.0,roJZFWataeLQK6vqa
aqua tile wall,https://acnhcdn.com/latest/FtrIcon/RoomTexWallTile01.png,No,NA,No,1420.0,355.0,Light blue,Light blue,NA,Nook's Cranny,,Single Pane,White Metal,Glass,Slatted Blinds,White Plastic,Stone,151.0,bathroom,facility,None,Tile Walls,For sale,1.0.0,1.0.0,RoomTexWallTile01,4930.0,6NXvjsdpxJLbd96RM
arched-window wall,https://acnhcdn.com/latest/FtrIcon/RoomSpWallGlass00.png,Yes,NA,No,2150.0,537.0,Brown,Light blue,NA,Nook's Cranny,,None,NA,NA,None,NA,Wood,151.0,shop,expensive,None,Special Walls,For sale,1.0.0,1.0.0,RoomSpWallGlass00,5482.0,TzS5oe6a7KyBezmLS
autumn wall,https://acnhcdn.com/latest/FtrIcon/RoomSpWallAutumun00.png,Yes,Random,Yes,NFS,4700.0,Brown,Orange,NA,Crafting,,None,NA,NA,None,NA,Wood,201.0,garden,None,tree's bounty or leaves ,Special Warm Nature Walls,Not for sale,1.0.0,1.0.0,RoomSpWallAutumun00,4905.0,KfLqJKhWtys8v86ig
backyard-fence wall,https://acnhcdn.com/latest/FtrIcon/RoomSpWallBackyard00.png,Yes,Synchro,No,3000.0,750.0,Light blue,White,NA,Saharah,,None,NA,NA,None,NA,Plain,451.0,garden,None,None,Special Cool Nature Walls,Not for sale,1.0.0,1.0.0,RoomSpWallBackyard00,5481.0,oPYWjEfm7BqHTYipq
bamboo wall,https://acnhcdn.com/latest/FtrIcon/RoomTexWallBamboo00.png,No,NA,Yes,NFS,2400.0,Green,Beige,NA,Crafting,,None,NA,NA,None,NA,Wood,103.0,zen-style,None,bamboo,Nature Walls,Not for sale,1.0.0,1.0.0,RoomTexWallBamboo00,4833.0,MYpD6DoNCPDw6d9t3
bamboo-grove wall,https://acnhcdn.com/latest/FtrIcon/RoomTexWallChikurin00.png,No,NA,Yes,NFS,4300.0,Green,Green,NA,Crafting,,None,NA,NA,None,NA,Wood,201.0,zen-style,None,bamboo,Nature Walls,Not for sale,1.0.0,1.0.0,RoomTexWallChikurin00,4853.0,LbsrED9Rwg6SHTCpa
bamboo-screen wall,https://acnhcdn.com/latest/FtrIcon/RoomTexWallRattan00.png,No,NA,No,1770.0,442.0,Brown,Brown,NA,Nook's Cranny,,None,NA,NA,None,NA,Stone,151.0,zen-style,None,None,Wood Walls,For sale,1.0.0,1.0.0,RoomTexWallRattan00,4836.0,MZt39wkPG6P7iWG2M
bank-vault wall,https://acnhcdn.com/latest/FtrIcon/RoomTexWallSafeBox00.png,No,NA,No,3000.0,750.0,Gray,Gray,NA,Saharah,,None,NA,NA,None,NA,Tile,451.0,facility,expensive,None,Iron Walls,Not for sale,1.0.0,1.0.0,RoomTexWallSafeBox00,4839.0,HrgjLfo8tPzP2zpbE
basic wall,https://acnhcdn.com/latest/FtrIcon/RoomSpWallSimplePanel00.png,Yes,NA,No,600.0,150.0,White,White,NA,Nook's Cranny,,None,NA,NA,None,NA,Tile,151.0,office,facility,None,Special Walls,For sale,1.0.0,1.0.0,RoomSpWallSimplePanel00,5559.0,FJxKPu5W2sd2YWQfA
beaded-curtain wall,https://acnhcdn.com/latest/FtrIcon/RoomTexWallBeadsCurtain00.png,No,NA,No,1720.0,430.0,White,Orange,NA,Nook's Cranny,,Four Pane,Natural Wood,Glass,Curtains,White Lace,Wood,151.0,shop,kitchen,None,Cloth Walls,For sale,1.0.0,1.0.0,RoomTexWallBeadsCurtain00,4877.0,M3mNZS2vSaHaiujcH
beige art-deco wall,https://acnhcdn.com/latest/FtrIcon/RoomTexWallArtDeco00.png,No,NA,No,2780.0,695.0,Beige,Beige,NA,Nook's Cranny,,Arch,Wood,Glass,None,NA,Wood,151.0,child's room,living room,None,Art Deco Walls,For sale,1.0.0,1.0.0,RoomTexWallArtDeco00,4817.0,2zmJaMB2B9i8gLTKt
beige blossoming wall,https://acnhcdn.com/latest/FtrIcon/RoomTexWallCountry00.png,No,NA,No,1760.0,440.0,Beige,Brown,NA,Nook's Cranny,,Four Pane,Natural Wood,Glass,Curtains,Red Checkered,Wood,151.0,fancy,living room,None,Country,For sale,1.0.0,1.0.0,RoomTexWallCountry00,4831.0,CF5325jZx7pNsqb6Z
beige desert-tile wall,https://acnhcdn.com/latest/FtrIcon/RoomTexWallMorocco00.png,No,NA,No,2440.0,610.0,Beige,Beige,NA,Nook's Cranny,,Sliding Pane,White Metal,Glass,None,NA,Stone,151.0,bathroom,facility,None,Morocco,For sale,1.0.0,1.0.0,RoomTexWallMorocco00,4834.0,qZrgjoMjxz9ehXqa4
black botanical-tile wall,https://acnhcdn.com/latest/FtrIcon/RoomTexWallWoodTile03.png,No,NA,No,1240.0,310.0,Black,Black,NA,Nook's Cranny,,Single Pane,Black Metal,Glass,Slatted Blinds,Black Plastic,Stone,151.0,facility,expensive,None,Wood Tile Walls,For sale,1.0.0,1.0.0,RoomTexWallWoodTile03,6877.0,PEcX9J774Ffd6Gn8S
black hallway wall,https://acnhcdn.com/latest/FtrIcon/RoomTexWallHall03.png,No,NA,No,2000.0,500.0,Black,Black,NA,Nook's Cranny,,None,NA,NA,None,NA,Wood,151.0,facility,music,None,Hall Walls,For sale,1.0.0,1.0.0,RoomTexWallHall03,6862.0,pQrYRHsmovBApejNJ
black perforated-board wall,https://acnhcdn.com/latest/FtrIcon/RoomTexWallPegboard02.png,No,NA,No,1180.0,295.0,Black,Black,NA,Nook's Cranny,,None,NA,NA,None,NA,Tile,151.0,music,facility,None,Pegboard Walls,For sale,1.0.0,1.0.0,RoomTexWallPegboard02,4922.0,7fMiJATy4fWP4DpoC
black two-toned tile wall,https://acnhcdn.com/latest/FtrIcon/RoomTexWallTwoToneTile06.png,No,NA,No,1850.0,462.0,Black,Black,NA,Nook's Cranny,,Sliding Pane,White Metal,Glass,None,NA,Stone,151.0,bathroom,facility,None,Two-Tone Tile Walls,For sale,1.0.0,1.0.0,RoomTexWallTwoToneTile06,6859.0,aF8tqscwpShhhsASx
black-brick wall,https://acnhcdn.com/latest/FtrIcon/RoomTexWallBrick02.png,No,NA,No,1000.0,250.0,Black,Black,NA,Nook's Cranny,,Four Pane,Dark Wood,Glass,None,NA,Wood,151.0,facility,shop,None,Brick,For sale,1.0.0,1.0.0,RoomTexWallBrick02,4929.0,tCex7y47sAsaD44Wm
black-crown wall,https://acnhcdn.com/latest/FtrIcon/RoomTexWallCrown01.png,No,NA,No,2350.0,587.0,Black,Black,NA,Nook's Cranny,,None,NA,NA,None,NA,Tile,151.0,expensive,None,None,Crown Walls,For sale,1.0.0,1.0.0,RoomTexWallCrown01,4815.0,4cCAvP8bbCYcyAyBE
blackboard wall,https://acnhcdn.com/latest/FtrIcon/RoomTexWallBlackBoard00.png,No,NA,No,3000.0,750.0,Black,Colorful,NA,Saharah,,None,NA,NA,None,NA,Wood,451.0,shop,school,None,Neta Walls,Not for sale,1.0.0,1.0.0,RoomTexWallBlackBoard00,4882.0,Aseoowo4cuXJqyWaA
blue blossoming wall,https://acnhcdn.com/latest/FtrIcon/RoomTexWallCountry02.png,No,NA,No,1760.0,440.0,Light blue,Blue,NA,Nook's Cranny,,Four Pane,Gray Wood,Glass,Curtains,Blue Checkered,Wood,151.0,fancy,living room,None,Country,For sale,1.0.0,1.0.0,RoomTexWallCountry02,4896.0,SZWxorHWvT7vhGXsj
blue camo wall,https://acnhcdn.com/latest/FtrIcon/RoomTexWallCamouflage01.png,No,NA,No,1150.0,287.0,Blue,Blue,NA,Nook's Cranny,,Single Pane,Gray Wood,Glass,Slatted Blinds,White Plastic,Cloth,151.0,party,child's room,None,Camouflage,For sale,1.0.0,1.0.0,RoomTexWallCamouflage01,4884.0,xQ2EDvGyh76skJyX3
blue delicate-blooms wall,https://acnhcdn.com/latest/FtrIcon/RoomTexWallManor03.png,No,NA,No,1900.0,475.0,Blue,Black,NA,Nook's Cranny,,Four Pane,Dark Wood,Glass,Roller Shades,Undyed,Wood,151.0,expensive,living room,None,Manor Walls,For sale,1.0.0,1.0.0,RoomTexWallManor03,6852.0,7Fb4nvMvoxtCZRQv7
blue desert-tile wall,https://acnhcdn.com/latest/FtrIcon/RoomTexWallMorocco01.png,No,NA,No,2440.0,610.0,Blue,White,NA,Nook's Cranny,,Sliding Pane,White Metal,Glass,None,NA,Stone,151.0,bathroom,facility,None,Morocco,For sale,1.0.0,1.0.0,RoomTexWallMorocco01,4835.0,vgNuogZ2JG2eZEBni
blue diner wall,https://acnhcdn.com/latest/FtrIcon/RoomTexWallDiner00.png,No,NA,No,2420.0,605.0,Blue,Light blue,NA,Nook's Cranny,,Single Pane,White Metal,Glass,Slatted Blinds,White Plastic,Stone,151.0,fancy,shop,None,Diner Walls,For sale,1.0.0,1.0.0,RoomTexWallDiner00,7241.0,GjJT3k3neqwzenXku
blue flower-print wall,https://acnhcdn.com/latest/FtrIcon/RoomTexWallFlower03.png,No,NA,No,1780.0,445.0,Blue,Light blue,NA,Nook's Cranny,,Four Pane,Dark Wood,Glass,Curtains,Light blue,Wood,151.0,fancy,living room,None,Flower Walls,For sale,1.0.0,1.0.0,RoomTexWallFlower03,6873.0,Hfm5a2EozWyQws3Tv
blue heart-pattern wall,https://acnhcdn.com/latest/FtrIcon/RoomTexWallHeart00.png,No,NA,No,1280.0,320.0,Blue,Light blue,NA,Nook's Cranny,,Four Pane,White Wood,Glass,Roller Shades,White,Cloth,151.0,fancy,child's room,None,Heart Walls,For sale,1.0.0,1.0.0,RoomTexWallHeart00,4874.0,9dXvZ4H39kton3Tcj
blue honeycomb-tile wall,https://acnhcdn.com/latest/FtrIcon/RoomTexWallHoneycomb01.png,No,NA,No,1680.0,420.0,Blue,Blue,NA,Nook's Cranny,,Sliding Pane,Black Metal,Glass,None,NA,Stone,151.0,bathroom,facility,None,Honeycomb,For sale,1.0.0,1.0.0,RoomTexWallHoneycomb01,4912.0,Fht6yazsmMqdtEYQb
blue intricate wall,https://acnhcdn.com/latest/FtrIcon/RoomTexWallFlowerPop00.png,No,NA,No,1570.0,392.0,Blue,White,NA,Nook's Cranny,,Four Pane,Gray Wood,Glass,Roller Shades,White,Wood,151.0,living room,shop,None,Flower Pop Walls,For sale,1.0.0,1.0.0,RoomTexWallFlowerPop00,4848.0,p65nAJPAzQRgrjmDk
blue molded-panel wall,https://acnhcdn.com/latest/FtrIcon/RoomTexWallPanelMold01.png,No,NA,No,1980.0,495.0,Blue,Brown,NA,Nook's Cranny,,Sliding Pane,White Metal,Glass,None,NA,Cloth,151.0,expensive,shop,None,Panel Mold Walls,For sale,1.0.0,1.0.0,RoomTexWallPanelMold01,4871.0,NpLfp6Jj3N5SDZJGK
blue painted-wood wall,https://acnhcdn.com/latest/FtrIcon/RoomTexWallPaintWood00.png,No,NA,No,1650.0,412.0,Blue,Light blue,NA,Nook's Cranny,,Four Pane,White Wood,Glass,None,NA,Wood,151.0,fancy,living room,None,Painted Wood,For sale,1.0.0,1.0.0,RoomTexWallPaintWood00,4948.0,taLRgdodXzdzaAqA5
blue playroom wall,https://acnhcdn.com/latest/FtrIcon/RoomTexWallToy00.png,No,NA,No,2540.0,635.0,Light blue,Blue,NA,Nook's Cranny,,Sliding Pane,White Metal,Glass,None,NA,Cloth,151.0,child's room,fancy,None,Toy Walls,For sale,1.0.0,1.0.0,RoomTexWallToy00,4888.0,GFvGWj5w9m6i5eRwu
blue quilt wall,https://acnhcdn.com/latest/FtrIcon/RoomTexWallDollhouse01.png,No,NA,No,2150.0,537.0,Blue,White,NA,Nook's Cranny,,Four Pane,White Wood,Glass,Curtains,White Lace,Cloth,151.0,fancy,child's room,None,Dollhouse Walls,For sale,1.0.0,1.0.0,RoomTexWallDollhouse01,7277.0,PPTLt5GQAdAhgRkxx
blue shanty wall,https://acnhcdn.com/latest/FtrIcon/RoomTexWallTin02.png,No,NA,No,620.0,155.0,Blue,Blue,NA,Nook's Cranny,,Single Pane,Gray Wood,Glass,Slatted Blinds,White Plastic,Stone,151.0,garage,None,None,Tin Walls,For sale,1.0.0,1.0.0,RoomTexWallTin02,4925.0,izNEFpPcp7pZaokHC
blue simple-cloth wall,https://acnhcdn.com/latest/FtrIcon/RoomTexWallSimple03.png,No,NA,No,750.0,187.0,Blue,Light blue,NA,Nook's Cranny,,Four Pane,White Wood,Glass,Curtains,White,Wood,151.0,child's room,living room,None,Simple Walls,For sale,1.0.0,1.0.0,RoomTexWallSimple03,4869.0,KEN3oXsCwXwBcrfyD
blue subway-tile wall,https://acnhcdn.com/latest/FtrIcon/RoomTexWallMetro00.png,No,NA,No,1340.0,335.0,Blue,Light blue,NA,Nook's Cranny,,Sliding Pane,White Metal,Glass,None,NA,Stone,151.0,facility,shop,None,Metro Walls,For sale,1.0.0,1.0.0,RoomTexWallMetro00,4940.0,mJ2HZDvnKgWB4TfXD
blue tile wall,https://acnhcdn.com/latest/FtrIcon/RoomTexWallTile03.png,No,NA,No,1420.0,355.0,Blue,Blue,NA,Nook's Cranny,,Single Pane,White Metal,Glass,Slatted Blinds,White Plastic,Stone,151.0,bathroom,facility,None,Tile Walls,For sale,1.0.0,1.0.0,RoomTexWallTile03,7127.0,gFc6NFYEbm8AqnpNu
blue two-toned tile wall,https://acnhcdn.com/latest/FtrIcon/RoomTexWallTwoToneTile05.png,No,NA,No,1850.0,462.0,Blue,Blue,NA,Nook's Cranny,,Sliding Pane,White Metal,Glass,None,NA,Stone,151.0,bathroom,facility,None,Two-Tone Tile Walls,For sale,1.0.0,1.0.0,RoomTexWallTwoToneTile05,6858.0,97tHxtBzbMechYNAe
blue-crown wall,https://acnhcdn.com/latest/FtrIcon/RoomTexWallCrown00.png,No,NA,No,2350.0,587.0,Blue,Black,NA,Nook's Cranny,,None,NA,NA,None,NA,Tile,151.0,expensive,None,None,Crown Walls,For sale,1.0.0,1.0.0,RoomTexWallCrown00,4814.0,k3b6CntCn3X84TN8X
blue-paint wall,https://acnhcdn.com/latest/FtrIcon/RoomTexWallStucco03.png,No,NA,No,1600.0,400.0,Blue,Blue,NA,Nook's Cranny,,Four Pane,Dark Wood,Glass,None,NA,Stone,151.0,fancy,living room,None,Stucco Walls,For sale,1.0.0,1.0.0,RoomTexWallStucco03,4811.0,Pdr9WyCDQ9MBgG2qf
blue-rose wall,https://acnhcdn.com/latest/FtrIcon/RoomTexWallRose03.png,No,NA,No,1720.0,430.0,Blue,Light blue,NA,Nook's Cranny,,Arch,Gray Metal,Glass,None,NA,Wood,151.0,fancy,living room,None,Rose Walls,For sale,1.0.0,1.0.0,RoomTexWallRose03,6869.0,24hAjZQPsBXg3qHgw
blue-striped wall,https://acnhcdn.com/latest/FtrIcon/RoomTexWallStripe03.png,No,NA,No,1520.0,380.0,Blue,White,NA,Nook's Cranny,,Four Pane,White Wood,Glass,Roller Shades,White,Cloth,151.0,fancy,child's room,None,Stripe Walls,For sale,1.0.0,1.0.0,RoomTexWallStripe03,4945.0,ZN2NXtCWSxQyeY9TF
botanical-tile wall,https://acnhcdn.com/latest/FtrIcon/RoomTexWallWoodTile02.png,No,NA,No,1240.0,310.0,Beige,Yellow,NA,Nook's Cranny,,Single Pane,Natural Wood,Glass,Slatted Blinds,Natural Wood,Stone,151.0,facility,expensive,None,Wood Tile Walls,For sale,1.0.0,1.0.0,RoomTexWallWoodTile02,6876.0,gAvEyZiovXdKht7Db
brown botanical-tile wall,https://acnhcdn.com/latest/FtrIcon/RoomTexWallWoodTile01.png,No,NA,No,1240.0,310.0,Brown,Brown,NA,Nook's Cranny,,Single Pane,Dark Wood,Glass,Slatted Blinds,Dark Brown Wood,Stone,151.0,facility,expensive,None,Wood Tile Walls,For sale,1.0.0,1.0.0,RoomTexWallWoodTile01,4827.0,FBLdaz4BkJbYvtdhy
brown diner wall,https://acnhcdn.com/latest/FtrIcon/RoomTexWallDiner03.png,No,NA,No,2420.0,605.0,Brown,Colorful,NA,Nook's Cranny,,Single Pane,White Metal,Glass,Slatted Blinds,White Plastic,Stone,151.0,fancy,shop,None,Diner Walls,For sale,1.0.0,1.0.0,RoomTexWallDiner03,7244.0,wtnNQikxNEJkL753p
brown hallway wall,https://acnhcdn.com/latest/FtrIcon/RoomTexWallHall00.png,No,NA,No,2000.0,500.0,Brown,Brown,NA,Nook's Cranny,,None,NA,NA,None,NA,Wood,151.0,facility,music,None,Hall Walls,For sale,1.0.0,1.0.0,RoomTexWallHall00,4806.0,hFcaZ4n9ktaGNSTBE
brown herringbone wall,https://acnhcdn.com/latest/FtrIcon/RoomTexWallHerringbone00.png,No,NA,Yes,NFS,1800.0,Brown,Brown,NA,Crafting,,Single Pane,Natural Wood,Glass,Slatted Blinds,Brown Wood,Wood,103.0,living room,shop,None,Herringbone,Not for sale,1.0.0,1.0.0,RoomTexWallHerringbone00,4804.0,oYALopoXWt2ZRT7Ej
brown shanty wall,https://acnhcdn.com/latest/FtrIcon/RoomTexWallTin03.png,No,NA,No,620.0,155.0,Brown,Brown,NA,Nook's Cranny,,Single Pane,Gray Wood,Glass,Slatted Blinds,White Plastic,Stone,151.0,garage,None,None,Tin Walls,For sale,1.0.0,1.0.0,RoomTexWallTin03,4926.0,MHxmHT82gP3odiLwv
brown wedding wall,https://acnhcdn.com/latest/FtrIcon/RoomSpWallChurch01.png,No,NA,No,NFS,750.0,None,None,NA,Cyrus,Only available during Wedding Season,None,NA,NA,None,NA,Stone,437.0,party,expensive,wedding,Cloth Walls,Not for sale,1.2.0,1.2.1c,RoomSpWallChurch01,12468.0,micAswPDNsNS2A2mb
brown-brick wall,https://acnhcdn.com/latest/FtrIcon/RoomTexWallBrick03.png,No,NA,No,1000.0,250.0,Brown,Brown,NA,Nook's Cranny,,Four Pane,Natural Wood,Glass,None,NA,Wood,151.0,facility,shop,None,Brick,For sale,1.0.0,1.0.0,RoomTexWallBrick03,6850.0,BE69b25WcF47xAqdG
brown-crown wall,https://acnhcdn.com/latest/FtrIcon/RoomTexWallCrown03.png,No,NA,No,2350.0,587.0,Brown,Brown,NA,Nook's Cranny,,None,NA,NA,None,NA,Tile,151.0,expensive,None,None,Crown Walls,For sale,1.0.0,1.0.0,RoomTexWallCrown03,6851.0,oL8aBjZoFCFKEEgAg
Bunny Day wall,https://acnhcdn.com/latest/FtrIcon/RoomTexWallEaster00.png,No,NA,Yes,NFS,4800.0,Yellow,Colorful,NA,Crafting,,Four Pane,White Wood,Glass,Curtains,White Lace,Cloth,351.0,fancy,child's room,Bunny Day,Cloth Walls,Not for sale,1.1.0,1.1.0a,RoomTexWallEaster00,5231.0,dEoSTZADDLkvmDHuY
butterflies wall,https://acnhcdn.com/latest/FtrIcon/RoomTexWallInsect00.png,No,NA,No,NFS,840.0,White,Colorful,NA,Bug-Off,,Four Pane,White Wood,Glass,Roller Shades,White,Wood,501.0,fancy,facility,None,Nature Walls,Not for sale,1.0.0,1.0.0,RoomTexWallInsect00,4880.0,gJEmy4shFTnDB9Pjy
cabin wall,https://acnhcdn.com/latest/FtrIcon/RoomTexWallLog00.png,No,NA,Yes,NFS,1800.0,Beige,Beige,NA,Crafting,,Four Pane,Natural Wood,Glass,Curtains,White Lace,Wood,103.0,living room,facility,None,Wood Walls,Not for sale,1.0.0,1.0.0,RoomTexWallLog00,4840.0,sAEWR5uKGAXM6utL7
café-curtain wall,https://acnhcdn.com/latest/FtrIcon/RoomSpWallCafe00.png,Yes,NA,No,3000.0,750.0,Black,White,NA,Saharah,,None,NA,NA,None,NA,Cloth,451.0,shop,expensive,None,Special Walls,Not for sale,1.0.0,1.0.0,RoomSpWallCafe00,5483.0,ficQ2fw73rzF5EJBB
camo wall,https://acnhcdn.com/latest/FtrIcon/RoomTexWallCamouflage00.png,No,NA,No,1150.0,287.0,Black,Green,NA,Nook's Cranny,,Single Pane,Gray Wood,Glass,Slatted Blinds,White Plastic,Plain,151.0,party,child's room,None,Camouflage,For sale,1.0.0,1.0.0,RoomTexWallCamouflage00,4883.0,gBLHTGPLB65iZypbn
chain-link fence,https://acnhcdn.com/latest/FtrIcon/RoomSpWallEmptyLot00.png,Yes,NA,No,3000.0,750.0,Gray,Gray,NA,Saharah,,None,NA,NA,None,NA,Cloth,451.0,garden,garage,None,Special Cool Nature Walls,Not for sale,1.0.0,1.0.0,RoomSpWallEmptyLot00,5485.0,Qwbt8qxT8yN9XfXdR
cherry wall,https://acnhcdn.com/latest/FtrIcon/RoomTexWallCherry00.png,No,NA,Yes,NFS,4000.0,Pink,Red,NA,Crafting,,Four Pane,Gray Wood,Glass,Roller Shades,White,Stone,103.0,child's room,fancy,fruits,Fruit Walls,Not for sale,1.0.0,1.0.0,RoomTexWallCherry00,4919.0,tcMuDzZqtDYs29Asm
cherry-blossom-trees wall,https://acnhcdn.com/latest/FtrIcon/RoomSpWallSakura00.png,Yes,Random,Yes,NFS,4600.0,Brown,Pink,NA,Crafting,,None,NA,NA,None,NA,Wood,201.0,garden,None,cherry blossoms,Special Warm Nature Walls,Not for sale,1.0.0,1.0.0,RoomSpWallSakura00,7205.0,LrRvk9Twg87SSqNR4
chic tearoom wall,https://acnhcdn.com/latest/FtrIcon/RoomTexWallMud03.png,No,NA,No,1750.0,437.0,Black,Black,NA,Nook's Cranny,,Circle,Dark Wood,Screen,None,NA,Wood,151.0,zen-style,shop,None,Tea Room Walls,For sale,1.0.0,1.0.0,RoomTexWallMud03,11176.0,juLfiYnkF3x3wSAMZ
chic wall,https://acnhcdn.com/latest/FtrIcon/RoomTexWallClassic00.png,No,NA,No,1960.0,490.0,Yellow,Beige,NA,Nook's Cranny,,Four Pane,White Wood,Glass,Curtains,White Lace,Wood,151.0,expensive,living room,None,Cloth Walls,For sale,1.0.0,1.0.0,RoomTexWallClassic00,4828.0,QMofvFznsaNcsDTqg
chocolate hallway wall,https://acnhcdn.com/latest/FtrIcon/RoomTexWallHall01.png,No,NA,No,2000.0,500.0,Brown,Brown,NA,Nook's Cranny,,None,NA,NA,None,NA,Wood,151.0,facility,music,None,Hall Walls,For sale,1.0.0,1.0.0,RoomTexWallHall01,4807.0,WZfDqbGb3cACFJWrg
chocolate herringbone wall,https://acnhcdn.com/latest/FtrIcon/RoomTexWallHerringbone01.png,No,NA,Yes,NFS,1800.0,Brown,Brown,NA,Crafting,,Single Pane,Dark Wood,Glass,Slatted Blinds,Dark Brown Wood,Stone,103.0,living room,shop,None,Herringbone,Not for sale,1.0.0,1.0.0,RoomTexWallHerringbone01,4805.0,TpZxYjK6NorSqDMwu
circuit-board wall,https://acnhcdn.com/latest/FtrIcon/RoomTexWallGeek00.png,No,NA,No,3000.0,750.0,Green,Green,NA,Saharah,,None,NA,NA,None,NA,Cloth,451.0,facility,None,None,Neta Walls,Not for sale,1.0.0,1.0.0,RoomTexWallGeek00,4821.0,Ms4DDtXTTGMwXdvvy
cityscape wall,https://acnhcdn.com/latest/FtrIcon/RoomSpWallNightView00.png,Yes,NA,No,3000.0,750.0,Black,Black,NA,Saharah,,None,NA,NA,None,NA,Wood,451.0,shop,expensive,None,Special Walls,Not for sale,1.0.0,1.0.0,RoomSpWallNightView00,5400.0,9B4hFDTD7xM8goPGs
classic-library wall,https://acnhcdn.com/latest/FtrIcon/RoomTexWallLibrary00.png,No,NA,Yes,NFS,1450.0,Black,Black,NA,Crafting,,None,NA,NA,None,NA,Cloth,103.0,den,None,None,Library Walls,Not for sale,1.0.0,1.0.0,RoomTexWallLibrary00,4837.0,YbYmnjKXc49cyT6GB
colorful puzzle wall,https://acnhcdn.com/latest/FtrIcon/RoomTexWallPuzzle01.png,No,NA,No,1540.0,385.0,Colorful,Colorful,NA,Nook's Cranny,,Single Pane,White Metal,Glass,Slatted Blinds,White Plastic,Stone,151.0,fancy,child's room,None,Puzzle Walls,For sale,1.0.0,1.0.0,RoomTexWallPuzzle01,4887.0,gpsYwFiGd3coj2eBS
colorful-tile wall,https://acnhcdn.com/latest/FtrIcon/RoomTexWallTile02.png,No,NA,No,1420.0,355.0,Colorful,Colorful,NA,Nook's Cranny,,Single Pane,White Metal,Glass,Slatted Blinds,White Plastic,Wood,151.0,bathroom,facility,None,Tile Walls,For sale,1.0.0,1.0.0,RoomTexWallTile02,4931.0,yu9xkApAW49Zhhf9i
common wall,https://acnhcdn.com/latest/FtrIcon/RoomTexWallCommon00.png,No,NA,No,800.0,200.0,Beige,Brown,NA,Nook's Cranny,,Four Pane,Natural Wood,Glass,Curtains,White,Stone,151.0,living room,school,None,Stone Walls,For sale,1.0.0,1.0.0,RoomTexWallCommon00,4795.0,nLsLm3SoBAKtH5DmF
concrete wall,https://acnhcdn.com/latest/FtrIcon/RoomTexWallConcrete00.png,No,NA,No,940.0,235.0,Gray,Gray,NA,Nook's Cranny,,Single Pane,Gray Wood,Glass,Slatted Blinds,White Plastic,Stone,151.0,garage,facility,None,Stone Walls,For sale,1.0.0,1.0.0,RoomTexWallConcrete00,4890.0,jmixjxLNuH9jRQhyr
construction-site wall,https://acnhcdn.com/latest/FtrIcon/RoomTexWallBlueSheet00.png,No,NA,No,3000.0,750.0,Blue,Blue,NA,Saharah,,None,NA,NA,None,NA,Wood,451.0,garage,facility,None,Neta Walls,Not for sale,1.0.0,1.0.0,RoomTexWallBlueSheet00,4843.0,gDubZLr2wi622j5De
crepe-design wall,https://acnhcdn.com/latest/FtrIcon/RoomTexWallCrepe00.png,No,NA,No,1550.0,387.0,White,Colorful,NA,Nook's Cranny,,Circle,Gray Wood,Screen,None,NA,Cloth,151.0,zen-style,None,None,Japanese Style,For sale,1.0.0,1.0.0,RoomTexWallCrepe00,4841.0,dBSCiiYyny3ReAbgo
cute blue wall,https://acnhcdn.com/latest/FtrIcon/RoomTexWallCute02.png,No,NA,No,1880.0,470.0,Blue,White,NA,Nook's Cranny,,Four Pane,White Wood,Glass,Curtains,White Lace,Cloth,151.0,fancy,child's room,None,Cute Walls,For sale,1.0.0,1.0.0,RoomTexWallCute02,7217.0,KFhQNtCs6tx9sj7dy
cute red wall,https://acnhcdn.com/latest/FtrIcon/RoomTexWallCute01.png,No,NA,No,1880.0,470.0,Red,White,NA,Nook's Cranny,,Four Pane,Gray Wood,Glass,Curtains,White Lace,Cloth,151.0,fancy,child's room,None,Cute Walls,For sale,1.0.0,1.0.0,RoomTexWallCute01,7216.0,qYZyrdquxzvHErF5n
cute white wall,https://acnhcdn.com/latest/FtrIcon/RoomTexWallCute00.png,No,NA,No,1880.0,470.0,White,White,NA,Nook's Cranny,,Four Pane,Gray Wood,Glass,Curtains,White Lace,Cloth,151.0,fancy,child's room,None,Cute Walls,For sale,1.0.0,1.0.0,RoomTexWallCute00,7215.0,McKcAab2qjAaviYvA
cute yellow wall,https://acnhcdn.com/latest/FtrIcon/RoomTexWallCute03.png,No,NA,No,1880.0,470.0,Yellow,White,NA,Nook's Cranny,,Four Pane,White Wood,Glass,Curtains,White Lace,Stone,151.0,fancy,child's room,None,Cute Walls,For sale,1.0.0,1.0.0,RoomTexWallCute03,7218.0,6j8PFwiuCwkN7GP5b
dark wooden-mosaic wall,https://acnhcdn.com/latest/FtrIcon/RoomTexWallMixPlankWood01.png,No,NA,Yes,NFS,1800.0,Black,Black,NA,Crafting,,Single Pane,Dark Wood,Glass,Slatted Blinds,Dark Brown Wood,Tile,103.0,living room,shop,None,Wood Plank Walls,Not for sale,1.0.0,1.0.0,RoomTexWallMixPlankWood01,4860.0,zZ6oMsuRibBQMkCA7
dark-chocolate wall,https://acnhcdn.com/latest/FtrIcon/RoomTexWallChocolate00.png,No,NA,No,3000.0,750.0,Brown,Brown,NA,Saharah,,None,NA,NA,None,NA,Plain,451.0,fancy,None,None,Chocolate,Not for sale,1.0.0,1.0.0,RoomTexWallChocolate00,4932.0,MWLvj23WuHrEJkMjk
desert vista,https://acnhcdn.com/latest/FtrIcon/RoomSpWallDesert00.png,Yes,Synchro,No,3000.0,750.0,Beige,Gray,NA,Saharah,,None,NA,NA,None,NA,Stone,451.0,folk art,None,None,Special Cool Nature Walls,Not for sale,1.0.0,1.0.0,RoomSpWallDesert00,5488.0,o45mte3eFoaM3ts98
dig-site wall,https://acnhcdn.com/latest/FtrIcon/RoomTexWallStratum00.png,No,NA,No,3000.0,750.0,Brown,Beige,NA,Saharah,,None,NA,NA,None,NA,Wood,451.0,garden,horror,None,Stone Walls,Not for sale,1.0.0,1.0.0,RoomTexWallStratum00,5222.0,Rj3X2dJ5WfYu3wpMP
dirt-clod wall,https://acnhcdn.com/latest/FtrIcon/RoomTexWallOldSoil00.png,No,NA,No,200.0,50.0,Beige,Brown,NA,Nook's Cranny,,Four Pane,Natural Wood,Screen,None,NA,Wood,151.0,horror,None,None,Stone Walls,For sale,1.0.0,1.0.0,RoomTexWallOldSoil00,4856.0,LCJDGnfwuHqkgfxJB
dojo wall,https://acnhcdn.com/latest/FtrIcon/RoomTexWallBaseboards00.png,No,NA,No,3000.0,750.0,Yellow,Beige,NA,Saharah,,None,NA,NA,None,NA,Stone,451.0,fitness,zen-style,None,Wood Walls,Not for sale,1.0.0,1.0.0,RoomTexWallBaseboards00,5227.0,sLYrC9TRZJDMCZjM6
dungeon wall,https://acnhcdn.com/latest/FtrIcon/RoomSpWallJail00.png,Yes,NA,No,3000.0,750.0,Black,Gray,NA,Saharah,,None,NA,NA,None,NA,Wood,451.0,horror,None,None,Special Inorganic Walls,Not for sale,1.0.0,1.0.0,RoomSpWallJail00,5509.0,zcHJb34EruL2Szn87
exquisite wall,https://acnhcdn.com/latest/FtrIcon/RoomTexWallChina00.png,No,NA,No,3000.0,750.0,Brown,White,NA,Saharah,,None,NA,NA,None,NA,Stone,451.0,zen-style,shop,None,Asia,Not for sale,1.0.0,1.0.0,RoomTexWallChina00,4866.0,TPZRP5K6z87YHs6TC
forest wall,https://acnhcdn.com/latest/FtrIcon/RoomTexWallMushForest00.png,No,NA,Yes,NFS,44000.0,Black,Black,NA,Crafting,,None,NA,NA,None,NA,Stone,201.0,garden,None,mush,Nature Walls,Not for sale,1.0.0,1.0.0,RoomTexWallMushForest00,7187.0,ogwkK7pveFmag6MXj
future-tech wall,https://acnhcdn.com/latest/FtrIcon/RoomSpWallTechnology00.png,Yes,Synchro,No,3000.0,750.0,Black,Black,NA,Saharah,,None,NA,NA,None,NA,Plain,451.0,horror,folk art,None,Special Inorganic Walls,Not for sale,1.0.0,1.0.0,RoomSpWallTechnology00,5494.0,JawM9P46KeFwGXdsm
garbage-heap wall,https://acnhcdn.com/latest/FtrIcon/RoomTexWallGarbage00.png,No,NA,Yes,NFS,120.0,Light blue,Gray,NA,Crafting,,None,NA,NA,None,NA,Wood,103.0,garage,horror,None,Neta Walls,Not for sale,1.0.0,1.0.0,RoomTexWallGarbage00,5229.0,KfoTScCc4NZruFYd8
gold-screen wall,https://acnhcdn.com/latest/FtrIcon/RoomTexWallFusumaGorgeous00.png,No,NA,Yes,NFS,20750.0,Yellow,Yellow,NA,Crafting,,None,NA,NA,None,NA,Gold,103.0,zen-style,expensive,None,Japanese Style,Not for sale,1.0.0,1.0.0,RoomTexWallFusumaGorgeous00,4820.0,CucFATJt8EtZmbKFX
golden wall,https://acnhcdn.com/latest/FtrIcon/RoomTexWallGold00.png,No,NA,Yes,NFS,40000.0,Yellow,Brown,NA,Crafting,,None,NA,NA,None,NA,Stone,103.0,expensive,horror,golden,Asia,Not for sale,1.0.0,1.0.0,RoomTexWallGold00,4894.0,uyLj28ErYLEjpYzEF
gray diner wall,https://acnhcdn.com/latest/FtrIcon/RoomTexWallDiner02.png,No,NA,No,2420.0,605.0,White,Colorful,NA,Nook's Cranny,,Single Pane,White Metal,Glass,Slatted Blinds,White Plastic,Cloth,151.0,fancy,shop,None,Diner Walls,For sale,1.0.0,1.0.0,RoomTexWallDiner02,7243.0,eTcpWCGHCzsdGRs7k
gray molded-panel wall,https://acnhcdn.com/latest/FtrIcon/RoomTexWallPanelMold02.png,No,NA,No,1980.0,495.0,Gray,Gray,NA,Nook's Cranny,,Sliding Pane,Black Metal,Glass,None,NA,Stone,151.0,expensive,shop,None,Panel Mold Walls,For sale,1.0.0,1.0.0,RoomTexWallPanelMold02,4872.0,49g9WCb7cvS8kpqDF
gray shanty wall,https://acnhcdn.com/latest/FtrIcon/RoomTexWallTin00.png,No,NA,No,620.0,155.0,Gray,Gray,NA,Nook's Cranny,,Single Pane,Gray Wood,Glass,Slatted Blinds,White Plastic,Cloth,151.0,garage,None,None,Tin Walls,For sale,1.0.0,1.0.0,RoomTexWallTin00,4923.0,7uz4sbe5zSfsa8PqK
gray-striped wall,https://acnhcdn.com/latest/FtrIcon/RoomTexWallStripe02.png,No,NA,No,1520.0,380.0,Gray,White,NA,Nook's Cranny,,Four Pane,White Wood,Glass,Roller Shades,White,Wood,151.0,fancy,child's room,None,Stripe Walls,For sale,1.0.0,1.0.0,RoomTexWallStripe02,4944.0,xWHnQXK7duTWZ8GrD
green blossoming wall,https://acnhcdn.com/latest/FtrIcon/RoomTexWallCountry03.png,No,NA,No,1760.0,440.0,Green,Brown,NA,Nook's Cranny,,Four Pane,Light Wood,Glass,Curtains,Green Checkered,Wood,151.0,fancy,living room,None,Country,For sale,1.0.0,1.0.0,RoomTexWallCountry03,4903.0,ZPCtPY4gYYKPn7ipQ
green delicate-blooms wall,https://acnhcdn.com/latest/FtrIcon/RoomTexWallManor02.png,No,NA,No,1900.0,475.0,Green,Black,NA,Nook's Cranny,,Four Pane,Dark Wood,Glass,Roller Shades,Undyed,Wood,151.0,expensive,living room,None,Manor Walls,For sale,1.0.0,1.0.0,RoomTexWallManor02,4898.0,rsBmsGkcmQYWzEivw
green flower-print wall,https://acnhcdn.com/latest/FtrIcon/RoomTexWallFlower01.png,No,NA,No,1780.0,445.0,Green,Beige,NA,Nook's Cranny,,Four Pane,White Wood,Glass,Curtains,Green,Stone,151.0,fancy,living room,None,Flower Walls,For sale,1.0.0,1.0.0,RoomTexWallFlower01,4935.0,oYN6MCEQENZymoKdm
green honeycomb-tile wall,https://acnhcdn.com/latest/FtrIcon/RoomTexWallHoneycomb02.png,No,NA,No,1680.0,420.0,Green,Green,NA,Nook's Cranny,,Sliding Pane,Gray Metal,Glass,None,NA,Wood,151.0,bathroom,facility,None,Honeycomb,For sale,1.0.0,1.0.0,RoomTexWallHoneycomb02,4913.0,Aws33pgNCEygKeaB4
green intricate wall,https://acnhcdn.com/latest/FtrIcon/RoomTexWallFlowerPop02.png,No,NA,No,1570.0,392.0,Green,White,NA,Nook's Cranny,,Four Pane,Gray Wood,Glass,Roller Shades,White,Cloth,151.0,living room,shop,None,Flower Pop Walls,For sale,1.0.0,1.0.0,RoomTexWallFlowerPop02,6878.0,hD6uCKiZPpJC6eqom
green molded-panel wall,https://acnhcdn.com/latest/FtrIcon/RoomTexWallPanelMold03.png,No,NA,No,1980.0,495.0,Green,White,NA,Nook's Cranny,,Sliding Pane,White Metal,Glass,None,NA,Wood,151.0,fancy,child's room,None,Panel Mold Walls,For sale,1.0.0,1.0.0,RoomTexWallPanelMold03,6854.0,L5cttCqv5dPEpZNwm
green painted-wood wall,https://acnhcdn.com/latest/FtrIcon/RoomTexWallPaintWood01.png,No,NA,No,1650.0,412.0,Green,Green,NA,Nook's Cranny,,Four Pane,White Wood,Glass,None,NA,Cloth,151.0,fancy,child's room,None,Painted Wood,For sale,1.0.0,1.0.0,RoomTexWallPaintWood01,4949.0,wDrM2ExdLkKTKohtr
green playroom wall,https://acnhcdn.com/latest/FtrIcon/RoomTexWallToy02.png,No,NA,No,2540.0,635.0,Green,Green,NA,Nook's Cranny,,Sliding Pane,White Metal,Glass,None,NA,Stone,151.0,child's room,fancy,None,Toy Walls,For sale,1.0.0,1.0.0,RoomTexWallToy02,6866.0,hrZPmBpEgQ8SZm2oe
green wedding wall,https://acnhcdn.com/latest/FtrIcon/RoomSpWallChurch02.png,No,NA,No,NFS,750.0,None,None,NA,Cyrus,Only available during Wedding Season,None,NA,NA,None,NA,Stone,437.0,party,expensive,wedding,Cloth Walls,Not for sale,1.2.0,1.2.1c,RoomSpWallChurch02,12469.0,WvGCWHyf2NKwuiZ7Z
green-paint wall,https://acnhcdn.com/latest/FtrIcon/RoomTexWallStucco04.png,No,NA,No,1600.0,400.0,Green,Green,NA,Nook's Cranny,,Four Pane,Dark Wood,Glass,None,NA,Cloth,151.0,fancy,living room,None,Stucco Walls,For sale,1.0.0,1.0.0,RoomTexWallStucco04,4812.0,3ZHQo8e8Wqgw4cpwy
groovy wall,https://acnhcdn.com/latest/FtrIcon/RoomTexWallPsyche00.png,No,NA,No,1280.0,320.0,Orange,Orange,NA,Nook's Cranny,,Single Pane,Natural Wood,Glass,Slatted Blinds,Brown Wood,Stone,151.0,party,None,None,Cloth Walls,For sale,1.0.0,1.0.0,RoomTexWallPsyche00,4846.0,gt5Bv4qHoaZ9QCyj4
harmonious wall,https://acnhcdn.com/latest/FtrIcon/RoomTexWallOriental00.png,No,NA,No,1780.0,445.0,Brown,Brown,NA,Nook's Cranny,,None,NA,NA,None,NA,Wood,151.0,zen-style,shop,None,Asia,For sale,1.0.0,1.0.0,RoomTexWallOriental00,11180.0,uCzqeq8GvfKRsWRd4
heavy-curtain wall,https://acnhcdn.com/latest/FtrIcon/RoomTexWallThickCurtain00.png,No,NA,No,3000.0,750.0,Red,Black,NA,Saharah,,None,NA,NA,None,NA,Stone,451.0,music,party,None,Cloth Walls,Not for sale,1.0.0,1.0.0,RoomTexWallThickCurtain00,4878.0,mKPtEN398qGZ7Yryu
honeycomb wall,https://acnhcdn.com/latest/FtrIcon/RoomTexWallHoney00.png,No,NA,Yes,NFS,3600.0,Yellow,Yellow,NA,Crafting,,None,NA,NA,None,NA,Stone,103.0,fancy,facility,None,Tile Walls,Not for sale,1.0.0,1.0.0,RoomTexWallHoney00,4865.0,hB3LqvkNidDmzrZ8z
honeycomb-tile wall,https://acnhcdn.com/latest/FtrIcon/RoomTexWallHoneycomb00.png,No,NA,No,1680.0,420.0,Brown,Brown,NA,Nook's Cranny,,Sliding Pane,Black Metal,Glass,None,NA,Stone,151.0,bathroom,facility,None,Honeycomb,For sale,1.0.0,1.0.0,RoomTexWallHoneycomb00,4909.0,S3bCMm6KGHKF6Ynzg
ice wall,https://acnhcdn.com/latest/FtrIcon/RoomSpWallIce00.png,Yes,NA,Yes,NFS,8200.0,Light blue,Light blue,NA,Crafting,,None,NA,NA,None,NA,Plain,444.0,freezing cold,facility,frozen,Special Walls,Not for sale,1.0.0,1.0.0,RoomSpWallIce00,5505.0,d84Y3R4CzrtjCasov
iceberg wall,https://acnhcdn.com/latest/FtrIcon/RoomTexWallIceFloe00.png,No,NA,Yes,NFS,4000.0,Light blue,White,NA,Crafting,,None,NA,NA,None,NA,Stone,201.0,freezing cold,None,None,Neta Walls,Not for sale,1.0.0,1.0.0,RoomTexWallIceFloe00,5662.0,XqrwARWP9bzsmsjiF
imperial wall,https://acnhcdn.com/latest/FtrIcon/RoomTexWallDynasty00.png,No,NA,No,3000.0,750.0,Red,Red,NA,Saharah,,None,NA,NA,None,NA,Stone,451.0,expensive,None,None,Asia,Not for sale,1.0.0,1.0.0,RoomTexWallDynasty00,5224.0,YkuzvDjqXDB9CYHhm
industrial wall,https://acnhcdn.com/latest/FtrIcon/RoomTexWallFactory00.png,No,NA,No,3000.0,750.0,Black,Black,NA,Saharah,,None,NA,NA,None,NA,Stone,451.0,facility,None,None,Iron Walls,Not for sale,1.0.0,1.0.0,RoomTexWallFactory00,4876.0,ao5GCHQqnwssDNRGN
ivy wall,https://acnhcdn.com/latest/FtrIcon/RoomTexWallIvy00.png,No,NA,No,3000.0,750.0,Brown,Green,NA,Saharah,,None,NA,NA,None,NA,Wood,451.0,facility,shop,None,Nature Walls,Not for sale,1.0.0,1.0.0,RoomTexWallIvy00,4850.0,t6XmWqkyhZt8Axyeh
Jingle wall,https://acnhcdn.com/latest/FtrIcon/RoomSpWallXmas00.png,Yes,Synchro,Yes,NFS,2500.0,Green,Colorful,NA,Crafting,,None,NA,NA,None,NA,Stone,201.0,fancy,party,festive,Special Walls,Not for sale,1.0.0,1.0.0,RoomSpWallXmas00,5230.0,ZjBHKK8ckePAaKpxe
jungle wall,https://acnhcdn.com/latest/FtrIcon/RoomTexWallJungle00.png,No,NA,Yes,NFS,1380.0,Green,Green,NA,Crafting,,None,NA,NA,None,NA,Cloth,103.0,garden,facility,None,Nature Walls,Not for sale,1.0.0,1.0.0,RoomTexWallJungle00,5457.0,pJFdFWHgQRiYAn67i
kisses wall,https://acnhcdn.com/latest/FtrIcon/RoomTexWallKiss00.png,No,NA,No,3000.0,750.0,Pink,White,NA,Saharah,,Single Pane,White Metal,Glass,Slatted Blinds,White Plastic,Tile,451.0,party,fancy,None,Cloth Walls,Not for sale,1.0.0,1.0.0,RoomTexWallKiss00,4881.0,ZeuGwoWptbyaQDsbu
laboratory wall,https://acnhcdn.com/latest/FtrIcon/RoomSpWallLabo00.png,Yes,Random,No,3000.0,750.0,Black,Black,NA,Saharah,,None,NA,NA,None,NA,Wood,451.0,facility,None,None,Special Inorganic Walls,Not for sale,1.0.0,1.0.0,RoomSpWallLabo00,5495.0,kNrqC5Xs7RFybYfkN
lattice wall,https://acnhcdn.com/latest/FtrIcon/RoomTexWallLattice00.png,No,NA,No,1780.0,445.0,Brown,Brown,NA,Nook's Cranny,,None,NA,NA,None,NA,Stone,151.0,zen-style,shop,None,Asia,For sale,1.0.0,1.0.0,RoomTexWallLattice00,4830.0,ZQFuCuh6fdtufMYzs
magma-cavern wall,https://acnhcdn.com/latest/FtrIcon/RoomSpWallVolcano00.png,Yes,Synchro,No,3000.0,750.0,Orange,Orange,NA,Saharah,,None,NA,NA,None,NA,Cloth,451.0,horror,None,None,Special Warm Nature Walls,Not for sale,1.0.0,1.0.0,RoomSpWallVolcano00,5506.0,ugvpYYqX4F9bgLbnj
manga-library wall,https://acnhcdn.com/latest/FtrIcon/RoomTexWallLibrary01.png,No,NA,Yes,NFS,1050.0,White,White,NA,Crafting,,None,NA,NA,None,NA,Plain,103.0,facility,den,None,Library Walls,Not for sale,1.0.0,1.0.0,RoomTexWallLibrary01,4838.0,wRBeXRoDHw6Curx44
mangrove wall,https://acnhcdn.com/latest/FtrIcon/RoomTexWallMangrove00.png,No,NA,No,3000.0,750.0,Green,Green,NA,Saharah,,None,NA,NA,None,NA,Wood,451.0,garden,None,None,Nature Walls,Not for sale,1.0.0,1.0.0,RoomTexWallMangrove00,5514.0,j8cYo8ozHYBaAm3JH
marine pop wall,https://acnhcdn.com/latest/FtrIcon/RoomTexWallFish00.png,No,NA,No,NFS,805.0,Light blue,Blue,NA,Fishing Tourney,,Four Pane,Gray Wood,Glass,Roller Shades,White,Plain,501.0,ocean,child's room,None,Cloth Walls,Not for sale,1.0.0,1.0.0,RoomTexWallFish00,4879.0,DmheJHpCg6xk8dX3R
meadow vista,https://acnhcdn.com/latest/FtrIcon/RoomSpWallHighLands00.png,Yes,Synchro,No,3000.0,750.0,Green,Light blue,NA,Saharah,,None,NA,NA,None,NA,Stone,451.0,garden,None,None,Special Cool Nature Walls,Not for sale,1.0.0,1.0.0,RoomSpWallHighLands00,5484.0,QdWj45HftWrWwC3dH
mermaid wall,https://acnhcdn.com/latest/FtrIcon/RoomSpWallMermaid00.png,Yes,,Yes,NFS,23520.0,Pink,Light blue,NA,Crafting,,None,NA,NA,None,NA,Stone,451.0,ocean,fancy,mermaid,Special Warm Nature Walls,Not for sale,1.3.0,1.3.0,RoomSpWallMermaid00,12566.0,MP44TSDm3ADQzbMq2
misty-garden wall,https://acnhcdn.com/latest/FtrIcon/RoomSpWallRain00.png,Yes,Random,No,3000.0,585.0,Gray,Gray,NA,Saharah,,None,NA,NA,None,NA,Cloth,451.0,garden,None,None,Special Cool Nature Walls,Not for sale,1.0.0,1.0.0,RoomSpWallRain00,11915.0,hgiWgFTr76YtZH8sH
mod wall,https://acnhcdn.com/latest/FtrIcon/RoomTexWallMod00.png,No,NA,No,1220.0,305.0,Orange,Orange,NA,Nook's Cranny,,Four Pane,Natural Wood,Glass,Roller Shades,Undyed,Wood,151.0,party,None,None,Cloth Walls,For sale,1.0.0,1.0.0,RoomTexWallMod00,4908.0,Tiya4QoMRwThyKcG8
modern shoji-screen wall,https://acnhcdn.com/latest/FtrIcon/RoomSpWallShojiModem00.png,Yes,NA,No,1150.0,287.0,Brown,White,NA,Nook's Cranny,,None,NA,NA,None,NA,Wood,151.0,zen-style,shop,None,Japanese Style,For sale,1.0.0,1.0.0,RoomSpWallShojiModem00,4864.0,WBh8T7xJBavLRKZpB
modern tearoom wall,https://acnhcdn.com/latest/FtrIcon/RoomTexWallMud02.png,No,NA,No,1750.0,437.0,Brown,Brown,NA,Nook's Cranny,,Circle,Dark Wood,Screen,None,NA,Stone,151.0,zen-style,shop,None,Tea Room Walls,For sale,1.0.0,1.0.0,RoomTexWallMud02,11178.0,Yk5NZC7SSyjDEpnA7
modern wood wall,https://acnhcdn.com/latest/FtrIcon/RoomTexWallMixwood00.png,No,NA,Yes,NFS,1800.0,Brown,Brown,NA,Crafting,,Single Pane,Natural Wood,Glass,Slatted Blinds,Brown Wood,Wood,103.0,living room,child's room,None,Wood Walls,Not for sale,1.0.0,1.0.0,RoomTexWallMixwood00,4904.0,KZjTLMR8uhbpJGQ64
monochromatic dotted wall,https://acnhcdn.com/latest/FtrIcon/RoomTexWallDot00.png,No,NA,No,1100.0,275.0,Gray,White,NA,Nook's Cranny,,Four Pane,Dark Wood,Glass,Curtains,White,Stone,151.0,fancy,child's room,None,Dot,For sale,1.0.0,1.0.0,RoomTexWallDot00,4892.0,SWkrbmL8ME6NeQd9Q
monochromatic-tile wall,https://acnhcdn.com/latest/FtrIcon/RoomTexWallTile00.png,No,NA,No,1420.0,355.0,Gray,White,NA,Nook's Cranny,,Single Pane,White Metal,Glass,Slatted Blinds,White Plastic,Stone,151.0,bathroom,facility,None,Tile Walls,For sale,1.0.0,1.0.0,RoomTexWallTile00,4910.0,6pk8nNbm4EmT3PrBr
mortar wall,https://acnhcdn.com/latest/FtrIcon/RoomTexWallPlaster00.png,No,NA,No,3000.0,750.0,Gray,Gray,NA,Saharah,,None,NA,NA,None,NA,Stone,451.0,zen-style,None,None,Stone Walls,Not for sale,1.0.0,1.0.0,RoomTexWallPlaster00,5215.0,mfRLEniEAEB9YAjCY
mosaic-tile wall,https://acnhcdn.com/latest/FtrIcon/RoomTexWallMosaicTile00.png,No,NA,No,1450.0,362.0,Black,White,NA,Nook's Cranny,,Four Pane,Gray Wood,Glass,Roller Shades,White,Stone,151.0,bathroom,facility,None,Tile Walls,For sale,1.0.0,1.0.0,RoomTexWallMosaicTile00,4862.0,2T8d9sRKwijHhESDS
mossy-garden wall,https://acnhcdn.com/latest/FtrIcon/RoomTexWallMoss00.png,No,NA,No,3000.0,750.0,Green,Green,NA,Saharah,,None,NA,NA,None,NA,Cloth,451.0,zen-style,None,None,Nature Walls,Not for sale,1.0.0,1.0.0,RoomTexWallMoss00,5458.0,nuuPHdxH5skMPdehs
mush wall,https://acnhcdn.com/latest/FtrIcon/RoomTexWallMush00.png,No,NA,Yes,NFS,21400.0,Orange,Brown,NA,Crafting,,Four Pane,White Wood,Glass,Roller Shades,Undyed,Wood,201.0,fancy,None,mush,Cloth Walls,Not for sale,1.0.0,1.0.0,RoomTexWallMush00,5164.0,6xJHWgQgJA9e2n4jJ
Nook Inc. wall,https://acnhcdn.com/latest/FtrIcon/RoomTexWallFirst00.png,No,NA,No,NFS,6000.0,White,Light blue,1200.0,Nook Miles Shop,,Four Pane,Dark Wood,Glass,Curtains,White,Plain,151.0,fancy,shop,None,Cloth Walls,Not for sale,1.0.0,1.0.0,RoomTexWallFirst00,6004.0,e7uEC5di7XvHpvkuk
ocean-horizon wall,https://acnhcdn.com/latest/FtrIcon/RoomSpWallHorizon00.png,Yes,Synchro,No,3000.0,750.0,Blue,Light blue,NA,Saharah,,None,NA,NA,None,NA,Tile,451.0,ocean,None,None,Special Cool Nature Walls,Not for sale,1.0.0,1.0.0,RoomSpWallHorizon00,5486.0,BYpn3AZyJ8PWCAxHj
office wall,https://acnhcdn.com/latest/FtrIcon/RoomTexWallOffice00.png,No,NA,No,3000.0,750.0,White,Light blue,NA,Saharah,,None,NA,NA,None,NA,Wood,451.0,office,None,None,Special Walls,Not for sale,1.0.0,1.0.0,RoomTexWallOffice00,5218.0,gSMtrRvmA9mYgtKtD
old wallpaper,https://acnhcdn.com/latest/FtrIcon/RoomTexWallOld00.png,No,NA,No,200.0,50.0,Beige,Beige,NA,Nook's Cranny,,Four Pane,White Wood,Glass,None,NA,Stone,151.0,horror,None,None,Cloth Walls,For sale,1.0.0,1.0.0,RoomTexWallOld00,4857.0,LvLyyhmz3TH3qjBi4
olive desert-tile wall,https://acnhcdn.com/latest/FtrIcon/RoomTexWallMorocco03.png,No,NA,No,2440.0,610.0,Yellow,Yellow,NA,Nook's Cranny,,Sliding Pane,White Metal,Glass,None,NA,Cloth,151.0,bathroom,facility,None,Morocco,For sale,1.0.0,1.0.0,RoomTexWallMorocco03,6863.0,z5bNEBbKNL56CwQKo
orange camo wall,https://acnhcdn.com/latest/FtrIcon/RoomTexWallCamouflage03.png,No,NA,No,1150.0,287.0,Orange,Orange,NA,Nook's Cranny,,Single Pane,Gray Wood,Glass,Slatted Blinds,White Plastic,Cloth,151.0,party,child's room,None,Camouflage,For sale,1.0.0,1.0.0,RoomTexWallCamouflage03,6855.0,xiaFSrf6okC624pCz
orange molded-panel wall,https://acnhcdn.com/latest/FtrIcon/RoomTexWallPanelMold00.png,No,NA,No,1980.0,495.0,Orange,Beige,NA,Nook's Cranny,,Sliding Pane,White Metal,Glass,None,NA,Cloth,151.0,fancy,child's room,None,Panel Mold Walls,For sale,1.0.0,1.0.0,RoomTexWallPanelMold00,4870.0,zW3vwqmKDGhK68rCJ
orange wall,https://acnhcdn.com/latest/FtrIcon/RoomTexWallOrange00.png,No,NA,Yes,NFS,4000.0,Orange,Orange,NA,Crafting,,Four Pane,Gray Wood,Glass,Roller Shades,White,Stone,103.0,fancy,child's room,fruits,Fruit Walls,Not for sale,1.0.0,1.0.0,RoomTexWallOrange00,4915.0,4GirW6p4notkWfhs7
orange-paint wall,https://acnhcdn.com/latest/FtrIcon/RoomTexWallStucco01.png,No,NA,No,1600.0,400.0,Orange,Orange,NA,Nook's Cranny,,Four Pane,Natural Wood,Glass,None,NA,Stone,151.0,fancy,child's room,None,Stucco Walls,For sale,1.0.0,1.0.0,RoomTexWallStucco01,4809.0,TFsdbmb9sti7Gz3pt
paintball wall,https://acnhcdn.com/latest/FtrIcon/RoomTexWallAtelier00.png,No,NA,No,3000.0,750.0,White,Colorful,NA,Saharah,,Single Pane,Gray Metal,Glass,Slatted Blinds,Aluminium,Stone,451.0,garage,facility,None,Stone Walls,Not for sale,1.0.0,1.0.0,RoomTexWallAtelier00,4854.0,qnE76Sd6WdnihirBL
palace wall,https://acnhcdn.com/latest/FtrIcon/RoomSpWallPalace00.png,Yes,NA,No,3000.0,750.0,Beige,White,NA,Saharah,,None,NA,NA,None,NA,Cloth,451.0,expensive,folk art,None,Special Inorganic Walls,Not for sale,1.0.0,1.0.0,RoomSpWallPalace00,5502.0,fGigBL7P6sRsv25Au
party wall,https://acnhcdn.com/latest/FtrIcon/RoomTexWallParty00.png,No,NA,No,NFS,370.0,Colorful,White,NA,Birthday,,Four Pane,Dark Wood,Glass,Roller Shades,White,Wood,573.0,party,fancy,None,Cloth Walls,Not for sale,1.0.0,1.0.0,RoomTexWallParty00,5226.0,9v4H4NeFMQR9tKLj7
pastel dotted wall,https://acnhcdn.com/latest/FtrIcon/RoomTexWallDot01.png,No,NA,No,1100.0,275.0,White,Colorful,NA,Nook's Cranny,,Four Pane,Dark Wood,Glass,Curtains,White,Cloth,151.0,fancy,child's room,None,Dot,For sale,1.0.0,1.0.0,RoomTexWallDot01,4899.0,m4ha6kr7tPuio5AcL
pastel puzzle wall,https://acnhcdn.com/latest/FtrIcon/RoomTexWallPuzzle00.png,No,NA,No,1540.0,385.0,White,White,NA,Nook's Cranny,,Single Pane,White Metal,Glass,Slatted Blinds,White Plastic,Stone,151.0,fancy,child's room,None,Puzzle Walls,For sale,1.0.0,1.0.0,RoomTexWallPuzzle00,4886.0,b3EvGiavTx8QPHrfP
peach two-toned tile wall,https://acnhcdn.com/latest/FtrIcon/RoomTexWallTwoToneTile04.png,No,NA,No,1850.0,462.0,Pink,Pink,NA,Nook's Cranny,,Sliding Pane,White Metal,Glass,None,NA,Cloth,151.0,bathroom,facility,None,Two-Tone Tile Walls,For sale,1.0.0,1.0.0,RoomTexWallTwoToneTile04,6857.0,m9bGMPzT4cjdMddyY
peach wall,https://acnhcdn.com/latest/FtrIcon/RoomTexWallPeach00.png,No,NA,Yes,NFS,4000.0,Pink,Pink,NA,Crafting,,Four Pane,Gray Wood,Glass,Roller Shades,White,Cloth,103.0,fancy,child's room,fruits,Fruit Walls,Not for sale,1.0.0,1.0.0,RoomTexWallPeach00,4918.0,cpGXBrDm4SXGAXraz
pear wall,https://acnhcdn.com/latest/FtrIcon/RoomTexWallPear00.png,No,NA,Yes,NFS,4000.0,Green,Green,NA,Crafting,,Four Pane,Gray Wood,Glass,Roller Shades,White,Tile,103.0,fancy,child's room,fruits,Fruit Walls,Not for sale,1.0.0,1.0.0,RoomTexWallPear00,4917.0,vtaaw7vsoJD8meQuM
perforated-board wall,https://acnhcdn.com/latest/FtrIcon/RoomTexWallPegboard01.png,No,NA,No,1180.0,295.0,Brown,Brown,NA,Nook's Cranny,,None,NA,NA,None,NA,Wood,151.0,music,facility,None,Pegboard Walls,For sale,1.0.0,1.0.0,RoomTexWallPegboard01,4921.0,BThQrmfp4EnBqyfv3
pink blossoming wall,https://acnhcdn.com/latest/FtrIcon/RoomTexWallCountry01.png,No,NA,No,1760.0,440.0,Pink,Brown,NA,Nook's Cranny,,Four Pane,Dark Wood,Glass,Curtains,Red Checkered,Stone,151.0,fancy,living room,None,Country,For sale,1.0.0,1.0.0,RoomTexWallCountry01,4895.0,zgZSrtarnCJG53AdD
pink diner wall,https://acnhcdn.com/latest/FtrIcon/RoomTexWallDiner01.png,No,NA,No,2420.0,605.0,Pink,Colorful,NA,Nook's Cranny,,Single Pane,White Metal,Glass,Slatted Blinds,White Plastic,Wood,151.0,fancy,shop,None,Diner Walls,For sale,1.0.0,1.0.0,RoomTexWallDiner01,7242.0,MXeKHor4q66HH3GJs
pink flower-print wall,https://acnhcdn.com/latest/FtrIcon/RoomTexWallFlower00.png,No,NA,No,1780.0,445.0,Pink,Pink,NA,Nook's Cranny,,Four Pane,Natural Wood,Glass,Curtains,Pink,Cloth,151.0,fancy,living room,None,Flower Walls,For sale,1.0.0,1.0.0,RoomTexWallFlower00,4893.0,eCN5rZb7sXsoWSCmW
pink heart-pattern wall,https://acnhcdn.com/latest/FtrIcon/RoomTexWallHeart01.png,No,NA,No,1280.0,320.0,Pink,Pink,NA,Nook's Cranny,,Four Pane,White Wood,Glass,Roller Shades,White,Wood,151.0,fancy,child's room,None,Heart Walls,For sale,1.0.0,1.0.0,RoomTexWallHeart01,4875.0,4f732CJdDvXxHDQsd
pink painted-wood wall,https://acnhcdn.com/latest/FtrIcon/RoomTexWallPaintWood02.png,No,NA,No,1650.0,412.0,Pink,Pink,NA,Nook's Cranny,,Four Pane,White Wood,Glass,None,NA,Cloth,151.0,fancy,child's room,None,Painted Wood,For sale,1.0.0,1.0.0,RoomTexWallPaintWood02,4802.0,tjx2TsuHTcr4jaMHM
pink playroom wall,https://acnhcdn.com/latest/FtrIcon/RoomTexWallToy01.png,No,NA,No,2540.0,635.0,Pink,Pink,NA,Nook's Cranny,,Sliding Pane,White Metal,Glass,None,NA,Cloth,151.0,child's room,fancy,None,Toy Walls,For sale,1.0.0,1.0.0,RoomTexWallToy01,4889.0,xYNWemEyTsD9zG8iC
pink quilt wall,https://acnhcdn.com/latest/FtrIcon/RoomTexWallDollhouse00.png,No,NA,No,2150.0,537.0,Pink,White,NA,Nook's Cranny,,Four Pane,White Wood,Glass,Curtains,White Lace,Stone,151.0,fancy,child's room,None,Dollhouse Walls,For sale,1.0.0,1.0.0,RoomTexWallDollhouse00,7274.0,gToedZLPo7MbMvpah
pink shanty wall,https://acnhcdn.com/latest/FtrIcon/RoomTexWallTin01.png,No,NA,No,620.0,155.0,Pink,Pink,NA,Nook's Cranny,,Single Pane,Gray Wood,Glass,Slatted Blinds,White Plastic,Wood,151.0,garage,None,None,Tin Walls,For sale,1.0.0,1.0.0,RoomTexWallTin01,4924.0,WfmPknxrLpp25SMbS
pink simple-cloth wall,https://acnhcdn.com/latest/FtrIcon/RoomTexWallSimple02.png,No,NA,No,750.0,187.0,Pink,Pink,NA,Nook's Cranny,,Four Pane,White Wood,Glass,Curtains,White,Tile,151.0,child's room,living room,None,Simple Walls,For sale,1.0.0,1.0.0,RoomTexWallSimple02,4868.0,mH2zs7NpfPgERmHwm
pink-crown wall,https://acnhcdn.com/latest/FtrIcon/RoomTexWallCrown02.png,No,NA,No,2350.0,587.0,Pink,White,NA,Nook's Cranny,,None,NA,NA,None,NA,Cloth,151.0,fancy,expensive,None,Crown Walls,For sale,1.0.0,1.0.0,RoomTexWallCrown02,4816.0,cwBg3xvzjfh2qm7Lg
pink-striped wall,https://acnhcdn.com/latest/FtrIcon/RoomTexWallStripe01.png,No,NA,No,1520.0,380.0,Pink,White,NA,Nook's Cranny,,Four Pane,White Wood,Glass,Roller Shades,White,Cloth,151.0,fancy,child's room,None,Stripe Walls,For sale,1.0.0,1.0.0,RoomTexWallStripe01,4943.0,Pwd2z87xxFm52tA28
pirate wall,https://acnhcdn.com/latest/FtrIcon/RoomSpWallPirates00.png,Yes,,No,NFS,750.0,Brown,Yellow,NA,Gullivarrr,,None,NA,NA,None,NA,Wood,451.0,ocean,none,pirate,Special Walls,Not for sale,1.3.0,1.3.0,RoomSpWallPirates00,12567.0,DydGczJz6fqyAZJuA
purple camo wall,https://acnhcdn.com/latest/FtrIcon/RoomTexWallCamouflage02.png,No,NA,No,1150.0,287.0,Purple,Purple,NA,Nook's Cranny,,Single Pane,White Metal,Glass,Slatted Blinds,White Plastic,Stone,151.0,party,child's room,None,Camouflage,For sale,1.0.0,1.0.0,RoomTexWallCamouflage02,4885.0,AY2jSyyAd4BD74xQ7
purple desert-tile wall,https://acnhcdn.com/latest/FtrIcon/RoomTexWallMorocco02.png,No,NA,No,2440.0,610.0,Purple,Purple,NA,Nook's Cranny,,Sliding Pane,White Metal,Glass,None,NA,Wood,151.0,bathroom,facility,None,Morocco,For sale,1.0.0,1.0.0,RoomTexWallMorocco02,6864.0,2y5jPPPs3so7APToC
purple dotted wall,https://acnhcdn.com/latest/FtrIcon/RoomTexWallDot04.png,No,NA,No,1100.0,275.0,Purple,White,NA,Nook's Cranny,,Four Pane,Natural Wood,Glass,Curtains,White,Cloth,151.0,fancy,child's room,None,Dot,For sale,1.0.0,1.0.0,RoomTexWallDot04,4902.0,JRu4Xs5kYG4ognk2P
purple puzzle wall,https://acnhcdn.com/latest/FtrIcon/RoomTexWallPuzzle03.png,No,NA,No,1540.0,385.0,Purple,Colorful,NA,Nook's Cranny,,Single Pane,White Metal,Glass,Slatted Blinds,White Plastic,Cloth,151.0,None,None,None,Puzzle Walls,For sale,1.0.0,1.0.0,RoomTexWallPuzzle03,6875.0,iG8MR3f2F2jDsLjT9
purple quilt wall,https://acnhcdn.com/latest/FtrIcon/RoomTexWallDollhouse03.png,No,NA,No,2150.0,537.0,Purple,White,NA,Nook's Cranny,,Four Pane,White Wood,Glass,Curtains,White Lace,Wood,151.0,fancy,child's room,None,Dollhouse Walls,For sale,1.0.0,1.0.0,RoomTexWallDollhouse03,7275.0,tmY5uczEnYXA6fdeQ
purple-rose wall,https://acnhcdn.com/latest/FtrIcon/RoomTexWallRose01.png,No,NA,No,1720.0,430.0,Purple,Purple,NA,Nook's Cranny,,Arch,Gray Metal,Glass,None,NA,Stone,151.0,fancy,None,None,Rose Walls,For sale,1.0.0,1.0.0,RoomTexWallRose01,4907.0,kHEHhFZSfDXTHtZAa
rammed-earth wall,https://acnhcdn.com/latest/FtrIcon/RoomTexWallHanchiku00.png,No,NA,No,1800.0,450.0,Brown,Beige,NA,Nook's Cranny,,None,NA,NA,None,NA,Stone,151.0,folk art,None,None,Stone Walls,For sale,1.0.0,1.0.0,RoomTexWallHanchiku00,4845.0,9AafcLh3QkLp2tdWj
ramshackle wall,https://acnhcdn.com/latest/FtrIcon/RoomTexWallRuins00.png,No,NA,No,3000.0,750.0,Brown,Beige,NA,Saharah,,Four Pane,Dark Wood,Glass,None,NA,Wood,451.0,horror,None,None,Stone Walls,Not for sale,1.0.0,1.0.0,RoomTexWallRuins00,5225.0,bTb98gEchXobwaqdt
red art-deco wall,https://acnhcdn.com/latest/FtrIcon/RoomTexWallArtDeco01.png,No,NA,No,2780.0,695.0,Red,Black,NA,Nook's Cranny,,Arch,Gray Metal,Glass,None,NA,Wood,151.0,child's room,living room,None,Art Deco Walls,For sale,1.0.0,1.0.0,RoomTexWallArtDeco01,4818.0,R3zgKkrxc3ar4y9A8
red delicate-blooms wall,https://acnhcdn.com/latest/FtrIcon/RoomTexWallManor01.png,No,NA,No,1900.0,475.0,Red,Brown,NA,Nook's Cranny,,Four Pane,Dark Wood,Glass,Roller Shades,Undyed,Wood,151.0,expensive,living room,None,Manor Walls,For sale,1.0.0,1.0.0,RoomTexWallManor01,4897.0,F7oWFwEAh4evtkJcb
red dotted wall,https://acnhcdn.com/latest/FtrIcon/RoomTexWallDot02.png,No,NA,No,1100.0,275.0,Red,Red,NA,Nook's Cranny,,Four Pane,White Wood,Glass,Curtains,White,Cloth,151.0,fancy,child's room,None,Dot,For sale,1.0.0,1.0.0,RoomTexWallDot02,4900.0,3mfqbt8sXR88eDfTk
red heart-pattern wall,https://acnhcdn.com/latest/FtrIcon/RoomTexWallHeart03.png,No,NA,No,1280.0,320.0,Red,Red,NA,Nook's Cranny,,Four Pane,White Wood,Glass,Roller Shades,White,Wood,151.0,fancy,child's room,None,Heart Walls,For sale,1.0.0,1.0.0,RoomTexWallHeart03,6870.0,TPrtAkkWJa7KpLady
red intricate wall,https://acnhcdn.com/latest/FtrIcon/RoomTexWallFlowerPop03.png,No,NA,No,1570.0,392.0,Red,White,NA,Nook's Cranny,,Four Pane,Gray Wood,Glass,Roller Shades,White,Tile,151.0,living room,shop,None,Flower Pop Walls,For sale,1.0.0,1.0.0,RoomTexWallFlowerPop03,6879.0,yasngHr44QgXc9tYs
red perforated-board wall,https://acnhcdn.com/latest/FtrIcon/RoomTexWallPegboard03.png,No,NA,No,1180.0,295.0,Red,Red,NA,Nook's Cranny,,None,NA,NA,None,NA,Stone,151.0,music,facility,None,Pegboard Walls,For sale,1.0.0,1.0.0,RoomTexWallPegboard03,6853.0,TCLSE3BdkCQeiM7wX
red two-toned tile wall,https://acnhcdn.com/latest/FtrIcon/RoomTexWallTwoToneTile03.png,No,NA,No,1850.0,462.0,Red,Red,NA,Nook's Cranny,,Sliding Pane,White Metal,Glass,None,NA,Wood,151.0,bathroom,facility,None,Two-Tone Tile Walls,For sale,1.0.0,1.0.0,RoomTexWallTwoToneTile03,6856.0,u9dKmtft32t4cxxiW
red-brick wall,https://acnhcdn.com/latest/FtrIcon/RoomTexWallBrick01.png,No,NA,No,1000.0,250.0,Red,Brown,NA,Nook's Cranny,,Four Pane,Dark Wood,Glass,None,NA,Wood,151.0,facility,shop,None,Brick,For sale,1.0.0,1.0.0,RoomTexWallBrick01,4928.0,Hu3jyiCP23j78PCdX
retro flower-print wall,https://acnhcdn.com/latest/FtrIcon/RoomTexWallKitsch00.png,No,NA,No,1660.0,415.0,Green,Green,NA,Nook's Cranny,,Four Pane,White Wood,Glass,Curtains,White Lace,Plain,151.0,fancy,living room,None,Cloth Walls,For sale,1.0.0,1.0.0,RoomTexWallKitsch00,4847.0,MdWwebM7zyeBdykxp
rice-paddy wall,https://acnhcdn.com/latest/FtrIcon/RoomSpWallFarm00.png,Yes,Synchro,No,3000.0,750.0,Light blue,Green,NA,Saharah,,None,NA,NA,None,NA,Plain,451.0,garden,None,None,Special Cool Nature Walls,Not for sale,1.0.0,1.0.0,RoomSpWallFarm00,5487.0,TnHvGeJGKioxc95mH
ringside seating,https://acnhcdn.com/latest/FtrIcon/RoomSpWallWrestling00.png,Yes,NA,No,3000.0,750.0,Black,Black,NA,Saharah,,None,NA,NA,None,NA,Stone,451.0,fitness,None,None,Special Walls,Not for sale,1.0.0,1.0.0,RoomSpWallWrestling00,5512.0,bg9rQRYAbzeD8rLCw
rock-climbing wall,https://acnhcdn.com/latest/FtrIcon/RoomTexWallBouldering00.png,No,NA,No,3000.0,750.0,White,Colorful,NA,Saharah,,None,NA,NA,None,NA,Wood,451.0,fitness,None,None,Neta Walls,Not for sale,1.0.0,1.0.0,RoomTexWallBouldering00,4851.0,CRvqDNWfXzY2ibXvG
rose wall,https://acnhcdn.com/latest/FtrIcon/RoomTexWallRose00.png,No,NA,No,1720.0,430.0,Red,White,NA,Nook's Cranny,,Arch,Wood,Glass,None,NA,Stone,151.0,fancy,None,None,Rose Walls,For sale,1.0.0,1.0.0,RoomTexWallRose00,4906.0,azgSWFRcgeuopRWrH
ruins wall,https://acnhcdn.com/latest/FtrIcon/RoomTexWallRemains00.png,No,NA,No,3000.0,750.0,Black,Gray,NA,Saharah,,None,NA,NA,None,NA,Stone,451.0,horror,folk art,None,Nature Walls,Not for sale,1.0.0,1.0.0,RoomTexWallRemains00,5228.0,ZHiKhqts5brebhYH9
rustic-stone wall,https://acnhcdn.com/latest/FtrIcon/RoomTexWallStone00.png,No,NA,Yes,NFS,1750.0,Gray,Gray,NA,Crafting,,Four Pane,Dark Wood,Glass,None,NA,Wood,103.0,facility,shop,None,Stone Walls,Not for sale,1.0.0,1.0.0,RoomTexWallStone00,4813.0,xP7S673w2oNwNHowp
sakura-wood wall,https://acnhcdn.com/latest/FtrIcon/RoomTexWallSolidWood00.png,No,NA,Yes,NFS,3200.0,Pink,Pink,NA,Crafting,,Four Pane,Gray Wood,Glass,Curtains,Pink,Tile,201.0,child's room,fancy,cherry blossoms,Wood Walls,Not for sale,1.0.0,1.0.0,RoomTexWallSolidWood00,4947.0,jFtMrj8NBC3o4ALzG
sci-fi wall,https://acnhcdn.com/latest/FtrIcon/RoomSpWallSF00.png,Yes,Random,Yes,NFS,7500.0,Black,Black,NA,Crafting,,None,NA,NA,None,NA,Wood,103.0,space,facility,None,Special Inorganic Walls,Not for sale,1.0.0,1.0.0,RoomSpWallSF00,5510.0,y48TLWMbXCbrWQp5a
screen wall,https://acnhcdn.com/latest/FtrIcon/RoomTexWallFusuma00.png,No,NA,No,3000.0,750.0,White,White,NA,Nook's Cranny,,None,NA,NA,None,NA,Plain,151.0,zen-style,facility,None,Japanese Style,For sale,1.0.0,1.0.0,RoomTexWallFusuma00,4819.0,wk4ST89FjabXnZPXy
sea view,https://acnhcdn.com/latest/FtrIcon/RoomSpWallSeaView00.png,Yes,Synchro,No,3000.0,750.0,Light blue,Blue,NA,Saharah,,None,NA,NA,None,NA,Tile,451.0,ocean,None,None,Special Cool Nature Walls,Not for sale,1.0.0,1.0.0,RoomSpWallSeaView00,5501.0,fHQn9EzoTxznm7nJ9
security-monitors wall,https://acnhcdn.com/latest/FtrIcon/RoomSpWallMonitor00.png,Yes,Random,No,3000.0,750.0,Black,Gray,NA,Saharah,,None,NA,NA,None,NA,Cloth,451.0,facility,None,None,Special Inorganic Walls,Not for sale,1.0.0,1.0.0,RoomSpWallMonitor00,5491.0,N6T3rBvQdYoJoXkrH
sepia puzzle wall,https://acnhcdn.com/latest/FtrIcon/RoomTexWallPuzzle02.png,No,NA,No,1540.0,385.0,Beige,Colorful,NA,Nook's Cranny,,Single Pane,White Metal,Glass,Slatted Blinds,White Plastic,Tile,151.0,fancy,child's room,None,Puzzle Walls,For sale,1.0.0,1.0.0,RoomTexWallPuzzle02,6874.0,2mtYv7D25wDqMWi6P
server-room wall,https://acnhcdn.com/latest/FtrIcon/RoomSpWallServer00.png,Yes,Random,No,3000.0,750.0,Black,Black,NA,Saharah,,None,NA,NA,None,NA,Wood,451.0,facility,None,None,Special Inorganic Walls,Not for sale,1.0.0,1.0.0,RoomSpWallServer00,5490.0,ycnhxNaWfeXEq5x7A
shoji screen,https://acnhcdn.com/latest/FtrIcon/RoomSpWallShoji00.png,Yes,NA,No,1880.0,470.0,Beige,White,NA,Nook's Cranny,,None,NA,NA,None,NA,Stone,151.0,zen-style,None,None,Japanese Style,For sale,1.0.0,1.0.0,RoomSpWallShoji00,4863.0,5RdqeAZAvdCR5QxqM
shutter wall,https://acnhcdn.com/latest/FtrIcon/RoomTexWallShutter00.png,No,NA,No,3000.0,750.0,White,Gray,NA,Saharah,,None,NA,NA,None,NA,Plain,451.0,facility,shop,None,Iron Walls,Not for sale,1.0.0,1.0.0,RoomTexWallShutter00,4825.0,4ez74JDpR9kmiroQr
ski-slope wall,https://acnhcdn.com/latest/FtrIcon/RoomSpWallGelande00.png,Yes,Synchro,Yes,NFS,3200.0,White,White,NA,Crafting,,None,NA,NA,None,NA,Cloth,201.0,freezing cold,None,None,Special Cool Nature Walls,Not for sale,1.0.0,1.0.0,RoomSpWallGelande00,5498.0,hCdDcFDBWEe6pmctp
skull wall,https://acnhcdn.com/latest/FtrIcon/RoomSpWallSkull00.png,Yes,LightOff,No,3000.0,750.0,Black,Black,NA,Nook's Cranny,,Single Pane,Black Metal,Glass,Slatted Blinds,Black Plastic,Plain,151.0,horror,child's room,None,Special Inorganic Walls,For sale,1.0.0,1.0.0,RoomSpWallSkull00,5520.0,7GLt2YDxMDyp8EJth
sky wall,https://acnhcdn.com/latest/FtrIcon/RoomSpWallCloud00.png,Yes,Synchro,No,3000.0,750.0,Light blue,White,NA,Saharah,,None,NA,NA,None,NA,Stone,451.0,fancy,None,None,Special Cool Nature Walls,Not for sale,1.0.0,1.0.0,RoomSpWallCloud00,5504.0,9YmTrPqSZRCvxRtLi
skyscraper wall,https://acnhcdn.com/latest/FtrIcon/RoomTexWallSkyscraper00.png,No,NA,No,3000.0,750.0,Black,Gray,NA,Saharah,,None,NA,NA,None,NA,Cloth,451.0,expensive,None,None,Neta Walls,Not for sale,1.0.0,1.0.0,RoomTexWallSkyscraper00,4852.0,Ah36ZRM9QBHBt7HZF
snowflake wall,https://acnhcdn.com/latest/FtrIcon/RoomTexWallSnowCrystal00.png,No,NA,Yes,NFS,4800.0,Light blue,Light blue,NA,Crafting,,Four Pane,Gray Wood,Glass,Roller Shades,White,Wood,201.0,freezing cold,None,None,Cloth Walls,Not for sale,1.0.0,1.0.0,RoomTexWallSnowCrystal00,4855.0,w5MEjbgphAwDo42mk
soothing tearoom wall,https://acnhcdn.com/latest/FtrIcon/RoomTexWallMud01.png,No,NA,No,1750.0,437.0,White,Beige,NA,Nook's Cranny,,Circle,Natural Wood,Screen,None,NA,Wood,151.0,zen-style,shop,None,Tea Room Walls,For sale,1.0.0,1.0.0,RoomTexWallMud01,11177.0,Bke28iGoY3LhDagx4
stacked-wood wall,https://acnhcdn.com/latest/FtrIcon/RoomTexWallFireWood00.png,No,NA,Yes,NFS,1800.0,Brown,Brown,NA,Crafting,,None,NA,NA,None,NA,Plain,103.0,garage,facility,None,Wood Walls,Not for sale,1.0.0,1.0.0,RoomTexWallFireWood00,4844.0,TZi9bo7GYzJxPJNNe
stadium wall,https://acnhcdn.com/latest/FtrIcon/RoomSpWallStadium00.png,Yes,NA,No,3000.0,750.0,Colorful,Colorful,NA,Saharah,,None,NA,NA,None,NA,Wood,451.0,fitness,None,None,Special Cool Nature Walls,Not for sale,1.0.0,1.0.0,RoomSpWallStadium00,5503.0,oJoGTXMzLnYTpdBaf
standard tearoom wall,https://acnhcdn.com/latest/FtrIcon/RoomTexWallMud00.png,No,NA,No,1750.0,437.0,Green,Green,NA,Nook's Cranny,,Circle,Natural Wood,Screen,None,NA,Cloth,151.0,zen-style,None,None,Tea Room Walls,For sale,1.0.0,1.0.0,RoomTexWallMud00,5521.0,4Zv8KLzxrsm6k53pN
starry wall,https://acnhcdn.com/latest/FtrIcon/RoomSpWallStarPrint00.png,Yes,LightOff,Yes,NFS,7500.0,Gray,White,NA,Crafting,,Four Pane,White Wood,Glass,Roller Shades,White,Plain,103.0,fancy,child's room,None,Special Cool Nature Walls,Not for sale,1.0.0,1.0.0,RoomSpWallStarPrint00,5528.0,sjnLXANKDEPMzdGbn
starry-sky wall,https://acnhcdn.com/latest/FtrIcon/RoomSpWallStarSky00.png,Yes,NA,Yes,NFS,7500.0,Blue,Blue,NA,Crafting,,None,NA,NA,None,NA,Stone,103.0,space,None,stars,Special Cool Nature Walls,Not for sale,1.0.0,1.0.0,RoomSpWallStarSky00,5500.0,iMQgW8pWYPWbj9Qom
stately wall,https://acnhcdn.com/latest/FtrIcon/RoomTexWallRenaissance00.png,No,NA,No,2450.0,612.0,White,White,NA,Nook's Cranny,,None,NA,NA,None,NA,Stone,151.0,expensive,None,None,Asia,For sale,1.0.0,1.0.0,RoomTexWallRenaissance00,4861.0,BdPATBHc8m7YvJzwP
steel-frame wall,https://acnhcdn.com/latest/FtrIcon/RoomTexWallSteel00.png,No,NA,Yes,NFS,6000.0,Red,Gray,NA,Crafting,,None,NA,NA,None,NA,Stone,103.0,garage,facility,None,Iron Walls,Not for sale,1.0.0,1.0.0,RoomTexWallSteel00,4801.0,K2uSKanJ3r6bQt6MG
stone wall,https://acnhcdn.com/latest/FtrIcon/RoomTexWallBasement00.png,No,NA,Yes,NFS,1500.0,Black,Gray,NA,Crafting,,None,NA,NA,None,NA,Plain,103.0,horror,facility,None,Stone Walls,Not for sale,1.0.0,1.0.0,RoomTexWallBasement00,5216.0,8hnPcADHfoEpvgSAS
stormy-night wall,https://acnhcdn.com/latest/FtrIcon/RoomSpWallThunder00.png,Yes,Random,No,3000.0,750.0,Black,Gray,NA,Saharah,,None,NA,NA,None,NA,Stone,451.0,horror,None,None,Special Warm Nature Walls,Not for sale,1.0.0,1.0.0,RoomSpWallThunder00,5499.0,Y3sjyMeHtDFcdBfrM
straw wall,https://acnhcdn.com/latest/FtrIcon/RoomTexWallStraw00.png,No,NA,No,3000.0,750.0,Beige,Beige,NA,Saharah,,None,NA,NA,None,NA,Tile,451.0,folk art,None,None,Wood Walls,Not for sale,1.0.0,1.0.0,RoomTexWallStraw00,5217.0,u3orRaGAX2iwdtCLG
strawberry-chocolate wall,https://acnhcdn.com/latest/FtrIcon/RoomTexWallChocolate02.png,No,NA,No,3000.0,750.0,Pink,Pink,NA,Saharah,,None,NA,NA,None,NA,Stone,451.0,fancy,None,None,Chocolate,Not for sale,1.0.0,1.0.0,RoomTexWallChocolate02,4934.0,G5QeNa2L26MwuCexA
street-art wall,https://acnhcdn.com/latest/FtrIcon/RoomTexWallStreetArt00.png,No,NA,No,3000.0,750.0,Colorful,Colorful,NA,Saharah,,None,NA,NA,None,NA,Plain,451.0,garage,None,None,Neta Walls,Not for sale,1.0.0,1.0.0,RoomTexWallStreetArt00,5221.0,88hCuytidryqimPXr
summit wall,https://acnhcdn.com/latest/FtrIcon/RoomSpWallMountainTop00.png,Yes,Synchro,No,3000.0,750.0,Black,White,NA,Saharah,,None,NA,NA,None,NA,Stone,451.0,garden,None,None,Special Cool Nature Walls,Not for sale,1.0.0,1.0.0,RoomSpWallMountainTop00,5513.0,hFmF2iNjDvLGfF3Rf
tree-lined wall,https://acnhcdn.com/latest/FtrIcon/RoomTexWallRoadsideTree00.png,No,NA,No,3000.0,750.0,Green,Light blue,NA,Saharah,,None,NA,NA,None,NA,Plain,451.0,garden,None,None,Nature Walls,Not for sale,1.0.0,1.0.0,RoomTexWallRoadsideTree00,5456.0,aLzrLXC7Nyk6h6pDw
tropical vista,https://acnhcdn.com/latest/FtrIcon/RoomSpWallTropical00.png,Yes,Synchro,Yes,NFS,6000.0,Light blue,Beige,NA,Crafting,,None,NA,NA,None,NA,Plain,201.0,ocean,None,None,Special Cool Nature Walls,Not for sale,1.0.0,1.0.0,RoomSpWallTropical00,5661.0,sZgNFwEcxpLSAxB4X
underwater wall,https://acnhcdn.com/latest/FtrIcon/RoomSpWallFishTank00.png,Yes,Synchro,Yes,NFS,8600.0,Blue,Light blue,NA,Crafting,,None,NA,NA,None,NA,Stone,201.0,ocean,None,None,Special Cool Nature Walls,Not for sale,1.0.0,1.0.0,RoomSpWallFishTank00,5508.0,QXNnruZcwJursNmjP
wavy-tile wall,https://acnhcdn.com/latest/FtrIcon/RoomTexWallWaveTile00.png,No,NA,No,1740.0,435.0,Gray,White,NA,Nook's Cranny,,None,NA,NA,None,NA,Plain,151.0,shop,facility,None,Tile Walls,For sale,1.0.0,1.0.0,RoomTexWallWaveTile00,4832.0,eLQ2JDZKjrzcnP9gn
wedding-party wall,https://acnhcdn.com/latest/FtrIcon/RoomTexWallJuneBride00.png,No,NA,No,NFS,437.0,None,None,NA,Cyrus,Only available during Wedding Season,None,NA,NA,None,NA,Stone,437.0,party,expensive,wedding,Cloth Walls,Not for sale,1.2.0,1.2.1c,RoomTexWallJuneBride00,12461.0,xT6kyFtbGPpR8nRM3
western vista,https://acnhcdn.com/latest/FtrIcon/RoomSpWallWilderness00.png,Yes,Synchro,No,3000.0,750.0,Brown,Beige,NA,Saharah,,None,NA,NA,None,NA,Stone,451.0,folk art,horror,None,Special Cool Nature Walls,Not for sale,1.0.0,1.0.0,RoomSpWallWilderness00,5489.0,tYFKmm4XzGGGQAcfG
white botanical-tile wall,https://acnhcdn.com/latest/FtrIcon/RoomTexWallWoodTile00.png,No,NA,No,1240.0,310.0,White,White,NA,Nook's Cranny,,Single Pane,White Wood,Glass,Slatted Blinds,White Plastic,Wood,151.0,facility,expensive,None,Wood Tile Walls,For sale,1.0.0,1.0.0,RoomTexWallWoodTile00,4826.0,QyrvwKiKMmNvm7KxR
white delicate-blooms wall,https://acnhcdn.com/latest/FtrIcon/RoomTexWallManor00.png,No,NA,No,1900.0,475.0,White,White,NA,Nook's Cranny,,Four Pane,Dark Wood,Glass,Roller Shades,Undyed,Wood,151.0,expensive,living room,None,Manor Walls,For sale,1.0.0,1.0.0,RoomTexWallManor00,4891.0,ZDpt8b6TTGr2hihP5
white hallway wall,https://acnhcdn.com/latest/FtrIcon/RoomTexWallHall02.png,No,NA,No,2000.0,500.0,White,White,NA,Nook's Cranny,,None,NA,NA,None,NA,Stone,151.0,facility,music,None,Hall Walls,For sale,1.0.0,1.0.0,RoomTexWallHall02,6861.0,HZoM3iHpKrQPBK2Gh
white honeycomb-tile wall,https://acnhcdn.com/latest/FtrIcon/RoomTexWallHoneycomb03.png,No,NA,No,1680.0,420.0,White,White,NA,Nook's Cranny,,Sliding Pane,White Metal,Glass,None,NA,Wood,151.0,bathroom,facility,None,Honeycomb,For sale,1.0.0,1.0.0,RoomTexWallHoneycomb03,4914.0,K8mdzBZZeBLxZEAzZ
white painted-wood wall,https://acnhcdn.com/latest/FtrIcon/RoomTexWallPaintWood03.png,No,NA,No,1650.0,412.0,White,White,NA,Nook's Cranny,,Four Pane,White Wood,Glass,None,NA,Tile,151.0,living room,child's room,None,Painted Wood,For sale,1.0.0,1.0.0,RoomTexWallPaintWood03,4803.0,cN4bnHaw4mruhnMZk
white perforated-board wall,https://acnhcdn.com/latest/FtrIcon/RoomTexWallPegboard00.png,No,NA,No,1180.0,295.0,White,White,NA,Nook's Cranny,,None,NA,NA,None,NA,Wood,151.0,music,facility,None,Pegboard Walls,For sale,1.0.0,1.0.0,RoomTexWallPegboard00,4920.0,krohWS7x49N2hCKrF
white simple-cloth wall,https://acnhcdn.com/latest/FtrIcon/RoomTexWallSimple00.png,No,NA,No,750.0,187.0,White,White,NA,Nook's Cranny,,Four Pane,Light Wood,Glass,Curtains,White,Stone,151.0,child's room,living room,None,Simple Walls,For sale,1.0.0,1.0.0,RoomTexWallSimple00,4939.0,z2Zh2fzFwCbvMDm8J
white subway-tile wall,https://acnhcdn.com/latest/FtrIcon/RoomTexWallMetro01.png,No,NA,No,1340.0,335.0,White,White,NA,Nook's Cranny,,Sliding Pane,White Metal,Glass,None,NA,Wood,151.0,facility,shop,None,Metro Walls,For sale,1.0.0,1.0.0,RoomTexWallMetro01,4941.0,ajXm5zy9pwf7XEyHF
white wedding wall,https://acnhcdn.com/latest/FtrIcon/RoomSpWallChurch00.png,No,NA,No,NFS,750.0,None,None,NA,Cyrus,Only available during Wedding Season,None,NA,NA,None,NA,Stone,437.0,party,expensive,wedding,Cloth Walls,Not for sale,1.2.0,1.2.1c,RoomSpWallChurch00,12466.0,mKuptCLkH2MknX2PN
white-brick wall,https://acnhcdn.com/latest/FtrIcon/RoomTexWallBrick00.png,No,NA,No,1000.0,250.0,White,White,NA,Nook's Cranny,,Four Pane,White Wood,Glass,None,NA,Tile,151.0,facility,shop,None,Brick,For sale,1.0.0,1.0.0,RoomTexWallBrick00,4927.0,htjwxjceb2hc6GxjX
white-chocolate wall,https://acnhcdn.com/latest/FtrIcon/RoomTexWallChocolate01.png,No,NA,No,3000.0,750.0,White,Beige,NA,Saharah,,None,NA,NA,None,NA,Wood,451.0,fancy,None,None,Chocolate,Not for sale,1.0.0,1.0.0,RoomTexWallChocolate01,4933.0,6qMhFdc2nDSvJSCfT
white-rose wall,https://acnhcdn.com/latest/FtrIcon/RoomTexWallRose02.png,No,NA,No,1720.0,430.0,Pink,White,NA,Nook's Cranny,,Arch,Gray Metal,Glass,None,NA,Stone,151.0,fancy,None,None,Rose Walls,For sale,1.0.0,1.0.0,RoomTexWallRose02,6868.0,yksDvcnnKqM7tnzas
wild-wood wall,https://acnhcdn.com/latest/FtrIcon/RoomTexWallWildWood00.png,No,NA,Yes,NFS,1800.0,Black,Black,NA,Crafting,,Single Pane,Dark Wood,Glass,Slatted Blinds,Dark Brown Wood,Wood,103.0,living room,shop,None,Wood Walls,Not for sale,1.0.0,1.0.0,RoomTexWallWildWood00,4858.0,vhJr7B96SnG3xQQCs
wooden-knot wall,https://acnhcdn.com/latest/FtrIcon/RoomTexWallCedar00.png,No,NA,Yes,NFS,1800.0,Brown,Brown,NA,Crafting,,Four Pane,Natural Wood,Glass,Roller Shades,Undyed,Stone,103.0,living room,child's room,None,Wood Walls,Not for sale,1.0.0,1.0.0,RoomTexWallCedar00,4911.0,puQYs9hygxfcQWsjt
wooden-mosaic wall,https://acnhcdn.com/latest/FtrIcon/RoomTexWallMixPlankWood00.png,No,NA,Yes,NFS,1800.0,Brown,Brown,NA,Crafting,,Single Pane,Natural Wood,Glass,Slatted Blinds,Brown Wood,Stone,103.0,living room,shop,None,Wood Plank Walls,Not for sale,1.0.0,1.0.0,RoomTexWallMixPlankWood00,4859.0,RgzoarteJyzD4xSAm
woodland wall,https://acnhcdn.com/latest/FtrIcon/RoomTexWallJukai00.png,No,NA,Yes,NFS,1380.0,Green,Green,NA,Crafting,,None,NA,NA,None,NA,Wood,103.0,horror,facility,None,Nature Walls,Not for sale,1.0.0,1.0.0,RoomTexWallJukai00,5223.0,2B4YTYqnm64vgANY4
yellow flower-print wall,https://acnhcdn.com/latest/FtrIcon/RoomTexWallFlower02.png,No,NA,No,1780.0,445.0,Yellow,Yellow,NA,Nook's Cranny,,Four Pane,Dark Wood,Glass,Curtains,Yellow,Cloth,151.0,fancy,living room,None,Flower Walls,For sale,1.0.0,1.0.0,RoomTexWallFlower02,6872.0,esknqzcAenk8uqzYk
yellow heart-pattern wall,https://acnhcdn.com/latest/FtrIcon/RoomTexWallHeart02.png,No,NA,No,1280.0,320.0,Yellow,Yellow,NA,Nook's Cranny,,Four Pane,White Wood,Glass,Roller Shades,White,Wood,151.0,fancy,child's room,None,Heart Walls,For sale,1.0.0,1.0.0,RoomTexWallHeart02,6871.0,BqWMEqc2tL8CnPAmd
yellow intricate wall,https://acnhcdn.com/latest/FtrIcon/RoomTexWallFlowerPop01.png,No,NA,No,1570.0,392.0,Yellow,White,NA,Nook's Cranny,,Four Pane,Gray Wood,Glass,Roller Shades,White,Cloth,151.0,living room,shop,None,Flower Pop Walls,For sale,1.0.0,1.0.0,RoomTexWallFlowerPop01,4849.0,FrZas8MjMdjDTPvkX
yellow playroom wall,https://acnhcdn.com/latest/FtrIcon/RoomTexWallToy03.png,No,NA,No,2540.0,635.0,Yellow,Yellow,NA,Nook's Cranny,,Sliding Pane,White Metal,Glass,None,NA,Cloth,151.0,child's room,fancy,None,Toy Walls,For sale,1.0.0,1.0.0,RoomTexWallToy03,6865.0,mraytANoYBQvA8qAk
yellow quilt wall,https://acnhcdn.com/latest/FtrIcon/RoomTexWallDollhouse02.png,No,NA,No,2150.0,537.0,Yellow,White,NA,Nook's Cranny,,Four Pane,White Wood,Glass,Curtains,White Lace,Wood,151.0,fancy,child's room,None,Dollhouse Walls,For sale,1.0.0,1.0.0,RoomTexWallDollhouse02,7276.0,ysEdh2vpCpg5qBcNg
yellow simple-cloth wall,https://acnhcdn.com/latest/FtrIcon/RoomTexWallSimple01.png,No,NA,No,750.0,187.0,Beige,Yellow,NA,Nook's Cranny,,Four Pane,White Wood,Glass,Curtains,White,Stone,151.0,child's room,living room,None,Simple Walls,For sale,1.0.0,1.0.0,RoomTexWallSimple01,4867.0,7sSXFNqcYgPMcGY8k
yellow-paint wall,https://acnhcdn.com/latest/FtrIcon/RoomTexWallStucco00.png,No,NA,No,1600.0,400.0,Yellow,Yellow,NA,Nook's Cranny,,Four Pane,Natural Wood,Glass,None,NA,Cloth,151.0,fancy,child's room,None,Stucco Walls,For sale,1.0.0,1.0.0,RoomTexWallStucco00,4808.0,TySAA4kKqyvGGeZ5C
yellow-striped wall,https://acnhcdn.com/latest/FtrIcon/RoomTexWallStripe04.png,No,NA,No,1520.0,380.0,Yellow,Beige,NA,Nook's Cranny,,Four Pane,White Wood,Glass,Roller Shades,White,Cloth,151.0,fancy,child's room,None,Stripe Walls,For sale,1.0.0,1.0.0,RoomTexWallStripe04,4946.0,N6sef3YhY973LDgdR
